0.00000,69.82930,52.42406,41.38189,56.27295,52.95850,37.86318,17.12808,64.65316,68.38953,14.74742,74.27693,9.13157,50.06911,25.56956,35.81610,15.89123,52.59289,65.75174,60.98880,73.46251,33.16755,21.35700,10.17439,60.37806,71.73101,8.76017,77.40963,44.57637,68.51252,45.79019,14.01272,51.42719,9.00014,61.49098,42.02624,63.37504,13.02675,29.56722,52.34429,16.49394,25.13344,37.49704,44.90201,50.88165,21.87456,71.46118,73.74155,24.49204,2.33372,65.22025,16.56751,51.97115,32.53484,67.27505,78.91032,47.06598,39.46616,48.70114,49.48008,31.45855,59.02976,32.45647,42.72316,44.94528,15.19114,41.53442,50.26339,26.49363,24.36209,36.41957,44.77751,26.01339,31.50143,42.39978,36.30373,36.48840,44.03034,10.95003,38.12539,9.28793,57.78072,52.74756,17.74827,47.94943,41.38626,71.80540,10.08294,19.49093,16.34235,32.42141,69.44445,43.07735,12.73364,79.48107,40.97103,19.47019,24.26966,46.92910,67.97008,0.00000
69.82930,0.00000,24.81262,28.93269,18.13508,27.85086,78.30055,71.76810,23.88976,27.51596,81.87535,44.68754,61.40613,51.47415,48.02829,41.84170,85.13768,33.07206,4.88185,29.91840,34.87966,96.10187,80.86546,59.94519,30.60561,20.92273,61.48203,43.04347,98.42096,5.16315,61.11006,83.44369,53.58517,70.45638,10.07128,89.58516,6.50577,72.75158,41.03051,27.41124,53.76482,86.17399,34.29680,25.31187,57.54230,67.05813,39.01129,5.05748,93.64006,71.54027,4.70246,69.62655,19.51413,40.74906,19.32631,34.92514,66.56613,96.50973,30.58007,20.52780,73.15764,10.90714,42.95528,33.63738,51.60778,72.30614,86.88011,51.97344,53.95305,92.38118,33.61140,69.12446,44.17250,77.19580,86.74412,63.35387,36.99099,59.12532,59.54087,60.64954,69.27195,39.82763,26.63064,53.79082,34.11646,45.87163,20.66647,59.75118,86.78550,85.21506,40.65188,9.69665,26.75197,82.54251,32.64280,44.62097,89.12189,93.77037,60.37604,2.54951,69.82930
52.42406,24.81262,0.00000,14.29215,6.69347,3.88852,53.90940,50.08868,12.64923,17.20111,61.99981,30.14606,45.57977,27.13150,27.42162,18.70456,66.19329,9.26984,19.95786,11.97824,24.28797,74.00224,58.98942,42.28221,11.95588,19.30740,43.66401,31.08240,74.56633,27.08128,36.34028,66.43125,29.38097,50.61077,23.26055,65.34801,19.50965,52.00198,23.33282,3.02035,36.03432,64.19021,15.23961,12.83679,33.17145,44.42754,25.00626,26.31042,74.25034,53.61857,21.99484,48.03374,8.49250,20.00876,14.87078,28.52833,41.79511,73.18392,5.80113,12.90642,49.20941,16.34253,20.96724,10.30367,26.83595,51.05324,62.54325,27.64775,31.25228,72.27366,18.66876,44.31186,27.07677,53.39506,62.33243,38.80259,15.97445,34.32158,43.93553,35.97308,49.37120,18.00295,2.38380,34.78716,9.30903,21.13114,19.38164,42.97762,66.62921,65.98049,20.07992,19.38946,16.71610,64.51595,28.29560,19.94549,71.75419,74.76023,35.65621,24.50380,52.42406
41.38189,28.93269,14.29215,0.00000,15.56978,17.05172,52.28361,43.07825,26.62295,31.39626,52.96034,43.86129,33.48974,33.59645,19.39132,16.06631,56.36442,20.57172,24.56065,26.05883,38.57512,67.40579,52.17205,31.30976,25.89636,32.19031,32.82194,45.17743,71.00931,28.60406,39.73538,55.25482,36.01459,41.52759,22.15133,62.95219,22.42873,43.85291,12.10960,16.05734,25.02999,57.48553,6.29573,3.62095,38.94320,38.91887,39.00886,32.49448,64.80907,42.94544,24.53775,40.92805,10.69582,12.67517,27.61577,42.74671,44.82734,68.52555,14.63322,8.43601,46.32062,18.02672,15.58375,11.33606,31.09445,43.49352,60.52689,34.10784,26.31365,63.46261,5.05847,46.20660,15.40732,50.02735,60.59210,38.45208,9.85419,37.32214,31.69773,36.52503,40.34058,29.57094,15.94830,24.86676,17.17280,23.84330,32.19202,31.40577,57.85919,56.38730,12.48249,28.14868,4.45253,53.99131,42.34074,22.33916,60.83233,65.01250,39.56830,27.38240,41.38189
56.27295,18.13508,6.69347,15.56978,0.00000,10.04817,60.36744,55.46532,12.61143,17.67613,66.78010,33.21750,48.79414,33.70620,32.15560,24.45896,70.67214,15.49718,13.27088,15.30018,25.62885,79.60833,64.47500,46.10380,15.64299,16.78543,47.56068,33.28706,80.81959,20.45185,43.03291,70.25878,35.91513,55.31196,17.15337,71.74733,12.88046,57.04254,26.71616,9.44934,39.77971,69.73109,18.83190,12.73060,39.76383,50.14630,27.65824,19.89040,78.91695,57.65870,15.35165,53.36724,5.44656,24.63114,12.26020,28.71307,48.48800,79.23532,12.44500,10.28546,55.47394,10.09285,26.19852,16.01298,33.52828,56.27480,68.98272,34.21791,36.92699,77.17795,20.57693,50.99464,30.34924,59.60491,68.80382,45.32541,20.59467,41.01345,47.04653,42.55925,54.08334,23.51173,8.68332,38.99854,16.00174,27.75000,16.76002,46.48794,71.52867,70.55787,24.62581,13.58496,16.21837,68.67243,27.79580,26.52169,75.73177,79.30064,42.34156,17.81913,56.27295
52.95850,27.85086,3.88852,17.05172,10.04817,0.00000,51.72584,49.34213,11.73978,15.56490,61.74922,26.85848,46.60162,23.69441,27.54103,17.99535,66.17706,5.47865,23.07180,9.09402,21.88541,72.92521,58.08740,42.91596,8.86143,19.27511,44.23009,28.14554,72.68532,30.47796,33.31577,66.91047,25.87983,50.48753,26.99560,63.24702,22.91502,51.56913,24.59403,1.02011,36.79345,63.21094,16.71077,16.14567,29.76034,43.34715,21.96048,28.85836,74.05233,54.00459,25.37331,47.34333,12.37954,20.44092,15.20906,26.62217,38.76694,71.58710,4.32464,16.70120,47.37976,20.00740,20.78264,10.23536,23.83550,50.45478,60.37459,24.20240,30.35125,71.87792,20.94088,41.47645,28.31467,51.63292,60.10229,36.53678,16.60290,31.41045,45.03876,33.55847,49.24674,14.11845,1.50520,35.21460,6.75213,18.74081,19.40425,43.82421,66.25657,65.88470,20.57574,21.46633,19.98740,64.75934,26.76361,17.71992,72.10434,74.66481,32.54253,27.76303,52.95850
37.86318,78.30055,53.90940,52.28361,60.36744,51.72584,0.00000,20.74562,61.52601,62.70962,31.37699,59.12255,41.77800,32.62794,34.57319,36.80442,36.99707,47.71455,73.42754,55.13181,63.65239,28.45700,20.82680,36.64086,54.25507,69.44359,36.05768,63.46248,21.57988,79.54028,21.96965,44.03426,32.04061,28.87219,73.88295,11.57964,72.31091,25.12102,42.95959,51.82338,37.63078,22.52622,45.99470,55.39540,28.67081,17.53470,59.30304,80.20987,39.89230,36.35699,74.75662,21.43486,59.07750,39.72677,66.21879,69.54849,18.51299,22.30258,48.14281,59.86044,7.02113,68.26940,36.70008,44.69256,29.39900,22.77680,8.64877,32.38682,26.39821,35.81097,49.66088,14.44165,42.26234,6.63367,8.44367,15.20119,42.55416,22.49836,42.29400,18.33775,28.62815,46.44002,52.57212,34.67857,44.98290,32.98933,69.65266,39.13172,32.33911,35.76619,39.96656,73.14768,56.36370,39.61023,71.43592,34.03143,45.67583,41.64947,23.40024,77.52316,37.86318
17.12808,71.76810,50.08868,43.07825,55.46532,49.34213,20.74562,0.00000,60.82718,63.56558,14.10328,65.57443,22.08389,39.09889,23.74671,31.42981,19.71712,47.23041,67.15447,55.72536,67.00795,24.34030,9.10014,17.82248,54.95997,68.59064,16.80582,69.31707,30.41366,71.68112,32.11386,24.85096,39.83026,8.12965,65.11049,25.75231,65.31466,4.63060,31.37241,49.02608,21.18292,14.41306,37.47193,46.65657,38.21186,7.14440,63.91765,74.82321,25.92646,15.62850,67.53020,2.15087,52.42596,31.07154,64.52965,72.83667,32.08006,26.53098,45.07777,51.48228,14.55320,60.94121,29.27023,39.78867,34.18184,2.20298,24.83200,39.14196,19.00266,23.02851,38.97520,29.15143,29.09038,14.38858,25.60103,22.00905,34.98154,30.91809,22.99980,24.68251,7.98174,49.90331,49.62531,19.38717,43.09441,33.21440,68.73004,20.05463,17.64405,18.87316,31.14580,69.04466,46.22167,20.78679,74.00448,33.41543,27.91372,27.03465,33.46223,70.38409,17.12808
64.65316,23.88976,12.64923,26.62295,12.61143,11.73978,61.52601,60.82718,0.00000,5.06471,73.42881,21.52872,58.09609,30.64951,39.27844,29.64937,77.90326,13.97634,20.11288,6.87614,13.07636,84.10925,69.44833,54.57648,7.73838,7.95692,55.91137,20.96500,82.87205,28.08365,41.39723,78.62214,32.35252,62.20356,27.40073,73.10560,21.48169,63.19921,35.90573,12.30947,48.40295,74.50034,27.84192,24.51530,36.46732,54.62729,15.80000,22.81211,85.73929,65.72820,23.42952,58.86487,17.89303,32.11855,5.21997,16.25769,46.67050,82.19833,16.05615,22.83621,57.80745,20.76912,32.51870,21.95006,32.40581,62.01574,70.12700,31.08024,41.82841,83.50054,31.22984,49.91299,39.65061,62.12242,69.73701,46.39107,28.20268,39.90578,56.48383,43.18858,60.96332,17.16335,11.92175,46.92044,17.74193,28.92517,8.14877,55.40475,77.89277,77.59826,32.23711,14.81614,28.28111,76.49797,15.71959,28.20209,83.83619,86.37536,40.35067,24.88304,64.65316
68.38953,27.51596,17.20111,31.39626,17.67613,15.56490,62.70962,63.56558,5.06471,0.00000,76.52765,17.20917,62.16480,30.82736,42.86077,32.88945,81.18322,16.34130,24.19934,7.86591,8.08857,86.37614,71.97844,58.40536,8.67676,8.06296,59.69192,16.14512,84.22175,32.04251,41.81325,82.29066,32.23303,65.45764,31.99236,74.25581,25.87519,66.19411,40.12646,16.31428,52.32760,76.92180,32.15262,29.44285,36.31743,57.12146,11.50223,25.68572,88.84145,69.35566,27.64211,61.66894,22.94271,35.94531,8.20263,11.35105,46.89166,83.90013,19.71855,27.89232,59.48214,25.55587,36.00494,25.73045,33.32221,64.87605,71.21917,31.20320,44.66140,86.43365,35.86984,50.37524,43.85753,63.81679,70.75038,47.76518,32.15991,40.57749,60.60348,44.46364,64.22276,16.75196,16.07966,50.64423,20.69034,30.87565,8.34753,59.36803,80.86753,80.81294,36.09519,17.96985,33.24154,79.99032,11.20315,30.36718,87.39675,89.56483,40.64634,28.80283,68.38953
14.74742,81.87535,61.99981,52.96034,66.78010,61.74922,31.37699,14.10328,73.42881,76.52765,0.00000,79.48737,23.62066,53.17799,34.65431,43.77948,5.78727,60.21903,77.50887,68.76728,80.46271,18.60034,10.72800,22.55506,68.04339,80.99824,21.02328,83.13999,31.74292,81.10389,46.07073,12.97931,53.93304,11.47960,74.21914,31.68661,75.36977,10.44031,40.85138,61.31571,28.31768,12.05493,48.09538,56.57686,52.27601,21.24618,77.61308,85.40016,12.31610,12.42387,77.40344,15.48568,63.10243,42.17242,76.75550,86.21874,45.60869,26.08799,57.42796,61.34758,26.78093,70.96995,41.06411,51.77333,48.22692,12.21671,32.13231,53.22960,31.96727,10.50762,48.29603,42.35514,37.76245,24.80920,33.21039,35.95116,46.23219,44.96927,25.30930,38.73663,12.70062,63.59381,61.84684,28.09493,55.86005,46.80183,81.11401,23.59715,4.99650,4.79179,42.16246,80.30126,55.36967,8.49621,87.22528,46.84967,14.40237,13.12726,47.44727,80.22258,14.74742
74.27693,44.68754,30.14606,43.86129,33.21750,26.85848,59.12255,65.57443,21.52872,17.20917,79.48737,0.00000,69.75198,27.08534,49.35180,39.08917,84.75837,23.81229,41.39349,18.24913,10.25247,85.83281,72.85950,65.05462,18.19287,24.27021,66.07975,4.52583,80.43097,49.25168,37.16216,87.50549,27.18973,69.41833,48.92868,70.07855,42.96471,69.09017,49.42624,27.87136,59.66056,77.22611,42.43057,42.93769,30.46572,58.52735,5.73896,42.54216,91.50089,74.73909,44.81172,64.01535,37.83599,43.96110,25.40797,13.75439,41.07519,81.35772,29.53634,42.70624,57.78229,42.22938,42.73266,34.79236,31.58347,67.29889,66.95197,27.19514,48.17396,88.46410,47.37671,45.08501,52.87089,61.96703,66.23146,45.80953,41.04316,36.94053,68.48093,42.46849,68.25334,16.55223,28.09666,57.21041,28.23908,33.03150,24.55638,66.57325,83.20581,84.12717,44.21850,35.06539,46.80476,84.49255,16.63359,33.32390,92.02448,92.56806,35.72315,46.01181,74.27693
9.13157,61.40613,45.57977,33.48974,48.79414,46.60162,41.77800,22.08389,58.09609,62.16480,23.62066,69.75198,0.00000,47.50733,20.42176,30.67126,25.00871,46.99623,57.49250,55.10558,67.85575,41.67257,28.56152,5.71850,54.57743,64.79634,5.80022,72.51939,51.74249,59.84421,45.23730,22.05013,49.19871,14.99135,52.78784,47.83543,55.00987,19.19676,22.26499,45.88560,10.09582,32.98576,30.36587,36.88884,49.38520,24.41548,66.40231,65.48905,33.59301,11.32577,56.75276,20.72572,44.18060,26.34146,60.26467,73.04985,47.52739,47.05902,42.49125,41.29426,34.88499,50.72007,27.05509,36.48227,42.50768,20.71741,46.84915,47.78580,24.11603,33.47298,28.44184,45.94412,18.53640,35.98626,47.56302,36.77295,30.00821,43.15704,1.88315,37.84611,14.51206,53.21516,46.19846,12.74041,42.30180,37.71111,64.84598,3.40000,28.48505,25.47358,26.15578,61.63469,34.72553,21.61218,73.35616,37.00119,27.75761,33.29472,46.16831,59.45720,9.13157
50.06911,51.47415,27.13150,33.59645,33.70620,23.69441,32.62794,39.09889,30.64951,30.82736,53.17799,27.08534,47.50733,0.00000,28.01759,20.06271,58.66337,18.40389,46.74067,23.82890,31.04048,58.75298,45.92764,42.10517,22.94733,38.22336,42.78576,31.21780,54.18654,54.15747,11.02353,62.35397,2.41932,43.90829,50.25547,43.97827,46.58665,42.95589,32.08693,24.25805,37.96710,50.18133,28.64655,35.05927,6.06924,31.96261,26.71053,52.04191,64.92704,50.08716,49.05527,37.73338,34.86926,26.02175,35.75378,36.92486,16.08176,54.61193,21.87539,37.90890,30.73111,43.44653,23.24727,22.35224,5.12652,40.97182,40.88180,0.52559,23.68133,61.70849,34.28634,19.57106,34.41000,34.95584,40.30891,18.73022,25.42944,10.13021,46.66482,15.38321,42.83195,14.11836,25.02295,34.87048,18.19289,10.89200,38.46622,44.12047,56.59581,57.91296,26.36847,44.24015,37.95334,58.93049,38.86635,12.19992,66.39941,66.11555,9.81969,51.45623,50.06911
25.56956,48.02829,27.42162,19.39132,32.15560,27.54103,34.57319,23.74671,39.27844,42.86077,34.65431,49.35180,20.42176,28.01759,0.00000,10.34568,38.77269,27.03895,43.44124,35.41949,47.93123,48.08671,32.84671,15.80991,34.80963,46.60272,16.97124,52.21009,51.95662,47.98289,28.47817,39.43033,29.98302,23.21605,41.51777,44.47541,41.56905,24.92010,8.43227,26.99468,10.36931,38.15878,13.74348,22.93983,31.00065,19.66243,46.14938,51.17349,46.85843,26.49587,43.78516,21.60197,28.76217,7.52517,42.25926,53.34410,32.28485,49.22061,23.24017,27.75812,28.03361,37.19450,6.88767,17.34757,23.32993,24.30618,42.30621,28.36733,8.36481,45.02506,15.65799,32.17869,8.06420,31.34984,42.53241,23.01354,11.57889,26.06824,19.24391,22.43284,21.97972,32.80543,27.45911,7.92662,22.38338,17.59659,46.70017,17.22173,39.37520,38.56345,7.53562,45.71347,22.81350,37.22016,53.92176,16.73387,44.56877,47.34096,29.00747,46.63932,25.56956
35.81610,41.84170,18.70456,16.06631,24.45896,17.99535,36.80442,31.42981,29.64937,32.88945,43.77948,39.08917,30.67126,20.06271,10.34568,0.00000,48.31310,16.80433,37.01879,25.28381,37.64673,55.30229,40.29061,26.15421,24.63255,37.26946,27.29444,41.87668,56.57929,42.78144,24.06321,49.56166,22.33748,32.59249,37.09185,47.87046,35.67058,33.57399,12.05327,17.62174,20.57615,45.48575,9.94145,18.81236,24.42423,25.74516,35.80482,44.25621,56.09071,36.61602,38.08074,29.40052,22.39784,5.96374,33.12651,43.13192,28.95709,54.80228,13.69033,23.10438,31.34591,31.53341,3.67466,8.47231,16.31046,32.48019,45.26291,20.50722,12.54923,53.88268,15.04545,30.16092,14.69721,35.35475,45.21718,22.48669,6.29891,21.59702,29.39358,20.46059,31.35468,22.57494,18.20386,18.27049,12.22421,9.19800,37.39589,27.53101,48.26278,47.97424,6.30882,37.91511,20.44765,47.12457,43.82680,7.86706,54.56195,56.74430,24.08301,40.88439,35.81610
15.89123,85.13768,66.19329,56.36442,70.67214,66.17706,36.99707,19.71712,77.90326,81.18322,5.78727,84.75837,25.00871,58.66337,38.77269,48.31310,0.00000,64.94349,80.90564,73.48900,85.39776,20.55006,16.20039,25.22535,72.79001,85.34848,23.67970,88.33056,35.38189,84.06777,51.78306,8.49264,59.48886,15.72566,77.09234,36.51864,78.64661,15.71790,44.30006,65.68985,31.37525,16.40568,51.86476,59.95355,57.92893,26.83007,82.71359,88.85742,8.61634,13.83709,80.58756,20.93326,66.73815,46.21854,81.02871,91.09851,51.38896,29.44937,61.85336,64.65178,32.55347,74.26465,45.40089,56.07389,53.66787,17.72486,37.22997,58.73198,36.89588,8.96061,51.54189,48.14237,40.98738,30.47411,38.34544,41.66396,50.28062,50.63295,26.83986,44.39737,16.96071,68.71466,66.18581,31.69042,60.49306,51.90753,85.45183,25.74618,6.09118,1.37523,46.17573,84.09518,58.44310,4.63499,92.00501,51.86985,8.68119,8.65000,53.14888,83.37461,15.89123
52.59289,33.07206,9.26984,20.57172,15.49718,5.47865,47.71455,47.23041,13.97634,16.34130,60.21903,23.81229,46.99623,18.40389,27.03895,16.80433,64.94349,0.00000,28.35597,8.54974,20.90348,70.22696,55.69638,42.80445,7.85036,21.93104,44.00495,25.86901,68.96505,35.87848,28.40830,66.36585,20.52453,49.22296,32.47196,59.28813,28.33110,49.86623,25.79439,6.25000,36.95866,60.68635,18.61829,20.41074,24.47090,40.84411,19.63996,33.74290,72.52849,53.41990,30.77431,45.32825,17.66954,20.70122,18.50540,26.32832,33.82848,68.22456,5.93870,21.69725,43.84262,25.48565,20.15602,11.01774,19.04280,48.53492,56.34393,18.90180,28.32216,70.09405,23.65888,36.74004,29.35620,48.15332,55.99845,32.53261,17.41273,26.64771,45.56869,29.39460,47.99297,9.14993,6.93992,34.94240,4.69448,14.95209,22.11681,44.00279,64.53244,64.54274,20.91610,26.07789,24.09706,63.89572,27.06947,14.23877,71.35042,73.27917,27.54044,33.10515,52.59289
65.75174,4.88185,19.95786,24.56065,13.27088,23.07180,73.42754,67.15447,20.11288,24.19934,77.50887,41.39349,57.49250,46.74067,43.44124,37.01879,80.90564,28.35597,0.00000,25.72685,31.92892,91.47263,76.24490,55.77556,26.36239,18.51562,57.30241,40.13111,93.59463,7.99269,56.27995,79.48026,48.88049,66.06036,9.06080,84.72388,2.96015,68.25046,36.66685,22.59914,49.54015,81.54788,29.69778,20.95658,52.80986,62.33238,35.66438,7.99754,89.36639,67.40046,3.53916,65.01820,14.77231,36.09544,16.04887,32.70311,61.73607,91.73713,25.71319,16.27569,68.31431,6.79379,38.21677,28.77856,46.77556,67.74342,82.01148,47.24382,49.19508,88.00628,29.37739,64.26551,39.91958,72.36671,81.87090,58.47297,32.28131,54.27852,55.64255,55.76819,64.86492,35.40780,21.81986,49.41457,29.26607,40.99477,18.29551,55.69648,82.39302,80.94332,36.01147,7.67610,22.76902,78.43075,30.69438,39.74074,85.12573,89.55027,55.56276,4.87468,65.75174
60.98880,29.91840,11.97824,26.05883,15.30018,9.09402,55.13181,55.72536,6.87614,7.86591,68.76728,18.24913,55.10558,23.82890,35.41949,25.28381,73.48900,8.54974,25.72685,0.00000,12.87488,78.51682,64.11516,51.10804,0.88671,14.44252,52.34790,19.13276,76.58518,33.69636,34.65531,74.81748,25.49079,57.76671,31.95123,66.70094,26.59122,58.40872,33.39888,10.04518,45.14558,69.05591,25.68319,24.81474,29.60660,49.25828,13.02809,29.35688,81.07563,61.87116,28.78552,53.84104,19.62634,28.76895,12.07614,17.95916,39.88359,76.14254,12.71736,24.46582,51.72062,24.96097,28.53403,18.66069,25.83259,57.05779,63.69005,24.25021,36.85520,78.62222,30.03491,43.19621,37.07513,56.05246,63.26004,40.09271,25.17504,33.24733,53.61162,36.82615,56.53570,10.31555,10.11067,43.28118,13.06379,23.02695,14.67519,52.20005,73.06840,73.09183,28.94996,21.34556,28.69377,72.40505,18.54395,22.50190,79.84566,81.82891,33.57413,30.59503,60.98880
73.46251,34.87966,24.28797,38.57512,25.62885,21.88541,63.65239,67.00795,13.07636,8.08857,80.46271,10.25247,67.85575,31.04048,47.93123,37.64673,85.39776,20.90348,31.92892,12.87488,0.00000,88.86164,75.00169,63.70739,13.31508,14.14731,64.90146,8.20244,85.22219,39.61758,41.95224,87.17147,31.89829,69.73393,39.97813,75.01652,33.77570,70.03348,46.26665,22.78899,57.84411,79.72694,38.54927,36.93618,35.74735,60.24191,5.43886,32.45121,92.71319,74.23504,35.42501,65.23822,30.77987,41.51939,15.90442,5.93391,46.58262,85.47503,25.58635,35.74432,61.25520,33.62651,41.05403,31.49502,34.56306,68.50545,71.91638,31.30886,48.51833,90.03085,42.76878,50.37192,49.93311,65.56535,71.32582,49.26462,38.01006,41.15948,66.39395,45.88484,68.51834,17.45424,22.74309,55.84215,25.58759,33.79768,14.42762,64.89347,84.56663,84.91824,41.71514,25.19083,40.78829,84.57583,7.92642,33.63002,92.06602,93.58235,40.63065,36.37534,73.46251
33.16755,96.10187,74.00224,67.40579,79.60833,72.92521,28.45700,24.34030,84.10925,86.37614,18.60034,85.83281,41.67257,58.75298,48.08671,55.30229,20.55006,70.22696,91.47263,78.51682,88.86164,0.00000,15.24016,39.51633,77.69947,91.99943,38.09568,89.95521,16.45921,96.00285,49.17367,28.90571,58.74726,27.46901,89.38857,21.88393,89.65303,24.06060,55.60587,72.70503,44.40778,9.92831,61.80522,70.99053,55.95973,29.59244,85.13616,99.10208,16.93034,30.83504,91.87044,26.48700,76.72676,55.37784,88.12441,94.78629,46.64504,10.43950,68.75511,75.81745,28.08559,85.28110,53.43343,63.75632,54.50241,23.98881,24.02630,58.63777,42.75332,13.05996,63.22034,42.66486,53.10085,24.03344,25.21393,40.02378,59.24376,48.99911,43.22026,43.37432,28.40446,71.41968,73.34791,43.23404,66.42592,55.50839,92.15969,41.05817,14.67353,19.29977,55.46184,93.15742,70.46345,25.14062,96.27467,56.02746,26.84531,18.96292,50.65201,94.72428,33.16755
21.35700,80.86546,58.98942,52.17205,64.47500,58.08740,20.82680,9.10014,69.44833,71.97844,10.72800,72.85950,28.56152,45.92764,32.84671,40.29061,16.20039,55.69638,76.24490,64.11516,75.00169,15.24016,0.00000,25.37500,63.32435,77.27662,24.09612,76.78244,23.27935,80.77280,37.56810,23.66712,46.31698,13.59104,74.18221,21.34962,74.41399,9.54620,40.41708,57.81593,29.65580,5.31378,46.56872,55.75357,44.12081,14.85698,71.62116,83.89659,19.72768,19.22401,76.63030,11.24728,61.50798,40.15443,73.29530,80.88529,36.32413,18.51737,53.86214,60.57991,16.99950,70.04119,38.27854,48.70717,41.27603,8.91505,21.52767,45.89559,27.76421,16.03122,48.02803,32.77565,38.01727,14.38858,22.57432,27.63531,44.04283,36.84753,29.84528,30.76282,14.23976,57.68798,58.43626,28.20328,51.71016,41.28191,77.42540,27.26262,11.68867,14.94812,40.23367,78.04391,55.27437,19.18243,82.19550,41.64392,24.86691,21.28814,39.01164,79.48417,21.35700
10.17439,59.94519,42.28221,31.30976,46.10380,42.91596,36.64086,17.82248,54.57648,58.40536,22.55506,65.05462,5.71850,42.10517,15.80991,26.15421,25.22535,42.80445,55.77556,51.10804,63.70739,39.51633,25.37500,0.00000,50.52668,61.58904,1.54960,67.99464,48.10724,58.84757,39.54005,24.18234,43.72803,12.05303,51.88615,43.40208,53.46432,15.83100,19.41021,42.27547,6.32559,30.22843,27.32270,34.86162,43.78862,19.13689,61.95250,63.75096,33.78910,11.63575,55.37712,16.17206,41.84887,22.47513,57.12146,69.06113,41.81113,43.81897,38.69047,39.50203,29.67257,49.09426,22.65928,32.68903,37.06145,16.84414,42.19042,42.36504,18.55325,32.94451,26.40030,40.26284,15.90646,31.11195,42.83212,31.06487,26.38060,37.47941,5.71402,32.13076,11.19425,48.50367,42.65889,7.88373,38.12783,32.59054,61.66008,2.52809,27.55137,25.38736,22.34393,59.31035,33.22493,22.68177,69.53931,31.98360,29.62881,33.83693,40.48625,58.15721,10.17439
60.37806,30.60561,11.95588,25.89636,15.64299,8.86143,54.25507,54.95997,7.73838,8.67676,68.04339,18.19287,54.57743,22.94733,34.80963,24.63255,72.79001,7.85036,26.36239,0.88671,13.31508,77.69947,63.32435,50.52668,0.00000,15.32922,51.75443,19.28552,75.71375,34.31736,33.76911,74.18486,24.61845,57.07104,32.42873,65.82312,27.15678,57.67472,32.96030,9.84216,44.59502,68.25350,25.31452,24.77100,28.73396,48.46827,13.11726,30.12806,80.34846,61.23804,29.37890,53.08440,19.80355,28.23599,12.92587,18.53712,38.99946,75.28700,12.29075,24.59522,50.86513,25.41321,27.92205,18.18000,24.94917,56.30675,62.81068,23.36999,36.11413,77.87351,29.77395,42.30965,36.61998,55.19770,62.37879,39.22335,24.69527,32.36095,53.09882,35.95300,55.84162,9.49332,9.97513,42.68718,12.43066,22.20001,15.56181,51.64887,72.32642,72.38312,28.42440,22.12206,28.64570,71.74129,19.21921,21.69685,79.19085,81.11381,32.68924,31.23489,60.37806
71.73101,20.92273,19.30740,32.19031,16.78543,19.27511,69.44359,68.59064,7.95692,8.06296,80.99824,24.27021,64.79634,38.22336,46.60272,37.26946,85.34848,21.93104,18.51562,14.44252,14.14731,91.99943,77.27662,61.58904,15.32922,0.00000,62.97107,22.20690,90.81531,25.83140,49.09288,85.73704,39.79266,69.69366,27.19802,81.02204,20.78408,70.84184,42.53189,19.68262,55.33419,82.35702,34.43370,29.50953,43.90334,62.48012,18.81575,18.30423,93.29214,72.91108,22.05414,66.60425,22.16908,39.27272,4.57719,14.18767,54.29775,90.15471,23.58289,26.73799,65.76425,21.72375,39.96177,29.27461,40.23998,69.72593,78.03292,38.63135,49.58934,91.15068,37.09131,57.63741,46.26176,70.07933,77.62819,54.32671,35.26275,47.68555,63.11846,51.10945,68.45244,24.35858,19.16483,54.07613,25.58039,36.88147,0.29155,62.25573,85.52668,85.08888,39.35818,11.25003,32.98001,83.77973,12.27846,36.14776,91.04549,93.87200,47.99803,22.61892,71.73101
8.76017,61.48203,43.66401,32.82194,47.56068,44.23009,36.05768,16.80582,55.91137,59.69192,21.02328,66.07975,5.80022,42.78576,16.97124,27.29444,23.67970,44.00495,57.30241,52.34790,64.90146,38.09568,24.09612,1.54960,51.75443,62.97107,0.00000,69.07764,46.96001,60.39563,39.83868,22.77094,44.34942,10.66305,53.43539,42.49257,54.99916,14.55260,20.88833,43.60457,7.80645,28.88158,28.76067,36.38037,44.27475,18.63808,63.06276,65.27504,32.24059,10.12969,56.91750,15.26125,43.34190,23.79454,58.51522,70.29154,41.92124,42.57853,39.98689,41.03055,29.13417,50.62690,23.84896,33.99656,37.71293,15.69924,41.36889,43.03051,19.13970,31.40132,27.92540,40.23146,17.41510,30.37986,42.04216,31.12945,27.73346,37.83414,6.27744,32.35055,9.86724,49.53646,44.00032,9.06728,39.33936,33.46675,63.04527,3.25000,26.01895,23.83796,23.67472,60.79579,34.76701,21.17643,70.80790,32.91319,28.17468,32.29498,40.82707,59.69938,8.76017
77.40963,43.04347,31.08240,45.17743,33.28706,28.14554,63.46248,69.31707,20.96500,16.14512,83.13999,4.52583,72.51939,31.21780,52.21009,41.87668,88.33056,25.86901,40.13111,19.13276,8.20244,89.95521,76.78244,67.99464,19.28552,22.20690,69.07764,0.00000,84.82478,47.81059,41.49290,90.80713,31.46062,72.87490,48.12724,74.48240,41.95746,72.71574,51.66297,29.12745,62.42668,81.23309,44.34238,43.91015,34.84083,62.32157,6.24510,40.46580,95.22965,77.96814,43.62535,67.70167,38.23442,46.43469,24.10064,9.97653,45.50748,85.66120,31.29347,43.18167,61.94869,41.68408,45.46651,36.87162,35.54778,70.98842,71.35632,31.35929,51.57129,92.27569,49.01345,49.50000,55.20784,66.16348,70.65000,49.94259,43.27777,41.17964,71.17890,46.58249,71.69311,19.68554,29.23625,60.11885,30.47761,36.44795,22.47924,69.40650,86.96094,87.73869,46.67132,33.34799,47.78917,87.91093,12.93051,36.61049,95.44136,96.24815,40.06607,44.56945,77.40963
44.57637,98.42096,74.56633,71.00931,80.81959,72.68532,21.57988,30.41366,82.87205,84.22175,31.74292,80.43097,51.74249,54.18654,51.95662,56.57929,35.38189,68.96505,93.59463,76.58518,85.22219,16.45921,23.27935,48.10724,75.71375,90.81531,46.96001,84.82478,0.00000,99.18027,43.40606,43.86537,53.51183,36.75504,93.09166,10.37331,92.21680,32.55416,60.26297,72.69467,51.49877,19.77216,64.87974,74.38673,49.98500,32.33842,80.82095,100.70726,33.25926,42.38414,94.60038,32.31282,78.95222,58.35934,87.45052,91.11139,39.40502,6.09354,68.89257,79.07750,25.35749,88.01182,55.71912,64.86745,50.94715,31.26750,13.49491,53.93350,44.74478,29.19706,67.61143,35.35948,58.61263,21.22918,14.30133,36.49774,61.73259,44.06274,52.93337,39.76400,37.26480,68.01754,73.42054,49.37880,65.93779,54.07283,91.01652,50.19108,29.29702,34.02272,58.53554,93.93869,74.71467,39.66114,93.01437,54.98441,42.70293,35.30235,44.80070,97.42264,44.57637
68.51252,5.16315,27.08128,28.60406,20.45185,30.47796,79.54028,71.68112,28.08365,32.04251,81.10389,49.25168,59.84421,54.15747,47.98289,42.78144,84.06777,35.87848,7.99269,33.69636,39.61758,96.00285,80.77280,58.84757,34.31736,25.83140,60.39563,47.81059,99.18027,0.00000,63.33939,81.88024,56.35759,69.79069,7.08034,90.64987,7.57368,72.33879,40.48531,29.90114,52.81331,86.08577,34.43517,25.04399,60.21568,67.38324,43.53712,9.81128,92.63590,70.33248,5.10502,69.53068,20.48574,40.97514,23.84724,39.92864,68.78400,96.96833,32.66988,20.23638,74.09232,11.27675,43.46916,34.92823,53.85037,72.06467,88.03819,54.66866,54.47360,91.60287,32.89997,71.11858,43.35762,78.01519,87.97094,64.82422,37.45414,61.24590,57.96397,62.28770,68.63680,43.26336,29.13466,53.16289,36.32248,47.70868,25.58527,58.44082,86.06122,84.22703,40.83632,14.58734,25.74107,81.24556,37.70664,46.37734,87.59969,92.65545,62.70345,3.24394,68.51252
45.79019,61.11006,36.34028,39.73538,43.03291,33.31577,21.96965,32.11386,41.39723,41.81325,46.07073,37.16216,45.23730,11.02353,28.47817,24.06321,51.78306,28.40830,56.27995,34.65531,41.95224,49.17367,37.56810,39.54005,33.76911,49.09288,39.83868,41.49290,43.40606,63.33939,0.00000,56.63153,10.10792,38.33186,58.77857,33.11995,55.79234,36.45892,34.86952,33.70351,36.88016,41.26943,33.90193,41.93830,6.79752,25.14861,37.42847,62.11335,57.14605,45.31942,58.28553,31.20266,43.28107,29.39533,46.41397,47.79786,5.45619,44.19998,30.67101,45.53219,21.17925,52.28275,26.12138,29.37181,9.50490,34.20684,30.00555,10.69477,21.51421,53.59349,39.10340,8.56216,36.16697,25.14123,29.38371,10.11994,30.30104,2.48659,44.81145,7.67569,37.43024,25.13722,34.48451,33.51078,27.03984,16.08031,49.32862,41.87772,48.86474,50.86233,29.73509,54.48564,44.18606,52.78632,49.81779,17.55623,60.01925,58.53787,1.47839,60.83897,45.79019
14.01272,83.44369,66.43125,55.25482,70.25878,66.91047,44.03426,24.85096,78.62214,82.29066,12.97931,87.50549,22.05013,62.35397,39.43033,49.56166,8.49264,66.36585,79.48026,74.81748,87.17147,28.90571,23.66712,24.18234,74.18486,85.73704,22.77094,90.80713,43.86537,81.88024,56.63153,0.00000,63.45534,18.47339,74.81678,44.61610,77.03184,20.29193,43.54352,66.31298,30.49231,24.67511,51.50253,58.73577,62.36851,31.51765,84.95835,87.47759,14.35779,12.94681,78.79672,25.46804,65.88920,46.51259,81.28574,92.69350,56.91485,37.94177,62.63594,63.23915,38.88593,72.72283,46.29850,56.67771,57.25005,22.66248,45.11140,62.48762,39.34979,16.50916,50.25218,53.98875,39.94897,37.40957,46.18931,46.63269,50.48463,55.20089,23.92521,49.02613,19.52378,71.12503,66.72785,31.70193,61.75709,54.47753,85.81290,23.84907,14.58364,9.84384,46.40712,83.36981,56.73071,4.48616,93.34154,54.21076,5.74592,13.18190,57.91408,81.50613,14.01272
51.42719,53.58517,29.38097,36.01459,35.91513,25.87983,32.04061,39.83026,32.35252,32.23303,53.93304,27.18973,49.19871,2.41932,29.98302,22.33748,59.48886,20.52453,48.88049,25.49079,31.89829,58.74726,46.31698,43.72803,24.61845,39.79266,44.34942,31.46062,53.51183,56.35759,10.10792,63.45534,0.00000,44.98373,52.55393,43.22726,48.79226,43.82274,34.32788,26.47699,39.79197,50.40676,31.03813,37.47393,4.11597,32.68689,27.32189,54.03076,65.52790,51.35173,51.25308,38.56516,37.20089,28.28455,37.50495,37.71897,14.75263,54.20150,24.20218,40.29498,30.66318,45.71428,25.44526,24.77111,6.70844,41.76605,40.11176,1.90739,25.20984,62.20774,36.66908,18.47486,36.56364,34.80454,39.47990,18.80992,27.79484,9.76233,48.41643,15.56731,43.93908,15.48451,27.23539,36.63827,20.53127,13.14197,40.04283,45.80309,57.19451,58.69422,28.63260,46.17927,40.37262,59.93072,39.78860,14.49573,67.36082,66.77464,8.74389,53.62210,51.42719
9.00014,70.45638,50.61077,41.52759,55.31196,50.48753,28.87219,8.12965,62.20356,65.45764,11.47960,69.41833,14.99135,43.90829,23.21605,32.59249,15.72566,49.22296,66.06036,57.76671,69.73393,27.46901,13.59104,12.05303,57.07104,69.69366,10.66305,72.87490,36.75504,69.79069,38.33186,18.47339,44.98373,0.00000,62.95691,33.33245,63.95085,4.26746,29.42627,50.01892,17.19397,18.23301,36.61578,45.14713,43.92977,13.49856,67.16810,73.93848,23.64345,7.57405,66.01070,7.74919,51.62599,30.72207,65.40833,75.40872,39.03084,32.10694,46.16290,49.93281,22.55306,59.54925,29.73189,40.42914,38.81640,6.22038,32.67787,44.03298,21.31396,21.95100,36.92225,36.44826,26.43608,22.50272,33.50905,28.47043,34.78546,36.80836,16.25486,30.68082,1.24122,53.20885,50.52932,16.66737,44.76743,36.42918,69.80235,13.74266,16.33298,15.39756,30.70469,68.82511,44.05057,15.09199,76.28831,36.30472,22.61677,24.17946,39.57576,68.83815,9.00014
61.49098,10.07128,23.26055,22.15133,17.15337,26.99560,73.88295,65.11049,27.40073,31.99236,74.21914,48.92868,52.78784,50.25547,41.51777,37.09185,77.09234,32.47196,9.06080,31.95123,39.97813,89.38857,74.18221,51.88615,32.42873,27.19802,53.43539,48.12724,93.09166,7.08034,58.77857,74.81678,52.55393,62.95691,0.00000,84.81378,6.42908,65.60633,33.78907,26.25173,45.90594,79.48944,28.21192,18.70722,56.24016,61.06874,43.20046,15.08816,85.67296,63.33266,5.90953,62.96001,15.50454,34.73876,24.15239,41.31601,64.17356,90.67593,28.40070,14.04822,68.19796,7.06797,37.42079,29.69924,49.38781,65.41355,82.28594,50.77717,48.34900,84.70768,26.17581,66.24052,36.52671,72.01823,82.27746,59.44183,31.43456,56.57341,50.90661,57.08593,61.81655,40.66264,25.53660,46.37734,32.09667,42.84759,27.00116,51.42807,79.18847,77.27316,34.57212,16.71610,18.94838,74.22143,39.46639,41.44476,80.53959,85.66489,58.26522,7.58127,61.49098
42.02624,89.58516,65.34801,62.95219,71.74733,63.24702,11.57964,25.75231,73.10560,74.25581,31.68661,70.07855,47.83543,43.97827,44.47541,47.87046,36.51864,59.28813,84.72388,66.70094,75.01652,21.88393,21.34962,43.40208,65.82312,81.02204,42.49257,74.48240,10.37331,90.64987,33.11995,44.61610,43.22726,33.33245,84.81378,0.00000,83.51195,29.09693,52.90286,63.32211,45.72248,20.16098,56.70856,66.19190,39.65000,25.52315,70.54841,91.62013,36.83483,40.08624,85.93750,27.23862,70.24717,50.29009,77.79327,80.88845,29.03560,12.91107,59.60351,70.76589,16.63244,79.40318,47.42534,55.94779,40.93441,27.21972,3.12660,43.70842,36.69336,32.56772,59.96107,24.99706,51.72095,13.15390,3.97319,26.76104,53.38409,33.88013,48.72900,29.91739,33.51251,57.90597,64.06528,43.16510,56.49793,44.52485,81.23151,45.72798,30.81771,35.15697,50.50139,84.63812,66.87926,40.15673,82.84025,45.53372,44.79085,38.81509,34.49765,88.72779,42.02624
63.37504,6.50577,19.50965,22.42873,12.88046,22.91502,72.31091,65.31466,21.48169,25.87519,75.36977,42.96471,55.00987,46.58665,41.56905,35.67058,78.64661,28.33110,2.96015,26.59122,33.77570,89.65303,74.41399,53.46432,27.15678,20.78408,54.99916,41.95746,92.21680,7.57368,55.79234,77.03184,48.79226,63.95085,6.42908,83.51195,0.00000,66.25800,34.52486,22.32916,47.27189,79.72472,27.85405,18.80779,52.64358,60.69368,37.22584,10.60027,87.14268,65.06846,2.49412,63.17085,13.27276,34.33530,17.88592,34.92640,61.24039,90.19745,25.12177,14.02242,67.01633,4.40206,36.62385,27.62419,46.29785,65.83020,80.85197,47.09836,47.63729,85.87551,27.11238,63.61861,37.67366,71.00730,80.75149,57.48596,30.63349,53.71560,53.15048,54.88535,62.76684,35.89324,21.56377,47.28512,28.76353,40.23253,20.58350,53.30212,80.27978,78.71757,34.22862,10.37738,20.30679,76.07975,33.04501,38.92244,82.69827,87.28209,55.14402,5.21584,63.37504
13.02675,72.75158,52.00198,43.85291,57.04254,51.56913,25.12102,4.63060,63.19921,66.19411,10.44031,69.09017,19.19676,42.95589,24.92010,33.57399,15.71790,49.86623,68.25046,58.40872,70.03348,24.06060,9.54620,15.83100,57.67472,70.84184,14.55260,72.71574,32.55416,72.33879,36.45892,20.29193,43.82274,4.26746,65.60633,29.09693,66.25800,0.00000,31.85366,51.17545,20.35341,14.47381,38.60020,47.46884,42.40556,11.31371,67.17426,76.04642,22.68956,11.30011,68.39067,5.27980,53.64817,32.42643,66.66090,75.80000,36.62421,28.03200,47.25929,52.28858,19.12846,61.85995,31.03597,41.72060,37.95123,2.43272,28.51501,43.03127,21.56748,20.30887,39.44688,33.75616,29.14691,18.62220,29.37363,26.39821,36.44826,35.15189,20.38751,28.93020,4.72077,53.15593,51.73182,19.26201,45.55969,36.36181,70.96614,17.73261,14.69371,15.03766,32.45232,70.61623,46.65812,16.32959,76.83547,36.41375,23.60568,23.56746,37.77728,71.23456,13.02675
29.56722,41.03051,23.33282,12.10960,26.71616,24.59403,42.95959,31.37241,35.90573,40.12646,40.85138,49.42624,22.26499,32.08693,8.43227,12.05327,44.30006,25.79439,36.66685,33.39888,46.26665,55.60587,40.41708,19.41021,32.96030,42.53189,20.88833,51.66297,60.26297,40.48531,34.86952,43.54352,34.32788,29.42627,33.78907,52.90286,34.52486,31.85366,0.00000,23.81288,13.08589,45.71778,8.10193,15.72550,36.16453,27.92590,45.43359,44.58566,52.71684,31.01295,36.59346,29.22568,22.46866,6.10020,38.00415,51.20406,39.23039,57.34271,20.68166,20.50686,36.46207,30.12350,8.95283,14.82468,28.09008,31.62525,50.73768,32.52126,16.60536,51.35466,7.61467,39.62528,3.74541,39.77016,50.95822,30.77466,8.39181,32.38827,20.60391,29.72092,28.24482,33.33111,24.06705,12.76041,21.21397,21.19677,42.58270,19.79520,45.75509,44.29874,5.76238,39.90859,14.85842,42.05391,51.32880,19.91113,49.03473,52.95005,35.14587,39.42700,29.56722
52.34429,27.41124,3.02035,16.05734,9.44934,1.02011,51.82338,49.02608,12.30947,16.31428,61.31571,27.87136,45.88560,24.25805,26.99468,17.62174,65.68985,6.25000,22.59914,10.04518,22.78899,72.70503,57.81593,42.27547,9.84216,19.68262,43.60457,29.12745,72.69467,29.90114,33.70351,66.31298,26.47699,50.01892,26.25173,63.32211,22.32916,51.17545,23.81288,0.00000,36.12264,62.96177,15.87500,15.12558,30.31456,43.11527,22.95154,28.58624,73.60995,53.42267,24.80077,47.01173,11.47279,19.81043,15.50653,27.44623,39.15892,71.51182,3.95387,15.72532,47.36474,19.30015,20.29021,9.64990,24.20569,50.10168,60.47037,24.77046,30.05815,71.48266,20.00100,41.79513,27.54326,51.59966,60.21778,36.65260,15.91825,31.75221,44.30633,33.72180,48.77774,15.05245,0.78102,34.61114,6.86627,18.87306,19.79907,43.14103,65.85405,65.41592,19.93240,21.32501,18.96802,64.21276,27.51729,17.79241,71.53622,74.19836,32.96617,27.24034,52.34429
16.49394,53.76482,36.03432,25.02999,39.77971,36.79345,37.63078,21.18292,48.40295,52.32760,28.31768,59.66056,10.09582,37.96710,10.36931,20.57615,31.37525,36.95866,49.54015,45.14558,57.84411,44.40778,29.65580,6.32559,44.59502,55.33419,7.80645,62.42668,51.49877,52.81331,36.88016,30.49231,39.79197,17.19397,45.90594,45.72248,47.27189,20.35341,13.08589,36.12264,0.00000,34.78074,21.01150,28.60010,40.35620,20.35341,56.31657,57.50340,39.88145,17.93575,49.22729,19.20189,35.53548,16.39316,50.85138,63.10351,39.86391,47.70433,32.61312,33.27842,30.62418,42.88943,16.96062,26.59837,33.08456,20.77055,44.13137,38.27974,15.36595,38.80176,20.16792,38.90586,9.62503,32.84524,44.62607,29.50086,20.20478,34.63078,8.87570,29.91630,16.12345,43.12883,36.48130,3.39061,32.26543,27.84713,55.40073,7.05448,33.29551,31.45811,16.23386,52.99062,27.10845,28.98173,63.49367,27.05781,35.95411,40.01439,37.64891,52.02457,16.49394
25.13344,86.17399,64.19021,57.48553,69.73109,63.21094,22.52622,14.41306,74.50034,76.92180,12.05493,77.22611,32.98576,50.18133,38.15878,45.48575,16.40568,60.68635,81.54788,69.05591,79.72694,9.92831,5.31378,30.22843,68.25350,82.35702,28.88158,81.23309,19.77216,86.08577,41.26943,24.67511,50.40676,18.23301,79.48944,20.16098,79.72472,14.47381,45.71778,62.96177,34.78074,0.00000,51.87724,61.06734,47.95573,19.87690,76.20401,89.18781,17.44964,22.86944,81.94309,16.56087,66.80576,45.45438,78.41947,85.63106,39.47520,14.36030,59.00839,65.89369,20.17735,75.35302,43.54208,53.92224,45.68537,14.14711,21.10694,50.11430,32.94150,13.30211,53.33034,35.70841,43.28003,16.74306,22.26424,31.60278,49.33050,40.77702,34.38929,34.85463,19.03420,62.34385,63.59218,33.44139,56.77766,46.12497,82.51064,31.97406,10.66589,15.03537,45.53650,83.29193,60.57601,20.29078,87.01389,46.55669,24.63642,19.28941,42.73670,84.79703,25.13344
37.49704,34.29680,15.23961,6.29573,18.83190,16.71077,45.99470,37.47193,27.84192,32.15262,48.09538,42.43057,30.36587,28.64655,13.74348,9.94145,51.86476,18.61829,29.69778,25.68319,38.54927,61.80522,46.56872,27.32270,25.31452,34.43370,28.76067,44.34238,64.87974,34.43517,33.90193,51.50253,31.03813,36.61578,28.21192,56.70856,27.85405,38.60020,8.10193,15.87500,21.01150,51.87724,0.00000,9.50960,33.64897,32.94807,38.09741,37.44870,60.15873,38.83936,30.10490,35.33151,15.04919,6.54265,29.91222,43.32078,38.87513,62.53809,13.06340,14.22252,40.07638,23.49726,9.30017,7.73709,25.63116,38.04714,54.25971,29.13900,20.13885,58.54687,5.68292,40.09203,11.84148,43.83016,54.31377,32.19179,3.64434,31.45459,28.70436,30.34049,35.39797,26.92825,16.07298,20.17717,14.34630,18.32466,34.48659,27.84845,52.90731,51.77710,6.40205,32.23900,10.55563,49.84398,43.34386,16.83659,56.93471,60.50193,33.83476,32.95885,37.49704
44.90201,25.31187,12.83679,3.62095,12.73060,16.14567,55.39540,46.65657,24.51530,29.44285,56.57686,42.93769,36.88884,35.05927,22.93983,18.81236,59.95355,20.41074,20.95658,24.81474,36.93618,70.99053,55.75357,34.86162,24.77100,29.50953,36.38037,43.91015,74.38673,25.04399,41.93830,58.73577,37.47393,45.14713,18.70722,66.19190,18.80779,47.46884,15.72550,15.12558,28.60010,61.06734,9.50960,0.00000,40.63823,42.38975,37.84283,28.90523,68.40984,46.49608,20.92325,44.50723,7.50471,16.03157,24.96534,40.76190,47.14728,71.99462,14.61232,4.82830,49.56240,14.40577,18.76661,12.76656,33.00070,47.09429,63.71551,35.57993,29.64820,67.08003,8.48547,48.74501,18.97526,53.33700,63.74700,41.29844,12.84139,39.57450,35.07652,39.20756,43.96085,29.55521,14.84682,28.48470,17.69085,25.88794,29.48835,34.89350,61.47823,59.98675,15.86699,24.77555,3.87959,57.53834,40.14842,24.39627,64.33472,68.59995,41.66661,23.77006,44.90201
50.88165,57.54230,33.17145,38.94320,39.76383,29.76034,28.67081,38.21186,36.46732,36.31743,52.27601,30.46572,49.38520,6.06924,31.00065,24.42423,57.92893,24.47090,52.80986,29.60660,35.74735,55.95973,44.12081,43.78862,28.73396,43.90334,44.27475,34.84083,49.98500,60.21568,6.79752,62.36851,4.11597,43.92977,56.24016,39.65000,52.64358,42.40556,36.16453,30.31456,40.35620,47.95573,33.64897,40.63823,0.00000,31.12284,31.02444,58.07388,63.58532,50.62086,55.11470,37.12580,40.81081,30.25456,41.61640,41.51485,10.83842,50.94368,27.84054,43.69397,27.93194,49.46636,27.21176,27.87343,8.11392,40.23880,36.52514,5.56917,25.27153,60.11752,39.18562,14.71252,38.07717,31.93043,35.84113,16.49464,30.24799,7.31595,48.74934,13.54003,42.95018,19.57846,31.08155,37.08816,24.14634,15.35839,44.15423,45.98737,55.27338,57.06295,30.60450,50.24501,43.35580,58.67206,43.66069,16.82624,66.01110,64.92077,5.32383,57.52309,50.88165
21.87456,67.05813,44.42754,38.91887,50.14630,43.34715,17.53470,7.14440,54.62729,57.12146,21.24618,58.52735,24.41548,31.96261,19.66243,25.74516,26.83007,40.84411,62.33238,49.25828,60.24191,29.59244,14.85698,19.13689,48.46827,62.48012,18.63808,62.32157,32.33842,67.38324,25.14861,31.51765,32.68689,13.49856,61.06874,25.52315,60.69368,11.31371,27.92590,43.11527,20.35341,19.87690,32.94807,42.38975,31.12284,0.00000,57.00509,69.80729,33.00328,20.91154,62.99907,6.05609,47.56182,26.40972,58.55319,66.10628,25.54472,29.60732,39.16428,47.16032,10.54031,56.38309,24.11703,34.21415,27.06835,9.11691,23.79718,32.00142,13.21954,29.95413,35.31652,22.97560,26.36556,12.50545,24.27365,15.11508,30.06785,23.85069,24.82037,17.62261,12.78615,43.01572,43.75593,17.65857,36.90102,26.46850,62.63380,21.64360,24.68816,26.01021,26.54719,63.65102,42.47094,27.63794,67.37128,26.79480,34.90599,34.15589,26.46362,65.84803,21.87456
71.46118,39.01129,25.00626,39.00886,27.65824,21.96048,59.30304,63.91765,15.80000,11.50223,77.61308,5.73896,66.40231,26.71053,46.14938,35.80482,82.71359,19.63996,35.66438,13.02809,5.43886,85.13616,71.62116,61.95250,13.11726,18.81575,63.06276,6.24510,80.82095,43.53712,37.42847,84.95835,27.32189,67.16810,43.20046,70.54841,37.22584,67.17426,45.43359,22.95154,56.31657,76.20401,38.09741,37.84283,31.02444,57.00509,0.00000,36.99801,89.77670,72.07993,39.07637,62.23747,32.41775,40.25110,19.70477,10.61285,41.85135,81.31903,25.05035,37.33166,57.29268,36.52843,39.36541,30.63372,30.63897,65.52169,67.43357,26.92640,45.85570,86.93067,42.78870,45.72501,48.99072,61.56676,66.79768,45.26192,37.05241,36.82745,65.03893,41.87915,65.97330,14.02215,23.09065,54.07021,24.26739,30.81616,19.10556,63.31663,81.54939,82.16240,40.48260,29.42343,41.72183,82.15461,13.08685,30.86370,89.67762,90.73766,36.06004,40.29945,71.46118
73.74155,5.05748,26.31042,32.49448,19.89040,28.85836,80.20987,74.82321,22.81211,25.68572,85.40016,42.54216,65.48905,52.04191,51.17349,44.25621,88.85742,33.74290,7.99754,29.35688,32.45121,99.10208,83.89659,63.75096,30.12806,18.30423,65.27504,40.46580,100.70726,9.81128,62.11335,87.47759,54.03076,73.93848,15.08816,91.62013,10.60027,76.04642,44.58566,28.58624,57.50340,89.18781,37.44870,28.90523,58.07388,69.80729,36.99801,0.00000,97.30067,75.37979,9.43716,72.69614,22.41173,43.75501,17.78351,31.75256,67.55037,99.05838,32.10004,24.26160,75.36399,14.77604,45.71231,35.86199,52.66679,75.47616,88.83711,52.52301,56.61330,95.88925,37.35068,70.33176,47.87941,79.48868,88.63779,65.11291,39.85833,60.25721,63.63824,62.26205,72.73655,39.57926,27.81345,57.31475,35.44025,47.40692,18.02360,63.68992,90.26669,88.88020,43.69057,8.01502,30.76437,86.41390,29.26163,46.25017,93.12170,97.50454,61.27770,7.60612,73.74155
24.49204,93.64006,74.25034,64.80907,78.91695,74.05233,39.89230,25.92646,85.73929,88.84145,12.31610,91.50089,33.59301,64.92704,46.85843,56.09071,8.61634,72.52849,89.36639,81.07563,92.71319,16.93034,19.72768,33.78910,80.34846,93.29214,32.24059,95.22965,33.25926,92.63590,57.14605,14.35779,65.52790,23.64345,85.67296,36.83483,87.14268,22.68956,52.71684,73.60995,39.88145,17.44964,60.15873,68.40984,63.58532,33.00328,89.77670,97.30067,0.00000,22.45342,89.10873,27.54038,75.10326,54.35799,89.03214,98.48768,56.05137,27.17008,69.72973,73.13332,36.71669,82.75384,53.34166,64.04844,60.06940,24.25522,38.22569,64.94523,44.25384,4.26746,60.03037,52.48772,49.46925,33.81420,39.41169,47.10378,58.42258,56.27536,35.43371,50.09516,24.88153,75.75474,74.13437,40.02726,68.17597,58.99265,93.40557,34.35943,8.33404,8.42511,54.33464,92.39611,66.97950,12.34263,99.52096,59.08557,10.53438,2.04359,58.57060,91.90441,24.49204
2.33372,71.54027,53.61857,42.94544,57.65870,54.00459,36.35699,15.62850,65.72820,69.35566,12.42387,74.73909,11.32577,50.08716,26.49587,36.61602,13.83709,53.41990,67.40046,61.87116,74.23504,30.83504,19.22401,11.63575,61.23804,72.91108,10.12969,77.96814,42.38414,70.33248,45.31942,12.94681,51.35173,7.57405,63.33266,40.08624,65.06846,11.30011,31.01295,53.42267,17.93575,22.86944,38.83936,46.49608,50.62086,20.91154,72.07993,75.37979,22.45342,0.00000,66.95393,15.31343,53.47108,33.64693,68.48687,79.74792,46.33444,37.21684,49.71977,51.12510,30.11927,60.70631,33.35673,43.77828,44.96135,13.58503,39.69828,50.25851,26.70255,22.15090,38.03014,43.88600,27.54088,29.90663,40.59264,35.65071,37.64881,43.65207,13.10117,37.64374,8.12915,58.30000,53.85161,18.83514,48.81038,41.75070,72.99327,11.92322,17.19920,14.19934,33.55422,70.92154,44.79808,11.04720,80.39722,41.41638,18.13562,22.33769,46.50372,69.72066,2.33372
65.22025,4.70246,21.99484,24.53775,15.35165,25.37331,74.75662,67.53020,23.42952,27.64211,77.40344,44.81172,56.75276,49.05527,43.78516,38.08074,80.58756,30.77431,3.53916,28.78552,35.42501,91.87044,76.63030,55.37712,29.37890,22.05414,56.91750,43.62535,94.60038,5.10502,58.28553,78.79672,51.25308,66.01070,5.90953,85.93750,2.49412,68.39067,36.59346,24.80077,49.22729,81.94309,30.10490,20.92325,55.11470,62.99907,39.07637,9.43716,89.10873,66.95393,0.00000,65.38366,15.69046,36.61190,19.52814,36.24176,63.73389,92.53082,27.61526,16.10233,69.42522,6.61598,38.96191,30.07944,48.79038,68.00772,83.28854,49.56608,49.97860,87.91105,29.10907,66.11162,39.66047,73.39970,83.19557,59.95374,32.95962,56.20971,54.88465,57.36504,64.83507,38.22686,24.03317,49.34436,31.25510,42.72272,21.83323,55.13861,82.32946,80.68523,36.49556,11.12455,22.15618,77.94173,34.22175,41.40970,84.48249,89.21211,57.63494,2.85449,65.22025
16.56751,69.62655,48.03374,40.92805,53.36724,47.34333,21.43486,2.15087,58.86487,61.66894,15.48568,64.01535,20.72572,37.73338,21.60197,29.40052,20.93326,45.32825,65.01820,53.84104,65.23822,26.48700,11.24728,16.17206,53.08440,66.60425,15.26125,67.70167,32.31282,69.53068,31.20266,25.46804,38.56516,7.74919,62.96001,27.23862,63.17085,5.27980,29.22568,47.01173,19.20189,16.56087,35.33151,44.50723,37.12580,6.05609,62.23747,72.69614,27.54038,15.31343,65.38366,0.00000,50.29515,28.94185,62.51800,71.04657,31.51605,28.56809,43.06743,49.33321,14.89448,58.79607,27.17950,37.73083,32.75528,3.28681,26.13194,37.79918,17.04010,24.80950,36.82693,28.79133,26.96852,15.33077,26.83731,21.16791,32.86340,29.87458,21.51745,23.65592,7.27981,48.21593,47.60318,17.30423,41.14509,31.47102,66.74053,18.49096,19.33135,20.18725,29.01281,66.94924,44.07321,21.58653,72.17085,31.61586,28.88534,28.55418,32.51224,68.23743,16.56751
51.97115,19.51413,8.49250,10.69582,5.44656,12.37954,59.07750,52.42596,17.89303,22.94271,63.10243,37.83599,44.18060,34.86926,28.76217,22.39784,66.73815,17.66954,14.77231,19.62634,30.77987,76.72676,61.50798,41.84887,19.80355,22.16908,43.34190,38.23442,78.95222,20.48574,43.28107,65.88920,37.20089,51.62599,15.50454,70.24717,13.27276,53.64817,22.46866,11.47279,35.53548,66.80576,15.04919,7.50471,40.81081,47.56182,32.41775,22.41173,75.10326,53.47108,15.69046,50.29515,0.00000,21.35452,17.67633,34.08824,48.68466,76.99564,12.99887,4.96469,53.74366,9.21049,23.44872,14.44500,33.88330,53.06449,67.60050,35.39333,34.43969,73.57052,15.75325,50.82367,25.95778,57.73820,67.51393,44.34073,17.51009,41.09125,42.39237,41.83641,50.41434,26.49531,10.87589,35.07608,16.67657,27.40151,22.13065,42.04623,67.93605,66.70002,21.28352,17.48088,10.81194,64.51601,33.22877,26.02393,71.43786,75.38665,42.76074,18.48679,51.97115
32.53484,40.74906,20.00876,12.67517,24.63114,20.44092,39.72677,31.07154,32.11855,35.94531,42.17242,43.96110,26.34146,26.02175,7.52517,5.96374,46.21854,20.70122,36.09544,28.76895,41.51939,55.37784,40.15443,22.47513,28.23599,39.27272,23.79454,46.43469,58.35934,40.97514,29.39533,46.51259,28.28455,30.72207,34.73876,50.29009,34.33530,32.42643,6.10020,19.81043,16.39316,45.45438,6.54265,16.03157,30.25456,26.40972,40.25110,43.75501,54.35799,33.64693,36.61190,28.94185,21.35452,0.00000,34.87629,46.72164,34.02140,55.99581,16.22687,20.76478,33.66214,29.99821,3.32538,10.21696,22.15006,31.74203,47.89389,26.46290,13.63940,52.55015,10.15102,34.79555,9.02168,37.35225,47.98519,26.40402,4.06510,26.90934,24.87803,24.90006,29.48818,27.64752,20.21542,14.81522,16.01577,15.14292,39.35932,23.44424,46.90033,46.04056,0.35000,38.19363,16.63866,44.51159,47.10279,13.83015,51.77743,54.81041,29.55486,39.46417,32.53484
67.27505,19.32631,14.87078,27.61577,12.26020,15.20906,66.21879,64.52965,5.21997,8.20263,76.75550,25.40797,60.26467,35.75378,42.25926,33.12651,81.02871,18.50540,16.04887,12.07614,15.90442,88.12441,73.29530,57.12146,12.92587,4.57719,58.51522,24.10064,87.45052,23.84724,46.41397,81.28574,37.50495,65.40833,24.15239,77.79327,17.88592,66.66090,38.00415,15.50653,50.85138,78.41947,29.91222,24.96534,41.61640,58.55319,19.70477,17.78351,89.03214,68.48687,19.52814,62.51800,17.67633,34.87629,0.00000,17.40519,51.72631,86.58643,19.45194,22.33362,62.26211,18.11224,35.69209,24.98381,37.30192,65.60662,74.84519,36.19397,45.55069,86.96328,32.51419,54.89777,41.72830,66.55436,74.48987,51.03779,30.84523,44.85160,58.57837,47.89314,64.16752,22.37915,14.93025,49.65719,21.74955,33.38600,4.59599,57.75111,81.32897,80.79434,34.95022,9.88186,28.47583,79.38610,15.98534,32.54555,86.62239,89.57701,45.40122,20.60573,67.27505
78.91032,34.92514,28.52833,42.74671,28.71307,26.62217,69.54849,72.83667,16.25769,11.35105,86.21874,13.75439,73.04985,36.92486,53.34410,43.13192,91.09851,26.32832,32.70311,17.95916,5.93391,94.78629,80.88529,69.06113,18.53712,14.18767,70.29154,9.97653,91.11139,39.92864,47.79786,92.69350,37.71897,75.40872,41.31601,80.88845,34.92640,75.80000,51.20406,27.44623,63.10351,85.63106,43.32078,40.76190,41.51485,66.10628,10.61285,31.75256,98.48768,79.74792,36.24176,71.04657,34.08824,46.72164,17.40519,0.00000,52.35294,91.40034,30.58288,38.99551,67.18870,35.50924,46.45646,36.57557,40.49508,74.30696,77.78388,37.18247,54.25517,95.85009,47.19169,56.17968,54.91225,71.49820,77.18038,55.19607,43.07663,47.05110,71.53971,51.81569,74.18741,23.38687,27.28407,61.22429,30.96112,39.64471,14.41128,70.15790,90.36713,90.64258,46.89809,25.35228,44.53803,90.18349,2.95561,39.43083,97.65473,99.32934,46.46070,36.74181,78.91032
47.06598,66.56613,41.79511,44.82734,48.48800,38.76694,18.51299,32.08006,46.67050,46.89166,45.60869,41.07519,47.52739,16.08176,32.28485,28.95709,51.38896,33.82848,61.73607,39.88359,46.58262,46.64504,36.32413,41.81113,38.99946,54.29775,41.92124,45.50748,39.40502,68.78400,5.45619,56.91485,14.75263,39.03084,64.17356,29.03560,61.24039,36.62421,39.23039,39.15892,39.86391,39.47520,38.87513,47.14728,10.83842,25.54472,41.85135,67.55037,56.05137,46.33444,63.73389,31.51605,48.68466,34.02140,51.72631,52.35294,0.00000,40.76951,36.11863,50.84010,19.37500,57.71097,30.70621,34.67677,14.96072,34.25745,25.91087,15.69134,24.67603,52.28597,43.92506,4.08419,40.19677,22.83169,25.16272,10.82373,35.24504,7.61072,47.29842,9.97653,38.25837,30.15046,39.93991,36.47359,32.49297,21.38507,54.53878,44.24594,47.90921,50.36488,34.35208,59.90013,49.26792,52.85887,54.49250,22.83761,59.85416,57.57684,6.32579,66.29216,47.06598
39.46616,96.50973,73.18392,68.52555,79.23532,71.58710,22.30258,26.53098,82.19833,83.90013,26.08799,81.35772,47.05902,54.61193,49.22061,54.80228,29.44937,68.22456,91.73713,76.14254,85.47503,10.43950,18.51737,43.81897,75.28700,90.15471,42.57853,85.66120,6.09354,96.96833,44.19998,37.94177,54.20150,32.10694,90.67593,12.91107,90.19745,28.03200,57.34271,71.51182,47.70433,14.36030,62.53809,71.99462,50.94368,29.60732,81.31903,99.05838,27.17008,37.21684,92.53082,28.56809,76.99564,55.99581,86.58643,91.40034,40.76951,0.00000,67.63124,76.75749,24.42194,85.91735,53.57367,63.22254,50.93531,27.05351,15.66481,54.41196,42.56146,23.10375,64.83595,36.68605,55.39376,20.09087,16.74255,36.24743,59.57123,44.52119,48.36179,39.61326,32.74418,68.09044,72.21146,45.86023,64.88703,53.27324,90.34137,45.76441,23.35820,28.10095,56.14157,92.56493,72.02959,33.80392,93.14982,54.04596,36.63798,29.21345,45.64818,95.37375,39.46616
48.70114,30.58007,5.80113,14.63322,12.44500,4.32464,48.14281,45.07777,16.05615,19.71855,57.42796,29.53634,42.49125,21.87539,23.24017,13.69033,61.85336,5.93870,25.71319,12.71736,25.58635,68.75511,53.86214,38.69047,12.29075,23.58289,39.98689,31.29347,68.89257,32.66988,30.67101,62.63594,24.20218,46.16290,28.40070,59.60351,25.12177,47.25929,20.68166,3.95387,32.61312,59.00839,13.06340,14.61232,27.84054,39.16428,25.05035,32.10004,69.72973,49.71977,27.61526,43.06743,12.99887,16.22687,19.45194,30.58288,36.11863,67.63124,0.00000,16.40770,43.54505,21.68885,16.46255,6.01540,21.18080,46.16506,56.78209,22.39891,26.10528,67.56804,17.84077,38.55718,24.36043,47.75987,56.55891,33.01638,12.49485,28.60387,40.96270,30.17289,44.92211,14.99735,4.59980,30.95300,3.69679,15.33022,23.70701,39.65799,61.94387,61.56006,16.37929,25.05271,18.22392,60.45246,30.88180,14.15020,67.80853,70.34020,30.04074,30.18916,48.70114
49.48008,20.52780,12.90642,8.43601,10.28546,16.70120,59.86044,51.48228,22.83621,27.89232,61.34758,42.70624,41.29426,37.90890,27.75812,23.10438,64.65178,21.69725,16.27569,24.46582,35.74432,75.81745,60.57991,39.50203,24.59522,26.73799,41.03055,43.18167,79.07750,20.23638,45.53219,63.23915,40.29498,49.93281,14.04822,70.76589,14.02242,52.28858,20.50686,15.72532,33.27842,65.89369,14.22252,4.82830,43.69397,47.16032,37.33166,24.26160,73.13332,51.12510,16.10233,49.33321,4.96469,20.76478,22.33362,38.99551,50.84010,76.75749,16.40770,0.00000,54.14985,9.62451,23.37955,16.16424,36.34923,51.92230,68.24446,38.43425,34.33370,71.85357,13.11052,52.65910,23.66645,57.97942,68.24475,45.53945,17.38710,43.23287,39.45757,43.29868,48.75147,30.74298,15.23321,33.26587,19.90694,29.46020,26.67630,39.43230,66.25982,64.70841,20.61592,20.69911,6.73582,62.15515,38.06219,28.00251,68.87054,73.29272,45.15176,18.94639,49.48008
31.45855,73.15764,49.20941,46.32062,55.47394,47.37976,7.02113,14.55320,57.80745,59.48214,26.78093,57.78229,34.88499,30.73111,28.03361,31.34591,32.55347,43.84262,68.31431,51.72062,61.25520,28.08559,16.99950,29.67257,50.86513,65.76425,29.13417,61.94869,25.35749,74.09232,21.17925,38.88593,30.66318,22.55306,68.19796,16.63244,67.01633,19.12846,36.46207,47.36474,30.62418,20.17735,40.07638,49.56240,27.93194,10.54031,57.29268,75.36399,36.71669,30.11927,69.42522,14.89448,53.74366,33.66214,62.26211,67.18870,19.37500,24.42194,43.54505,54.14985,0.00000,62.86655,30.79599,39.55131,26.70103,16.70707,14.28793,30.59518,20.09050,32.91448,43.39364,15.77625,35.54498,4.33539,14.50183,12.03173,36.76391,20.91369,35.34553,15.41357,22.17121,43.81713,48.08501,27.70516,40.64314,28.89365,65.95458,32.17394,28.65564,31.43673,33.87643,68.58519,50.26554,34.58759,68.85200,29.72504,41.17636,38.28636,22.65502,72.23030,31.45855
59.02976,10.90714,16.34253,18.02672,10.09285,20.00740,68.26940,60.94121,20.76912,25.55587,70.96995,42.22938,50.72007,43.44653,37.19450,31.53341,74.26465,25.48565,6.79379,24.96097,33.62651,85.28110,70.04119,49.09426,25.41321,21.72375,50.62690,41.68408,88.01182,11.27675,52.28275,72.72283,45.71428,59.54925,7.06797,79.40318,4.40206,61.85995,30.12350,19.30015,42.88943,75.35302,23.49726,14.40577,49.46636,56.38309,36.52843,14.77604,82.75384,60.70631,6.61598,58.79607,9.21049,29.99821,18.11224,35.50924,57.71097,85.91735,21.68885,9.62451,62.86655,0.00000,32.35183,23.65515,42.82677,61.44230,76.77703,43.96524,43.36860,81.47532,22.72456,59.94842,33.28484,66.82079,76.70233,53.55114,26.34677,50.14105,48.86677,51.03446,58.36493,33.59681,18.56867,42.88386,25.37858,36.52247,21.57003,48.96351,75.87856,74.32877,29.88394,12.76864,15.99508,71.72521,33.93042,35.16910,78.37819,82.90269,51.70206,9.46629,59.02976
32.45647,42.95528,20.96724,15.58375,26.19852,20.78264,36.70008,29.27023,32.51870,36.00494,41.06411,42.73266,27.05509,23.24727,6.88767,3.67466,45.40089,20.15602,38.21677,28.53403,41.05403,53.43343,38.27854,22.65928,27.92205,39.96177,23.84896,45.46651,55.71912,43.46916,26.12138,46.29850,25.44526,29.73189,37.42079,47.42534,36.62385,31.03597,8.95283,20.29021,16.96062,43.54208,9.30017,18.76661,27.21176,24.11703,39.36541,45.71231,53.34166,33.35673,38.96191,27.17950,23.44872,3.32538,35.69209,46.45646,30.70621,53.57367,16.46255,23.37955,30.79599,32.35183,0.00000,10.70925,19.14251,30.13371,44.96182,23.66634,11.01681,51.30844,13.43698,31.47345,11.21032,34.59989,45.01362,23.14202,6.01503,23.63479,25.74992,21.58269,28.49067,26.23426,20.79766,14.78821,15.49599,12.36932,40.07088,23.95158,45.66559,45.12760,3.64906,39.77488,19.71410,44.01012,47.04441,11.17866,51.39558,53.91054,26.31621,41.80223,32.45647
42.72316,33.63738,10.30367,11.33606,16.01298,10.23536,44.69256,39.78867,21.95006,25.73045,51.77333,34.79236,36.48227,22.35224,17.34757,8.47231,56.07389,11.01774,28.77856,18.66069,31.49502,63.75632,48.70717,32.68903,18.18000,29.27461,33.99656,36.87162,64.86745,34.92823,29.37181,56.67771,24.77111,40.42914,29.69924,55.94779,27.62419,41.72060,14.82468,9.64990,26.59837,53.92224,7.73709,12.76656,27.87343,34.21415,30.63372,35.86199,64.04844,43.77828,30.07944,37.73083,14.44500,10.21696,24.98381,36.57557,34.67677,63.22254,6.01540,16.16424,39.55131,23.65515,10.70925,0.00000,20.27292,40.75110,53.25196,22.86933,21.00686,62.00740,13.15601,36.56831,18.45029,43.64073,53.13500,29.89617,6.51585,27.06882,34.96416,27.41515,39.18809,19.19513,10.11512,24.97970,6.61447,13.29617,29.37861,33.64263,56.36711,55.82036,10.36490,29.44284,15.62070,54.56340,36.89720,11.84000,61.88777,64.60364,29.01777,32.83349,42.72316
44.94528,51.60778,26.83595,31.09445,33.52828,23.83550,29.39900,34.18184,32.40581,33.32221,48.22692,31.58347,42.50768,5.12652,23.32993,16.31046,53.66787,19.04280,46.77556,25.83259,34.56306,54.50241,41.27603,37.06145,24.94917,40.23998,37.71293,35.54778,50.94715,53.85037,9.50490,57.25005,6.70844,38.81640,49.38781,40.93441,46.29785,37.95123,28.09008,24.20569,33.08456,45.68537,25.63116,33.00070,8.11392,27.06835,30.63897,52.66679,60.06940,44.96135,48.79038,32.75528,33.88330,22.15006,37.30192,40.49508,14.96072,50.93531,21.18080,36.34923,26.70103,42.82677,19.14251,20.27292,0.00000,36.01106,37.89776,5.32635,18.58711,56.93286,31.12179,17.69873,30.11807,31.00440,37.44156,14.70213,22.18220,7.60608,41.71194,11.32500,37.73172,17.15527,24.98671,29.93097,17.53853,7.30655,40.46179,39.11422,51.74769,52.94252,22.50006,45.10034,35.53379,53.85718,42.21499,8.79918,61.33810,61.21604,8.87947,51.33632,44.94528
15.19114,72.30614,51.05324,43.49352,56.27480,50.45478,22.77680,2.20298,62.01574,64.87605,12.21671,67.29889,20.71741,40.97182,24.30618,32.48019,17.72486,48.53492,67.74342,57.05779,68.50545,23.98881,8.91505,16.84414,56.30675,69.72593,15.69924,70.98842,31.26750,72.06467,34.20684,22.66248,41.76605,6.22038,65.41355,27.21972,65.83020,2.43272,31.62525,50.10168,20.77055,14.14711,38.04714,47.09429,40.23880,9.11691,65.52169,75.47616,24.25522,13.58503,68.00772,3.28681,53.06449,31.74203,65.60662,74.30696,34.25745,27.05351,46.16506,51.92230,16.70707,61.44230,30.13371,40.75110,36.01106,0.00000,26.47936,41.02988,20.22006,21.56822,39.23975,31.35014,29.13380,16.32990,27.29795,24.11817,35.71402,32.96068,21.76385,26.72841,6.29295,51.49988,50.68109,19.29743,44.31452,34.74825,69.85829,18.93888,16.06131,16.94154,31.79326,69.85965,46.48001,18.62961,75.41341,34.87840,25.81349,25.26946,35.54225,70.85840,15.19114
41.53442,86.88011,62.54325,60.52689,68.98272,60.37459,8.64877,24.83200,70.12700,71.21917,32.13231,66.95197,46.84915,40.88180,42.30621,45.26291,37.22997,56.34393,82.01148,63.69005,71.91638,24.02630,21.52767,42.19042,62.81068,78.03292,41.36889,71.35632,13.49491,88.03819,30.00555,45.11140,40.11176,32.67787,82.28594,3.12660,80.85197,28.51501,50.73768,60.47037,44.13137,21.10694,54.25971,63.71551,36.52514,23.79718,67.43357,88.83711,38.22569,39.69828,83.28854,26.13194,67.60050,47.89389,74.84519,77.78388,25.91087,15.66481,56.78209,68.24446,14.28793,76.77703,44.96182,53.25196,37.89776,26.47936,0.00000,40.60751,34.36642,33.96764,57.67665,21.87064,49.71849,11.29173,1.20026,23.84727,50.88428,30.79468,47.63871,26.95266,32.74420,54.83259,61.21834,41.44337,53.63133,41.63791,78.24472,44.57648,31.74198,35.88928,48.11645,81.79407,64.51829,40.62827,79.74707,42.67805,45.67431,40.16383,31.37905,86.06677,41.53442
50.26339,51.97344,27.64775,34.10784,34.21791,24.20240,32.38682,39.14196,31.08024,31.20320,53.22960,27.19514,47.78580,0.52559,28.36733,20.50722,58.73198,18.90180,47.24382,24.25021,31.30886,58.63777,45.89559,42.36504,23.36999,38.63135,43.03051,31.35929,53.93350,54.66866,10.69477,62.48762,1.90739,44.03298,50.77717,43.70842,47.09836,43.03127,32.52126,24.77046,38.27974,50.11430,29.13900,35.57993,5.56917,32.00142,26.92640,52.52301,64.94523,50.25851,49.56608,37.79918,35.39333,26.46290,36.19397,37.18247,15.69134,54.41196,22.39891,38.43425,30.59518,43.96524,23.66634,22.86933,5.32635,41.02988,40.60751,0.00000,23.91110,61.70353,34.77450,19.22511,34.81656,34.80435,40.02306,18.61538,25.90946,9.90114,46.95904,15.28514,42.96397,14.47543,25.53460,35.16715,18.71710,11.32456,38.87559,44.39620,56.61244,57.97129,26.81012,44.71292,38.46765,59.03983,39.15023,12.65012,66.50047,66.14702,9.45859,51.96300,50.26339
26.49363,53.95305,31.25228,26.31365,36.92699,30.35125,26.39821,19.00266,41.82841,44.66140,31.96727,48.17396,24.11603,23.68133,8.36481,12.54923,36.89588,28.32216,49.19508,36.85520,48.51833,42.75332,27.76421,18.55325,36.11413,49.58934,19.13970,51.57129,44.74478,54.47360,21.51421,39.34979,25.20984,21.31396,48.34900,36.69336,47.63729,21.56748,16.60536,30.05815,15.36595,32.94150,20.13885,29.64820,25.27153,13.21954,45.85570,56.61330,44.25384,26.70255,49.97860,17.04010,34.43969,13.63940,45.55069,54.25517,24.67603,42.56146,26.10528,34.33370,20.09050,43.36860,11.01681,21.00686,18.58711,20.22006,34.36642,23.91110,0.00000,41.77225,23.31335,24.14691,16.38067,23.71461,34.51480,14.82761,17.02603,19.27662,23.49634,14.70009,20.12469,31.89751,30.67348,12.00026,24.10499,15.14497,49.72993,20.71722,36.21327,36.40014,13.83368,50.43517,30.18627,36.34145,55.26809,14.99208,43.87301,45.07417,22.29749,52.81838,26.49363
24.36209,92.38118,72.27366,63.46261,77.17795,71.87792,35.81097,23.02851,83.50054,86.43365,10.50762,88.46410,33.47298,61.70849,45.02506,53.88268,8.96061,70.09405,88.00628,78.62222,90.03085,13.05996,16.03122,32.94451,77.87351,91.15068,31.40132,92.27569,29.19706,91.60287,53.59349,16.50916,62.20774,21.95100,84.70768,32.56772,85.87551,20.30887,51.35466,71.48266,38.80176,13.30211,58.54687,67.08003,60.11752,29.95413,86.93067,95.88925,4.26746,22.15090,87.91105,24.80950,73.57052,52.55015,86.96328,95.85009,52.28597,23.10375,67.56804,71.85357,32.91448,81.47532,51.30844,62.00740,56.93286,21.56822,33.96764,61.70353,41.77225,0.00000,58.80358,48.65083,48.26813,29.84596,35.15508,43.62328,56.60045,52.82708,35.25040,46.69562,23.15709,72.92244,72.03587,38.59592,65.83723,56.24150,91.27477,33.81731,5.65022,8.13365,52.55215,90.72096,65.87212,13.46386,96.97886,56.42009,13.81243,6.26139,55.03352,90.73011,24.36209
36.41957,33.61140,18.66876,5.05847,20.57693,20.94088,49.66088,38.97520,31.22984,35.86984,48.29603,47.37671,28.44184,34.28634,15.65799,15.04545,51.54189,23.65888,29.37739,30.03491,42.76878,63.22034,48.02803,26.40030,29.77395,37.09131,27.92540,49.01345,67.61143,32.89997,39.10340,50.25218,36.66908,36.92225,26.17581,59.96107,27.11238,39.44688,7.61467,20.00100,20.16792,53.33034,5.68292,8.48547,39.18562,35.31652,42.78870,37.35068,60.03037,38.03014,29.10907,36.82693,15.75325,10.15102,32.51419,47.19169,43.92506,64.83595,17.84077,13.11052,43.39364,22.72456,13.43698,13.15601,31.12179,39.23975,57.67665,34.77450,23.31335,58.80358,0.00000,44.87475,10.56131,46.89120,57.82691,36.55493,8.93983,36.63241,26.64452,35.00514,35.75693,32.28322,20.02623,20.27021,19.66000,23.82966,37.10341,26.40830,53.22843,51.60526,9.86157,33.19286,7.24677,49.06789,46.93454,22.36001,55.84927,60.18228,39.12490,31.92658,36.41957
44.77751,69.12446,44.31186,46.20660,50.99464,41.47645,14.44165,29.15143,49.91299,50.37524,42.35514,45.08501,45.94412,19.57106,32.17869,30.16092,48.14237,36.74004,64.26551,43.19621,50.37192,42.66486,32.77565,40.26284,42.30965,57.63741,40.23146,49.50000,35.35948,71.11858,8.56216,53.98875,18.47486,36.44826,66.24052,24.99706,63.61861,33.75616,39.62528,41.79513,38.90586,35.70841,40.09203,48.74501,14.71252,22.97560,45.72501,70.33176,52.48772,43.88600,66.11162,28.79133,50.82367,34.79555,54.89777,56.17968,4.08419,36.68605,38.55718,52.65910,15.77625,59.94842,31.47345,36.56831,17.69873,31.35014,21.87064,19.22511,24.14691,48.65083,44.87475,0.00000,40.21636,18.99159,21.15001,9.41077,36.44811,10.09270,45.86787,9.91731,35.76175,33.68933,42.57444,35.53907,35.01264,23.42708,57.87133,42.74883,44.42584,47.07391,35.11072,62.79720,50.60637,49.83780,58.26318,24.80228,56.68865,54.06252,9.77446,68.72980,44.77751
26.01339,44.17250,27.07677,15.40732,30.34924,28.31467,42.26234,29.09038,39.65061,43.85753,37.76245,52.87089,18.53640,34.41000,8.06420,14.69721,40.98738,29.35620,39.91958,37.07513,49.93311,53.10085,38.01727,15.90646,36.61998,46.26176,17.41510,55.20784,58.61263,43.35762,36.16697,39.94897,36.56364,26.43608,36.52671,51.72095,37.67366,29.14691,3.74541,27.54326,9.62503,43.28003,11.84148,18.97526,38.07717,26.36556,48.99072,47.87941,49.46925,27.54088,39.66047,26.96852,25.95778,9.02168,41.72830,54.91225,40.19677,55.39376,24.36043,23.66645,35.54498,33.28484,11.21032,18.45029,30.11807,29.13380,49.71849,34.81656,16.38067,48.26813,10.56131,40.21636,0.00000,38.57015,50.02312,31.07729,11.95442,33.71540,16.86314,30.42205,25.29047,36.64001,27.80551,9.88496,24.73112,23.56101,46.31029,16.13964,42.70904,41.04414,8.72987,43.43230,17.61656,38.58777,55.06053,22.38898,45.48105,49.63086,36.58375,42.47081,26.01339
31.50143,77.19580,53.39506,50.02735,59.60491,51.63292,6.63367,14.38858,62.12242,63.81679,24.80920,61.96703,35.98626,34.95584,31.34984,35.35475,30.47411,48.15332,72.36671,56.05246,65.56535,24.03344,14.38858,31.11195,55.19770,70.07933,30.37986,66.16348,21.22918,78.01519,25.14123,37.40957,34.80454,22.50272,72.01823,13.15390,71.00730,18.62220,39.77016,51.59966,32.84524,16.74306,43.83016,53.33700,31.93043,12.50545,61.56676,79.48868,33.81420,29.90663,73.39970,15.33077,57.73820,37.35225,66.55436,71.49820,22.83169,20.09087,47.75987,57.97942,4.33539,66.82079,34.59989,43.64073,31.00440,16.32990,11.29173,34.80435,23.71461,29.84596,46.89120,18.99159,38.57015,0.00000,11.79539,16.31213,40.60121,25.04228,36.65622,19.69632,22.35555,48.13389,52.31410,30.15512,44.90549,33.20169,70.26828,33.54476,26.02703,29.26777,37.54828,72.78098,53.87201,32.99380,73.17535,34.01007,39.15499,35.49600,26.61946,76.21648,31.50143
42.39978,86.74412,62.33243,60.59210,68.80382,60.10229,8.44367,25.60103,69.73701,70.75038,33.21039,66.23146,47.56302,40.30891,42.53241,45.21718,38.34544,55.99845,81.87090,63.26004,71.32582,25.21393,22.57432,42.83212,62.37879,77.62819,42.04216,70.65000,14.30133,87.97094,29.38371,46.18931,39.47990,33.50905,82.27746,3.97319,80.75149,29.37363,50.95822,60.21778,44.62607,22.26424,54.31377,63.74700,35.84113,24.27365,66.79768,88.63779,39.41169,40.59264,83.19557,26.83731,67.51393,47.98519,74.48987,77.18038,25.16272,16.74255,56.55891,68.24475,14.50183,76.70233,45.01362,53.13500,37.44156,27.29795,1.20026,40.02306,34.51480,35.15508,57.82691,21.15001,50.02312,11.79539,0.00000,23.56673,50.90786,30.25460,48.31729,26.60698,33.54237,54.30527,60.96996,41.88586,53.36760,41.36153,77.84287,45.23683,32.88807,37.00846,48.21440,81.54246,64.62055,41.70450,79.17285,42.43155,46.80943,41.34664,30.73806,85.96425,42.39978
36.30373,63.35387,38.80259,38.45208,45.32541,36.53678,15.20119,22.00905,46.39107,47.76518,35.95116,45.80953,36.77295,18.73022,23.01354,22.48669,41.66396,32.53261,58.47297,40.09271,49.26462,40.02378,27.63531,31.06487,39.22335,54.32671,31.12945,49.94259,36.49774,64.82422,10.11994,46.63269,18.80992,28.47043,59.44183,26.76104,57.48596,26.39821,30.77466,36.65260,29.50086,31.60278,32.19179,41.29844,16.49464,15.11508,45.26192,65.11291,47.10378,35.65071,59.95374,21.16791,44.34073,26.40402,51.03779,55.19607,10.82373,36.24743,33.01638,45.53945,12.03173,53.55114,23.14202,29.89617,14.70213,24.11817,23.84727,18.61538,14.82761,43.62328,36.55493,9.41077,31.07729,16.31213,23.56673,0.00000,28.59795,9.21303,36.60972,3.38425,27.63422,31.85048,37.40619,26.13079,29.80088,17.79615,54.53051,33.52328,38.80204,40.74283,26.69504,57.97660,42.74006,42.72659,56.90673,18.87361,49.92179,48.46378,11.50272,62.68220,36.30373
36.48840,36.99099,15.97445,9.85419,20.59467,16.60290,42.55416,34.98154,28.20268,32.15991,46.23219,41.04316,30.00821,25.42944,11.57889,6.29891,50.28062,17.41273,32.28131,25.17504,38.01006,59.24376,44.04283,26.38060,24.69527,35.26275,27.73346,43.27777,61.73259,37.45414,30.30104,50.48463,27.79484,34.78546,31.43456,53.38409,30.63349,36.44826,8.39181,15.91825,20.20478,49.33050,3.64434,12.84139,30.24799,30.06785,37.05241,39.85833,58.42258,37.64881,32.95962,32.86340,17.51009,4.06510,30.84523,43.07663,35.24504,59.57123,12.49485,17.38710,36.76391,26.34677,6.01503,6.51585,22.18220,35.71402,50.88428,25.90946,17.02603,56.60045,8.93983,36.44811,11.95442,40.60121,50.90786,28.59795,0.00000,27.84641,28.46878,26.70525,33.55104,25.04382,16.28160,18.81471,12.82225,14.89062,35.34447,27.22485,50.95030,50.10545,4.11005,34.16929,14.18238,48.54267,43.34819,13.42463,55.78389,58.87472,30.26359,35.80291,36.48840
44.03034,59.12532,34.32158,37.32214,41.01345,31.41045,22.49836,30.91809,39.90578,40.57749,44.96927,36.94053,43.15704,10.13021,26.06824,21.59702,50.63295,26.64771,54.27852,33.24733,41.15948,48.99911,36.84753,37.47941,32.36095,47.68555,37.83414,41.17964,44.06274,61.24590,2.48659,55.20089,9.76233,36.80836,56.57341,33.88013,53.71560,35.15189,32.38827,31.75221,34.63078,40.77702,31.45459,39.57450,7.31595,23.85069,36.82745,60.25721,56.27536,43.65207,56.20971,29.87458,41.09125,26.90934,44.85160,47.05110,7.61072,44.52119,28.60387,43.23287,20.91369,50.14105,23.63479,27.06882,7.60608,32.96068,30.79468,9.90114,19.27662,52.82708,36.63241,10.09270,33.71540,25.04228,30.25460,9.21303,27.84641,0.00000,42.67635,6.23563,35.86321,24.05126,32.53265,31.27504,25.01265,13.77509,47.91384,39.78253,47.96069,49.75769,27.24894,52.70575,41.77047,51.44688,48.96372,15.23165,58.75462,57.60563,3.02200,58.79276,44.03034
10.95003,59.54087,43.93553,31.69773,47.04653,45.03876,42.29400,22.99980,56.48383,60.60348,25.30930,68.48093,1.88315,46.66482,19.24391,29.39358,26.83986,45.56869,55.64255,53.61162,66.39395,43.22026,29.84528,5.71402,53.09882,63.11846,6.27744,71.17890,52.93337,57.96397,44.81145,23.92521,48.41643,16.25486,50.90661,48.72900,53.15048,20.38751,20.60391,44.30633,8.87570,34.38929,28.70436,35.07652,48.74934,24.82037,65.03893,63.63824,35.43371,13.10117,54.88465,21.51745,42.39237,24.87803,58.57837,71.53971,47.29842,48.36179,40.96270,39.45757,35.34553,48.86677,25.74992,34.96416,41.71194,21.76385,47.63871,46.95904,23.49634,35.25040,26.64452,45.86787,16.86314,36.65622,48.31729,36.60972,28.46878,42.67635,0.00000,37.52040,15.67023,51.96514,44.60309,11.79547,40.87672,36.69003,63.16427,3.18689,30.20560,27.28064,24.67886,59.83459,32.87387,23.48515,71.80157,35.92444,29.63649,35.15563,45.69553,57.58551,10.95003
38.12539,60.64954,35.97308,36.52503,42.55925,33.55847,18.33775,24.68251,43.18858,44.46364,38.73663,42.46849,37.84611,15.38321,22.43284,20.46059,44.39737,29.39460,55.76819,36.82615,45.88484,43.37432,30.76282,32.13076,35.95300,51.10945,32.35055,46.58249,39.76400,62.28770,7.67569,49.02613,15.56731,30.68082,57.08593,29.91739,54.88535,28.93020,29.72092,33.72180,29.91630,34.85463,30.34049,39.20756,13.54003,17.62261,41.87915,62.26205,50.09516,37.64374,57.36504,23.65592,41.83641,24.90006,47.89314,51.81569,9.97653,39.61326,30.17289,43.29868,15.41357,51.03446,21.58269,27.41515,11.32500,26.72841,26.95266,15.28514,14.70009,46.69562,35.00514,9.91731,30.42205,19.69632,26.60698,3.38425,26.70525,6.23563,37.52040,0.00000,29.76622,28.47817,34.48434,26.52586,26.85602,14.85640,51.31738,34.51939,41.77231,43.52427,25.21191,55.02296,40.88723,45.23724,53.53682,16.03777,52.52857,51.40395,8.89540,60.06152,38.12539
9.28793,69.27195,49.37120,40.34058,54.08334,49.24674,28.62815,7.98174,60.96332,64.22276,12.70062,68.25334,14.51206,42.83195,21.97972,31.35468,16.96071,47.99297,64.86492,56.53570,68.51834,28.40446,14.23976,11.19425,55.84162,68.45244,9.86724,71.69311,37.26480,68.63680,37.43024,19.52378,43.93908,1.24122,61.81655,33.51251,62.76684,4.72077,28.24482,48.77774,16.12345,19.03420,35.39797,43.96085,42.95018,12.78615,65.97330,72.73655,24.88153,8.12915,64.83507,7.27981,50.41434,29.48818,64.16752,74.18741,38.25837,32.74418,44.92211,48.75147,22.17121,58.36493,28.49067,39.18809,37.73172,6.29295,32.74420,42.96397,20.12469,23.15709,35.75693,35.76175,25.29047,22.35555,33.54237,27.63422,33.55104,35.86321,15.67023,29.76622,0.00000,52.02214,49.28811,15.49155,43.53278,35.25150,68.56115,13.02306,17.53021,16.63860,29.47244,67.60078,42.89945,16.24119,75.05955,35.11165,23.77194,25.42062,38.65634,67.66482,9.28793
57.78072,39.82763,18.00295,29.57094,23.51173,14.11845,46.44002,49.90331,17.16335,16.75196,63.59381,16.55223,53.21516,14.11836,32.80543,22.57494,68.71466,9.14993,35.40780,10.31555,17.45424,71.41968,57.68798,48.50367,9.49332,24.35858,49.53646,19.68554,68.01754,43.26336,25.13722,71.12503,15.48451,53.20885,40.66264,57.90597,35.89324,53.15593,33.33111,15.05245,43.12883,62.34385,26.92825,29.55521,19.57846,43.01572,14.02215,39.57926,75.75474,58.30000,38.22686,48.21593,26.49531,27.64752,22.37915,23.38687,30.15046,68.09044,14.99735,30.74298,43.81713,33.59681,26.23426,19.19513,17.15527,51.49988,54.83259,14.47543,31.89751,72.92244,32.28322,33.68933,36.64001,48.13389,54.30527,31.85048,25.04382,24.05126,51.96514,28.47817,52.02214,0.00000,15.62022,40.65824,12.62351,16.80733,24.61469,50.02542,67.53075,68.15194,27.92339,31.58647,33.21638,68.23141,25.05978,16.92546,75.76075,76.71742,23.93252,40.27431,57.78072
52.74756,26.63064,2.38380,15.94830,8.68332,1.50520,52.57212,49.62531,11.92175,16.07966,61.84684,28.09666,46.19846,25.02295,27.45911,18.20386,66.18581,6.93992,21.81986,10.11067,22.74309,73.34791,58.43626,42.65889,9.97513,19.16483,44.00032,29.23625,73.42054,29.13466,34.48451,66.72785,27.23539,50.52932,25.53660,64.06528,21.56377,51.73182,24.06705,0.78102,36.48130,63.59218,16.07298,14.84682,31.08155,43.75593,23.09065,27.81345,74.13437,53.85161,24.03317,47.60318,10.87589,20.21542,14.93025,27.28407,39.93991,72.21146,4.59980,15.23321,48.08501,18.56867,20.79766,10.11512,24.98671,50.68109,61.21834,25.53460,30.67348,72.03587,20.02623,42.57444,27.80551,52.31410,60.96996,37.40619,16.28160,32.53265,44.60309,34.48434,49.28811,15.62022,0.00000,35.02794,7.63188,19.63269,19.27325,43.48607,66.40347,65.92414,20.32635,20.57574,18.70897,64.66702,27.27373,18.54077,71.97354,74.70730,33.74638,26.46566,52.74756
17.74827,53.79082,34.78716,24.86676,38.99854,35.21460,34.67857,19.38717,46.92044,50.64423,28.09493,57.21041,12.74041,34.87048,7.92662,18.27049,31.69042,34.94240,49.41457,43.28118,55.84215,43.23404,28.20328,7.88373,42.68718,54.07613,9.06728,60.11885,49.37880,53.16289,33.51078,31.70193,36.63827,16.66737,46.37734,43.16510,47.28512,19.26201,12.76041,34.61114,3.39061,33.44139,20.17717,28.48470,37.08816,17.65857,54.07021,57.31475,40.02726,18.83514,49.34436,17.30423,35.07608,14.81522,49.65719,61.22429,36.47359,45.86023,30.95300,33.26587,27.70516,42.88386,14.78821,24.97970,29.93097,19.29743,41.44337,35.16715,12.00026,38.59592,20.27021,35.53907,9.88496,30.15512,41.88586,26.13079,18.81471,31.27504,11.79547,26.52586,15.49155,40.65824,35.02794,0.00000,30.27364,24.97081,54.15889,9.42699,32.99470,31.62580,14.71923,52.40499,27.43826,29.74732,61.74856,24.27542,36.96946,40.33175,34.29505,52.17339,17.74827
47.94943,34.11646,9.30903,17.17280,16.00174,6.75213,44.98290,43.09441,17.74193,20.69034,55.86005,28.23908,42.30180,18.19289,22.38338,12.22421,60.49306,4.69448,29.26607,13.06379,25.58759,66.42592,51.71016,38.12783,12.43066,25.58039,39.33936,30.47761,65.93779,36.32248,27.03984,61.75709,20.53127,44.76743,32.09667,56.49793,28.76353,45.55969,21.21397,6.86627,32.26543,56.77766,14.34630,17.69085,24.14634,36.90102,24.26739,35.44025,68.17597,48.81038,31.25510,41.14509,16.67657,16.01577,21.74955,30.96112,32.49297,64.88703,3.69679,19.90694,40.64314,25.37858,15.49599,6.61447,17.53853,44.31452,53.63133,18.71710,24.10499,65.83723,19.66000,35.01264,24.73112,44.90549,53.36760,29.80088,12.82225,25.01265,40.87672,26.85602,43.53278,12.62351,7.63188,30.27364,0.00000,12.01148,25.73667,39.31084,60.24826,60.12488,16.23553,28.17819,21.10095,59.34877,31.60404,10.96794,66.78370,68.88072,26.38115,33.79923,47.94943
41.38626,45.87163,21.13114,23.84330,27.75000,18.74081,32.98933,33.21440,28.92517,30.87565,46.80183,33.03150,37.71111,10.89200,17.59659,9.19800,51.90753,14.95209,40.99477,23.02695,33.79768,55.50839,41.28191,32.59054,22.20001,36.88147,33.46675,36.44795,54.07283,47.70868,16.08031,54.47753,13.14197,36.42918,42.84759,44.52485,40.23253,36.36181,21.19677,18.87306,27.84713,46.12497,18.32466,25.88794,15.35839,26.46850,30.81616,47.40692,58.99265,41.75070,42.72272,31.47102,27.40151,15.14292,33.38600,39.64471,21.38507,53.27324,15.33022,29.46020,28.89365,36.52247,12.36932,13.29617,7.30655,34.74825,41.63791,11.32456,15.14497,56.24150,23.82966,23.42708,23.56101,33.20169,41.36153,17.79615,14.89062,13.77509,36.69003,14.85640,35.25150,16.80733,19.63269,24.97081,12.01148,0.00000,37.06853,34.38354,50.80154,51.34686,15.49082,40.18944,28.29126,51.48097,40.91364,1.50416,59.01318,59.92826,15.77952,45.37264,41.38626
71.80540,20.66647,19.38164,32.19202,16.76002,19.40425,69.65266,68.73004,8.14877,8.34753,81.11401,24.55638,64.84598,38.46622,46.70017,37.39589,85.45183,22.11681,18.29551,14.67519,14.42762,92.15969,77.42540,61.66008,15.56181,0.29155,63.04527,22.47924,91.01652,25.58527,49.32862,85.81290,40.04283,69.80235,27.00116,81.23151,20.58350,70.96614,42.58270,19.79907,55.40073,82.51064,34.48659,29.48835,44.15423,62.63380,19.10556,18.02360,93.40557,72.99327,21.83323,66.74053,22.13065,39.35932,4.59599,14.41128,54.53878,90.34137,23.70701,26.67630,65.95458,21.57003,40.07088,29.37861,40.46179,69.85829,78.24472,38.87559,49.72993,91.27477,37.10341,57.87133,46.31029,70.26828,77.84287,54.53051,35.34447,47.91384,63.16427,51.31738,68.56115,24.61469,19.27325,54.15889,25.73667,37.06853,0.00000,62.31558,85.64917,85.19654,39.44238,11.00071,32.94254,83.86890,12.46748,36.32669,91.12830,93.97979,48.23724,22.37584,71.80540
10.08294,59.75118,42.97762,31.40577,46.48794,43.82421,39.13172,20.05463,55.40475,59.36803,23.59715,66.57325,3.40000,44.12047,17.22173,27.53101,25.74618,44.00279,55.69648,52.20005,64.89347,41.05817,27.26262,2.52809,51.64887,62.25573,3.25000,69.40650,50.19108,58.44082,41.87772,23.84907,45.80309,13.74266,51.42807,45.72798,53.30212,17.73261,19.79520,43.14103,7.05448,31.97406,27.84845,34.89350,45.98737,21.64360,63.31663,63.68992,34.35943,11.92322,55.13861,18.49096,42.04623,23.44424,57.75111,70.15790,44.24594,45.76441,39.65799,39.43230,32.17394,48.96351,23.95158,33.64263,39.11422,18.93888,44.57648,44.39620,20.71722,33.81731,26.40830,42.74883,16.13964,33.54476,45.23683,33.52328,27.22485,39.78253,3.18689,34.51939,13.02306,50.02542,43.48607,9.42699,39.31084,34.38354,62.31558,0.00000,28.56901,26.03849,23.28057,59.52702,33.00004,22.81351,70.53975,33.70205,29.44393,34.25855,42.79617,57.88720,10.08294
19.49093,86.78550,66.62921,57.85919,71.52867,66.25657,32.33911,17.64405,77.89277,80.86753,4.99650,83.20581,28.48505,56.59581,39.37520,48.26278,6.09118,64.53244,82.39302,73.06840,84.56663,14.67353,11.68867,27.55137,72.32642,85.52668,26.01895,86.96094,29.29702,86.06122,48.86474,14.58364,57.19451,16.33298,79.18847,30.81771,80.27978,14.69371,45.75509,65.85405,33.29551,10.66589,52.90731,61.47823,55.27338,24.68816,81.54939,90.26669,8.33404,17.19920,82.32946,19.33135,67.93605,46.90033,81.32897,90.36713,47.90921,23.35820,61.94387,66.25982,28.65564,75.87856,45.66559,56.36711,51.74769,16.06131,31.74198,56.61244,36.21327,5.65022,53.22843,44.42584,42.70904,26.02703,32.88807,38.80204,50.95030,47.96069,30.20560,41.77231,17.53021,67.53075,66.40347,32.99470,60.24826,50.80154,85.64917,28.56901,0.00000,4.74829,46.90294,85.07351,60.32262,10.53936,91.45832,50.93958,13.97321,9.68297,50.28241,85.15299,19.49093
16.34235,85.21506,65.98049,56.38730,70.55787,65.88470,35.76619,18.87316,77.59826,80.81294,4.79179,84.12717,25.47358,57.91296,38.56345,47.97424,1.37523,64.54274,80.94332,73.09183,84.91824,19.29977,14.94812,25.38736,72.38312,85.08888,23.83796,87.73869,34.02272,84.22703,50.86233,9.84384,58.69422,15.39756,77.27316,35.15697,78.71757,15.03766,44.29874,65.41592,31.45811,15.03537,51.77710,59.98675,57.06295,26.01021,82.16240,88.88020,8.42511,14.19934,80.68523,20.18725,66.70002,46.04056,80.79434,90.64258,50.36488,28.10095,61.56006,64.70841,31.43673,74.32877,45.12760,55.82036,52.94252,16.94154,35.88928,57.97129,36.40014,8.13365,51.60526,47.07391,41.04414,29.26777,37.00846,40.74283,50.10545,49.75769,27.28064,43.52427,16.63860,68.15194,65.92414,31.62580,60.12488,51.34686,85.19654,26.03849,4.74829,0.00000,46.00805,84.01602,58.55955,5.84086,91.58917,51.34601,9.92122,8.78329,52.23905,83.48219,16.34235
32.42141,40.65188,20.07992,12.48249,24.62581,20.57574,39.96656,31.14580,32.23711,36.09519,42.16246,44.21850,26.15578,26.36847,7.53562,6.30882,46.17573,20.91610,36.01147,28.94996,41.71514,55.46184,40.23367,22.34393,28.42440,39.35818,23.67472,46.67132,58.53554,40.83632,29.73509,46.40712,28.63260,30.70469,34.57212,50.50139,34.22862,32.45232,5.76238,19.93240,16.23386,45.53650,6.40205,15.86699,30.60450,26.54719,40.48260,43.69057,54.33464,33.55422,36.49556,29.01281,21.28352,0.35000,34.95022,46.89809,34.35208,56.14157,16.37929,20.61592,33.87643,29.88394,3.64906,10.36490,22.50006,31.79326,48.11645,26.81012,13.83368,52.55215,9.86157,35.11072,8.72987,37.54828,48.21440,26.69504,4.11005,27.24894,24.67886,25.21191,29.47244,27.92339,20.32635,14.71923,16.23553,15.49082,39.44238,23.28057,46.90294,46.00805,0.00000,38.17850,16.40617,44.43604,47.26006,14.17571,51.68762,54.77432,29.89837,39.34871,32.42141
69.44445,9.69665,19.38946,28.14868,13.58496,21.46633,73.14768,69.04466,14.81614,17.96985,80.30126,35.06539,61.63469,44.24015,45.71347,37.91511,84.09518,26.07789,7.67610,21.34556,25.19083,93.15742,78.04391,59.31035,22.12206,11.25003,60.79579,33.34799,93.93869,14.58734,54.48564,83.36981,46.17927,68.82511,16.71610,84.63812,10.37738,70.61623,39.90859,21.32501,52.99062,83.29193,32.23900,24.77555,50.24501,63.65102,29.42343,8.01502,92.39611,70.92154,11.12455,66.94924,17.48088,38.19363,9.88186,25.35228,59.90013,92.56493,25.05271,20.69911,68.58519,12.76864,39.77488,29.44284,45.10034,69.85965,81.79407,44.71292,50.43517,90.72096,33.19286,62.79720,43.43230,72.78098,81.54246,57.97660,34.16929,52.70575,59.83459,55.02296,67.60078,31.58647,20.57574,52.40499,28.17819,40.18944,11.00071,59.52702,85.07351,84.01602,38.17850,0.00000,27.43348,81.96147,23.19747,39.11625,88.91323,92.73631,53.60040,11.38969,69.44445
43.07735,26.75197,16.71610,4.45253,16.21837,19.98740,56.36370,46.22167,28.28111,33.24154,55.36967,46.80476,34.72553,37.95334,22.81350,20.44765,58.44310,24.09706,22.76902,28.69377,40.78829,70.46345,55.27437,33.22493,28.64570,32.98001,34.76701,47.78917,74.71467,25.74107,44.18606,56.73071,40.37262,44.05057,18.94838,66.87926,20.30679,46.65812,14.85842,18.96802,27.10845,60.57601,10.55563,3.87959,43.35580,42.47094,41.72183,30.76437,66.97950,44.79808,22.15618,44.07321,10.81194,16.63866,28.47583,44.53803,49.26792,72.02959,18.22392,6.73582,50.26554,15.99508,19.71410,15.62070,35.53379,46.48001,64.51829,38.46765,30.18627,65.87212,7.24677,50.60637,17.61656,53.87201,64.62055,42.74006,14.18238,41.77047,32.87387,40.88723,42.89945,33.21638,18.70897,27.43826,21.10095,28.29126,32.94254,33.00004,60.32262,58.55955,16.40617,27.43348,0.00000,55.79195,43.85511,26.78723,62.39241,67.06175,44.02073,24.93237,43.07735
12.73364,82.54251,64.51595,53.99131,68.67243,64.75934,39.61023,20.78679,76.49797,79.99032,8.49621,84.49255,21.61218,58.93049,37.22016,47.12457,4.63499,63.89572,78.43075,72.40505,84.57583,25.14062,19.18243,22.68177,71.74129,83.77973,21.17643,87.91093,39.66114,81.24556,52.78632,4.48616,59.93072,15.09199,74.22143,40.15673,76.07975,16.32959,42.05391,64.21276,28.98173,20.29078,49.84398,57.53834,58.67206,27.63794,82.15461,86.41390,12.34263,11.04720,77.94173,21.58653,64.51601,44.51159,79.38610,90.18349,52.85887,33.80392,60.45246,62.15515,34.58759,71.72521,44.01012,54.56340,53.85718,18.62961,40.62827,59.03983,36.34145,13.46386,49.06789,49.83780,38.58777,32.99380,41.70450,42.72659,48.54267,51.44688,23.48515,45.23724,16.24119,68.23141,64.66702,29.74732,59.34877,51.48097,83.86890,22.81351,10.53936,5.84086,44.43604,81.96147,55.79195,0.00000,90.94900,51.30939,7.53235,11.75832,54.09876,80.69666,12.73364
79.48107,32.64280,28.29560,42.34074,27.79580,26.76361,71.43592,74.00448,15.71959,11.20315,87.22528,16.63359,73.35616,38.86635,53.92176,43.82680,92.00501,27.06947,30.69438,18.54395,7.92642,96.27467,82.19550,69.53931,19.21921,12.27846,70.80790,12.93051,93.01437,37.70664,49.81779,93.34154,39.78860,76.28831,39.46639,82.84025,33.04501,76.83547,51.32880,27.51729,63.49367,87.01389,43.34386,40.14842,43.66069,67.37128,13.08685,29.26163,99.52096,80.39722,34.22175,72.17085,33.22877,47.10279,15.98534,2.95561,54.49250,93.14982,30.88180,38.06219,68.85200,33.93042,47.04441,36.89720,42.21499,75.41341,79.74707,39.15023,55.26809,96.97886,46.93454,58.26318,55.06053,73.17535,79.17285,56.90673,43.34819,48.96372,71.80157,53.53682,75.05955,25.05978,27.27373,61.74856,31.60404,40.91364,12.46748,70.53975,91.45832,91.58917,47.26006,23.19747,43.85511,90.94900,0.00000,40.60045,98.38774,100.31024,48.51003,34.55637,79.48107
40.97103,44.62097,19.94549,22.33916,26.52169,17.71992,34.03143,33.41543,28.20209,30.36718,46.84967,33.32390,37.00119,12.19992,16.73387,7.86706,51.86985,14.23877,39.74074,22.50190,33.63002,56.02746,41.64392,31.98360,21.69685,36.14776,32.91319,36.61049,54.98441,46.37734,17.55623,54.21076,14.49573,36.30472,41.44476,45.53372,38.92244,36.41375,19.91113,17.79241,27.05781,46.55669,16.83659,24.39627,16.82624,26.79480,30.86370,46.25017,59.08557,41.41638,41.40970,31.61586,26.02393,13.83015,32.54555,39.43083,22.83761,54.04596,14.15020,28.00251,29.72504,35.16910,11.17866,11.84000,8.79918,34.87840,42.67805,12.65012,14.99208,56.42009,22.36001,24.80228,22.38898,34.01007,42.43155,18.87361,13.42463,15.23165,35.92444,16.03777,35.11165,16.92546,18.54077,24.27542,10.96794,1.50416,36.32669,33.70205,50.93958,51.34601,14.17571,39.11625,26.78723,51.30939,40.60045,0.00000,58.83758,59.97501,17.27507,44.07756,40.97103
19.47019,89.12189,71.75419,60.83233,75.73177,72.10434,45.67583,27.91372,83.83619,87.39675,14.40237,92.02448,27.75761,66.39941,44.56877,54.56195,8.68119,71.35042,85.12573,79.84566,92.06602,26.84531,24.86691,29.62881,79.19085,91.04549,28.17468,95.44136,42.70293,87.59969,60.01925,5.74592,67.36082,22.61677,80.53959,44.79085,82.69827,23.60568,49.03473,71.53622,35.95411,24.63642,56.93471,64.33472,66.01110,34.90599,89.67762,93.12170,10.53438,18.13562,84.48249,28.88534,71.43786,51.77743,86.62239,97.65473,59.85416,36.63798,67.80853,68.87054,41.17636,78.37819,51.39558,61.88777,61.33810,25.81349,45.67431,66.50047,43.87301,13.81243,55.84927,56.68865,45.48105,39.15499,46.80943,49.92179,55.78389,58.75462,29.63649,52.52857,23.77194,75.76075,71.97354,36.96946,66.78370,59.01318,91.12830,29.44393,13.97321,9.92122,51.68762,88.91323,62.39241,7.53235,98.38774,58.83758,0.00000,8.85385,61.35546,87.20043,19.47019
24.26966,93.77037,74.76023,65.01250,79.30064,74.66481,41.64947,27.03465,86.37536,89.56483,13.12726,92.56806,33.29472,66.11555,47.34096,56.74430,8.65000,73.27917,89.55027,81.82891,93.58235,18.96292,21.28814,33.83693,81.11381,93.87200,32.29498,96.24815,35.30235,92.65545,58.53787,13.18190,66.77464,24.17946,85.66489,38.81509,87.28209,23.56746,52.95005,74.19836,40.01439,19.28941,60.50193,68.59995,64.92077,34.15589,90.73766,97.50454,2.04359,22.33769,89.21211,28.55418,75.38665,54.81041,89.57701,99.32934,57.57684,29.21345,70.34020,73.29272,38.28636,82.90269,53.91054,64.60364,61.21604,25.26946,40.16383,66.14702,45.07417,6.26139,60.18228,54.06252,49.63086,35.49600,41.34664,48.46378,58.87472,57.60563,35.15563,51.40395,25.42062,76.71742,74.70730,40.33175,68.88072,59.92826,93.97979,34.25855,9.68297,8.78329,54.77432,92.73631,67.06175,11.75832,100.31024,59.97501,8.85385,0.00000,59.95182,91.99409,24.26966
46.92910,60.37604,35.65621,39.56830,42.34156,32.54253,23.40024,33.46223,40.35067,40.64634,47.44727,35.72315,46.16831,9.81969,29.00747,24.08301,53.14888,27.54044,55.56276,33.57413,40.63065,50.65201,39.01164,40.48625,32.68924,47.99803,40.82707,40.06607,44.80070,62.70345,1.47839,57.91408,8.74389,39.57576,58.26522,34.49765,55.14402,37.77728,35.14587,32.96617,37.64891,42.73670,33.83476,41.66661,5.32383,26.46362,36.06004,61.27770,58.57060,46.50372,57.63494,32.51224,42.76074,29.55486,45.40122,46.46070,6.32579,45.64818,30.04074,45.15176,22.65502,51.70206,26.31621,29.01777,8.87947,35.54225,31.37905,9.45859,22.29749,55.03352,39.12490,9.77446,36.58375,26.61946,30.73806,11.50272,30.26359,3.02200,45.69553,8.89540,38.65634,23.93252,33.74638,34.29505,26.38115,15.77952,48.23724,42.79617,50.28241,52.23905,29.89837,53.60040,44.02073,54.09876,48.51003,17.27507,61.35546,59.95182,0.00000,60.15929,46.92910
67.97008,2.54951,24.50380,27.38240,17.81913,27.76303,77.52316,70.38409,24.88304,28.80283,80.22258,46.01181,59.45720,51.45623,46.63932,40.88439,83.37461,33.10515,4.87468,30.59503,36.37534,94.72428,79.48417,58.15721,31.23489,22.61892,59.69938,44.56945,97.42264,3.24394,60.83897,81.50613,53.62210,68.83815,7.58127,88.72779,5.21584,71.23456,39.42700,27.24034,52.02457,84.79703,32.95885,23.77006,57.52309,65.84803,40.29945,7.60612,91.90441,69.72066,2.85449,68.23743,18.48679,39.46417,20.60573,36.74181,66.29216,95.37375,30.18916,18.94639,72.23030,9.46629,41.80223,32.83349,51.33632,70.85840,86.06677,51.96300,52.81838,90.73011,31.92658,68.72980,42.47081,76.21648,85.96425,62.68220,35.80291,58.79276,57.58551,60.06152,67.66482,40.27431,26.46566,52.17339,33.79923,45.37264,22.37584,57.88720,85.15299,83.48219,39.34871,11.38969,24.93237,80.69666,34.55637,44.07756,87.20043,91.99409,60.15929,0.00000,67.97008
0,0,0,0,0,0,0,0,0,0,0,0,0,0,0,0,0,0,0,0,0,0,0,0,0,0,0,0,0,0,0,0,0,0,0,0,0,0,0,0,0,0,0,0,0,0,0,0,0,0,0,0,0,0,0,0,0,0,0,0,0,0,0,0,0,0,0,0,0,0,0,0,0,0,0,0,0,0,0,0,0,0,0,0,0,0,0,0,0,0,0,0,0,0,0,0,0,0,0,0,0