0.00000,0.35532,0.57009,0.70401,1.06888,1.29928,1.53236,1.78133,2.01882,0.42500,0.61492,0.67546,1.01150,1.03983,1.44957,1.67798,2.00141,2.16824,1.22729,1.01119,1.34280,1.31196,1.46735,1.71483,1.85068,2.09672,2.41997,1.70074,1.86363,1.69779,1.81539,2.07981,2.18418,2.40117,2.39178,2.66012,1.92516,2.29156,2.40260,2.41415,2.29469,2.47815,2.49061,2.67219,3.03778,2.62512,2.68072,2.49562,2.98423,2.76236,2.95169,3.05747,3.21179,3.35037,3.00167,3.26161,3.15377,3.26238,3.44465,3.19863,3.57159,3.64486,3.72374,3.55141,3.58373,3.75516,3.85884,3.95380,3.96082,3.96934,4.03872,4.14012,4.32507,3.95387,4.15226,4.38534,4.31741,4.22404,4.49868,4.26746,4.42747,4.77605,4.80416,4.65759,4.64442,4.87859,4.91814,4.81566,5.04740,5.14423,5.17524,5.32711,5.16551,5.34603,5.07949,5.38429,5.26806,5.45550,5.37593,0.00000
0.35532,0.00000,0.23717,0.45621,0.82840,1.05030,1.30600,1.55503,1.77500,0.27042,0.27951,0.32016,0.65622,0.72801,1.11803,1.35577,1.68542,1.86815,0.99624,0.72887,1.00405,0.96177,1.11383,1.36221,1.50541,1.75000,2.08387,1.45129,1.57500,1.38609,1.47839,1.73656,1.83115,2.04588,2.04221,2.31138,1.66208,2.00062,2.09314,2.09359,1.95464,2.12720,2.13615,2.31746,2.68247,2.36326,2.40052,2.18932,2.66282,2.42706,2.60696,2.70751,2.85974,2.99520,2.74431,2.97542,2.85701,2.94714,3.12380,2.86225,3.23110,3.29867,3.37083,3.29109,3.30009,3.45905,3.54692,3.63817,3.63017,3.63120,3.69628,3.79119,4.05771,3.67534,3.85811,4.08075,4.00078,3.89888,4.16691,3.92747,4.08121,4.51172,4.52507,4.36212,4.33827,4.56625,4.59653,4.48839,4.71222,4.80501,4.90312,5.05056,4.87814,5.04740,4.76760,5.06538,4.94229,5.12311,5.03866,0.35532
0.57009,0.23717,0.00000,0.27042,0.61847,0.83104,1.09345,1.34001,1.55181,0.45621,0.26575,0.17678,0.46971,0.49117,0.88388,1.11943,1.44849,1.63133,1.02042,0.71589,0.88070,0.80700,0.90588,1.15027,1.28062,1.52684,1.85236,1.43962,1.51678,1.30096,1.34838,1.59001,1.65473,1.85152,1.82294,2.09075,1.63133,1.93294,2.00062,1.98510,1.81332,1.95736,1.95080,2.11261,2.48508,2.32406,2.34121,2.10015,2.54914,2.29197,2.45204,2.53882,2.68386,2.80179,2.70647,2.90528,2.77511,2.84088,3.00884,2.72328,3.08322,3.13847,3.19081,3.24692,3.23120,3.37509,3.44284,3.52881,3.49866,3.48685,3.54348,3.62328,4.00328,3.61049,3.77508,3.98450,3.88909,3.77525,4.03245,3.77905,3.91950,4.45905,4.45702,4.27617,4.23947,4.45905,4.47668,4.36040,4.57124,4.65678,4.84155,4.98404,4.80026,4.95631,4.66061,4.94855,4.81586,4.98623,4.89368,0.57009
0.70401,0.45621,0.27042,0.00000,0.37500,0.60208,0.85147,1.10114,1.32712,0.71151,0.53151,0.41003,0.57554,0.37165,0.79569,1.00000,1.31196,1.46735,1.27009,0.95688,1.03259,0.92500,0.91924,1.14127,1.22602,1.47246,1.75731,1.66602,1.71026,1.47585,1.47521,1.69004,1.70770,1.86715,1.77658,2.03669,1.84340,2.11320,2.15711,2.12515,1.91638,2.01634,1.98274,2.10149,2.48697,2.52401,2.52500,2.25887,2.67792,2.39713,2.52846,2.59326,2.72511,2.80947,2.90528,3.07612,2.93566,2.97595,3.13309,2.81969,3.16514,3.20205,3.22151,3.43848,3.40165,3.53067,3.57718,3.65693,3.60035,3.57159,3.61602,3.67236,4.18397,3.78319,3.93009,4.12530,4.01318,3.88563,4.12826,3.85689,3.97720,4.64018,4.62446,4.42677,4.37679,4.58653,4.58939,4.46346,4.65678,4.73207,5.01411,5.15182,4.95763,5.10006,4.78781,5.06372,4.91967,5.07623,4.97293,0.70401
1.06888,0.82840,0.61847,0.37500,0.00000,0.23049,0.47762,0.72672,0.95296,1.07384,0.85037,0.70445,0.70045,0.30208,0.60104,0.73527,1.00902,1.13192,1.52192,1.20416,1.14045,0.99812,0.85037,1.01520,1.03078,1.26343,1.48871,1.86011,1.84476,1.58902,1.51596,1.68170,1.63191,1.73439,1.56625,1.81004,2.00655,2.21501,2.21923,2.16232,1.90411,1.93810,1.86832,1.92695,2.32123,2.65259,2.62512,2.32231,2.68666,2.37553,2.46272,2.49562,2.60732,2.64622,3.02696,3.14692,2.99103,2.99009,3.12860,2.77781,3.09778,3.10846,3.08322,3.54189,3.46852,3.57159,3.58373,3.65308,3.55712,3.50402,3.53076,3.55431,4.26277,3.85073,3.96689,4.13778,4.00031,3.85292,4.07224,3.77707,3.86846,4.71732,4.67787,4.45316,4.38214,4.57527,4.55556,4.41595,4.58271,4.64307,5.07451,5.20342,4.99249,5.11200,4.77507,5.03122,4.87083,5.00650,4.88832,1.06888
1.29928,1.05030,0.83104,0.60208,0.23049,0.00000,0.26926,0.50990,0.72543,1.28695,1.04403,0.89338,0.81624,0.41608,0.52738,0.58523,0.81624,0.91549,1.66527,1.35208,1.21501,1.06095,0.83815,0.95131,0.91686,1.13054,1.31077,1.96421,1.91377,1.65095,1.53664,1.66771,1.57678,1.64050,1.42522,1.65473,2.09001,2.25846,2.23844,2.16708,1.88282,1.87500,1.78361,1.80312,2.19829,2.70751,2.66282,2.34094,2.66763,2.34121,2.40013,2.41299,2.51122,2.52203,3.07459,3.16228,2.99802,2.97174,3.09778,2.72683,3.02872,3.02335,2.97122,3.57500,3.47940,3.56590,3.55686,3.61948,3.50000,3.43238,3.44828,3.45199,4.27734,3.86005,3.95672,4.11195,3.95956,3.80074,4.00500,3.69670,3.77036,4.72930,4.67527,4.43466,4.35101,4.53335,4.50000,4.35259,4.50285,4.55412,5.07506,5.19820,4.97751,5.08263,4.73161,4.97506,4.80527,4.92804,4.80130,1.29928
1.53236,1.30600,1.09345,0.85147,0.47762,0.26926,0.00000,0.25000,0.49117,1.54960,1.31244,1.16216,1.07529,0.68237,0.69327,0.65192,0.77540,0.80039,1.92760,1.61652,1.45129,1.29349,1.02956,1.09202,1.00281,1.17925,1.27696,2.20978,2.14009,1.87500,1.73385,1.83473,1.70624,1.72518,1.45129,1.65246,2.32392,2.46539,2.42706,2.34441,2.04022,1.99076,1.87650,1.84560,2.23607,2.92030,2.86324,2.52834,2.81980,2.48118,2.51010,2.50000,2.58094,2.55453,3.28072,3.34253,3.17185,3.12270,3.23593,2.84660,3.12660,3.10252,3.01672,3.76837,3.65462,3.72601,3.69679,3.75242,3.60867,3.52509,3.52819,3.50731,4.45344,4.03268,4.11134,4.25096,4.08389,3.91352,4.10030,3.77798,3.82957,4.90217,4.83509,4.57998,4.48400,4.65470,4.60679,4.45112,4.58183,4.62196,5.23701,5.35455,5.12500,5.21566,4.85084,5.07999,4.90006,5.00756,4.87083,1.53236
1.78133,1.55503,1.34001,1.10114,0.72672,0.50990,0.25000,0.00000,0.25739,1.79618,1.55242,1.40112,1.28695,0.91001,0.83254,0.71589,0.72543,0.67315,2.13966,1.83388,1.62980,1.46991,1.17154,1.18533,1.05149,1.18454,1.20130,2.39439,2.30054,2.03485,1.86581,1.93423,1.77095,1.74678,1.42522,1.59472,2.49261,2.60108,2.54276,2.44872,2.12720,2.03731,1.90296,1.82517,2.20511,3.06033,2.98925,2.64197,2.89418,2.54583,2.54472,2.51247,2.57609,2.51508,3.41147,3.44384,3.26697,3.19394,3.29336,2.88801,3.14454,3.10252,2.98549,3.88273,3.74917,3.80403,3.75383,3.80206,3.63456,3.53571,3.52642,3.48228,4.54650,4.12311,4.18218,4.30501,4.12348,3.94216,4.11096,3.77632,3.80666,4.99062,4.90949,4.63964,4.53114,4.68948,4.62709,4.46374,4.57500,4.60435,5.31284,5.42414,5.18562,5.26100,4.88294,5.09718,4.90771,5.00006,4.85412,1.78133
2.01882,1.77500,1.55181,1.32712,0.95296,0.72543,0.49117,0.25739,0.00000,2.00562,1.74678,1.59472,1.43962,1.09345,0.92229,0.74246,0.63246,0.50062,2.28213,1.98699,1.73349,1.57421,1.24549,1.20675,1.03350,1.11496,1.05030,2.49662,2.37303,2.10965,1.91050,1.94165,1.74428,1.67631,1.31529,1.45022,2.57354,2.64114,2.56040,2.45459,2.11808,1.98699,1.83439,1.71172,2.07635,3.10212,3.01507,2.65636,2.86356,2.50799,2.47601,2.42203,2.46830,2.37553,3.44029,3.43893,3.25624,3.15793,3.24230,2.82323,3.05461,2.99552,2.85011,3.89045,3.73530,3.77202,3.70000,3.74040,3.54982,3.43657,3.41550,3.35000,4.52804,4.10320,4.14103,4.24595,4.05039,3.85884,4.00952,3.66444,3.67500,4.96588,4.86987,4.58530,4.46430,4.60977,4.53335,4.36306,4.45568,4.47507,5.27376,5.37820,5.13085,5.19044,4.80007,4.99925,4.80111,4.87910,4.72507,2.01882
0.42500,0.27042,0.45621,0.71151,1.07384,1.28695,1.54960,1.79618,2.00562,0.00000,0.30208,0.43661,0.73824,0.92635,1.27402,1.52192,1.85540,2.05502,0.80351,0.59424,0.97082,0.97243,1.20052,1.44957,1.62115,1.85759,2.21599,1.27598,1.44265,1.28865,1.43265,1.70660,1.84391,2.08626,2.13600,2.40637,1.50021,1.87033,1.98888,2.00811,1.91344,2.12500,2.15928,2.37539,2.72236,2.20014,2.25680,2.07996,2.57730,2.37118,2.57694,2.69745,2.86007,3.02541,2.57694,2.83835,2.73324,2.85044,3.03645,2.80769,3.18640,3.27156,3.37500,3.12660,3.15991,3.33401,3.44420,3.54127,3.56107,3.57946,3.65624,3.77359,3.90008,3.52934,3.73037,3.96682,3.90520,3.81846,4.09954,3.88016,4.05285,4.35115,4.37957,4.23586,4.22641,4.46346,4.50902,4.41149,4.65195,4.75460,4.75026,4.90230,4.74190,4.92500,4.66402,4.97293,4.86216,5.05625,4.98310,0.42500
0.61492,0.27951,0.26575,0.53151,0.85037,1.04403,1.31244,1.55242,1.74678,0.30208,0.00000,0.15207,0.43732,0.65431,0.97628,1.22577,1.55925,1.76440,0.76035,0.46704,0.72887,0.70045,0.90139,1.15109,1.31933,1.55664,1.91393,1.19504,1.30096,1.10708,1.20260,1.46501,1.57520,1.80451,1.83746,2.10787,1.39754,1.72500,1.81401,1.81418,1.68077,1.86564,1.88580,2.08716,2.44182,2.09657,2.12735,1.91050,2.38354,2.15087,2.33680,2.44387,2.60024,2.74966,2.47853,2.70000,2.57937,2.66763,2.84451,2.58662,2.95772,3.02995,3.11338,3.02335,3.02510,3.18129,3.26745,3.35866,3.35261,3.35652,3.42427,3.52580,3.78690,3.40147,3.58059,3.80173,3.72131,3.62017,3.88973,3.65385,3.81256,4.24161,4.25066,4.08427,4.05909,4.28675,4.31741,4.21011,4.43629,4.53100,4.63047,4.77664,4.60170,4.76898,4.48811,4.78605,4.66376,4.84620,4.76366,0.61492
0.67546,0.32016,0.17678,0.41003,0.70445,0.89338,1.16216,1.40112,1.59472,0.43661,0.15207,0.00000,0.33634,0.50249,0.83815,1.08541,1.41885,1.61941,0.86023,0.54886,0.71107,0.65000,0.79726,1.04672,1.20052,1.44222,1.78885,1.26738,1.34001,1.12528,1.18242,1.43113,1.51348,1.72572,1.73007,2.00000,1.45602,1.75642,1.82654,1.81401,1.65246,1.81177,1.81676,1.99828,2.36233,2.14767,2.16449,1.92565,2.37973,2.12911,2.29810,2.39283,2.54276,2.67512,2.53007,2.72913,2.60000,2.66985,2.84000,2.56223,2.92617,2.98768,3.05287,3.07022,3.05502,3.20039,3.27156,3.35876,3.33513,3.32838,3.38895,3.47716,3.82655,3.43411,3.60035,3.81182,3.71971,3.60919,3.87016,3.62250,3.76978,4.28230,4.28092,4.10191,4.06732,4.28872,4.30965,4.19591,4.41163,4.50035,4.66510,4.80787,4.62507,4.78291,4.49027,4.78076,4.65094,4.82506,4.73583,0.67546
1.01150,0.65622,0.46971,0.57554,0.70045,0.81624,1.07529,1.28695,1.43962,0.73824,0.43732,0.33634,0.00000,0.40697,0.57500,0.82538,1.15434,1.37500,0.85330,0.54829,0.46098,0.35089,0.46503,0.71502,0.88353,1.11943,1.48092,1.16001,1.15596,0.91001,0.90139,1.12805,1.18533,1.39014,1.40089,1.67126,1.30886,1.54616,1.58213,1.55000,1.35324,1.48766,1.48408,1.66208,2.02639,1.96930,1.95848,1.68412,2.10535,1.83371,1.98447,2.06912,2.21472,2.34001,2.34800,2.50325,2.36075,2.40208,2.56223,2.26177,2.61737,2.66939,2.72271,2.87457,2.82843,2.95519,3.00375,3.08515,3.03994,3.02200,3.07581,3.15357,3.61360,3.21033,3.35457,3.55079,3.44284,3.32086,3.57159,3.31257,3.45009,4.06971,4.05008,3.85130,3.80296,4.01528,4.02384,3.90272,4.10708,4.19002,4.44072,4.57739,4.38214,4.52528,4.21671,4.49722,4.35868,4.52362,4.42789,1.01150
1.03983,0.72801,0.49117,0.37165,0.30208,0.41608,0.68237,0.91001,1.09345,0.92635,0.65431,0.50249,0.40697,0.00000,0.42426,0.63885,0.96209,1.14018,1.25000,0.93608,0.83853,0.69642,0.58363,0.78462,0.85513,1.10114,1.39014,1.56565,1.54293,1.28695,1.22091,1.40022,1.37772,1.51348,1.40557,1.66508,1.70660,1.91377,1.92256,1.87033,1.62500,1.68671,1.63650,1.73656,2.12500,2.35053,2.32433,2.02562,2.40325,2.10134,2.20709,2.25624,2.37973,2.44872,2.72511,2.85011,2.69676,2.70567,2.85011,2.51247,2.84429,2.86814,2.86923,3.24133,3.17264,3.28101,3.30237,3.37509,3.29365,3.25125,3.28672,3.32838,3.96548,3.55501,3.67764,3.85519,3.72575,3.58556,3.81486,3.53058,3.63748,4.42048,4.38534,4.16691,4.10191,4.30065,4.28930,4.15519,4.33417,4.40206,4.78076,4.91153,4.70439,4.83024,4.50111,4.76478,4.61099,4.75618,4.64523,1.03983
1.44957,1.11803,0.88388,0.79569,0.60104,0.52738,0.69327,0.83254,0.92229,1.27402,0.97628,0.83815,0.57500,0.42426,0.00000,0.25125,0.58363,0.80000,1.37568,1.09829,0.81125,0.65192,0.34004,0.42500,0.43732,0.68007,0.97082,1.57520,1.46820,1.20260,1.04193,1.14701,1.05030,1.13385,0.98520,1.24197,1.66208,1.77553,1.73385,1.65322,1.35854,1.35093,1.27009,1.33065,1.72355,2.23271,2.17083,1.83525,2.14257,1.81401,1.87650,1.89885,2.00702,2.04848,2.58964,2.65106,2.48244,2.44655,2.57063,2.20057,2.50799,2.51122,2.48244,3.07510,2.96490,3.04385,3.02995,3.09213,2.97542,2.91301,2.93471,2.95349,3.76364,3.34412,3.43293,3.58504,3.43238,3.27510,3.48398,3.18198,3.26822,4.21374,4.15346,3.90872,3.82369,4.00632,3.97531,3.83023,3.98811,4.04514,4.55419,4.67527,4.45211,4.55535,4.20476,4.45063,4.28384,4.41262,4.29105,1.44957
1.67798,1.35577,1.11943,1.00000,0.73527,0.58523,0.65192,0.71589,0.74246,1.52192,1.22577,1.08541,0.82538,0.63885,0.25125,0.00000,0.33354,0.55057,1.60721,1.34001,1.01796,0.86350,0.51478,0.47170,0.35089,0.54601,0.76035,1.77077,1.63248,1.37045,1.16887,1.21912,1.06125,1.07529,0.84039,1.07616,1.83525,1.90148,1.83115,1.73385,1.41156,1.34001,1.22526,1.21912,1.61400,2.36233,2.28158,1.92938,2.18203,1.83746,1.85826,1.85068,1.93810,1.93730,2.70567,2.72809,2.55110,2.48319,2.58964,2.19559,2.47550,2.45624,2.38917,3.16909,3.03336,3.09122,3.05061,3.10373,2.95677,2.87511,2.88195,2.87337,3.83088,3.40771,3.47212,3.60390,3.43302,3.26161,3.45000,3.13139,3.19345,4.27566,4.19829,3.93526,3.83487,4.00328,3.95506,3.80033,3.93645,3.98152,4.60122,4.71500,4.48086,4.56625,4.19918,4.42846,4.25007,4.36212,4.22966,1.67798
2.00141,1.68542,1.44849,1.31196,1.00902,0.81624,0.77540,0.72543,0.63246,1.85540,1.55925,1.41885,1.15434,0.96209,0.58363,0.33354,0.00000,0.24622,1.90739,1.65473,1.29808,1.15244,0.79451,0.66049,0.44511,0.48283,0.50312,2.02562,1.85236,1.60020,1.36015,1.34536,1.12361,1.04403,0.70000,0.87928,2.06231,2.07018,1.96612,1.85068,1.50541,1.35577,1.20208,1.10000,1.48029,2.52846,2.42500,2.05822,2.23607,1.87883,1.84408,1.79618,1.85270,1.79252,2.85055,2.82245,2.63688,2.52834,2.61008,2.19103,2.42912,2.37973,2.26122,3.28110,3.11328,3.14295,3.06757,3.10815,2.92254,2.81603,2.80279,2.75726,3.90296,3.47797,3.50972,3.61360,3.41989,3.23120,3.39061,3.05256,3.08150,4.33820,4.23859,3.95285,3.83275,3.98121,3.91040,3.74383,3.85008,3.87895,4.64247,4.74605,4.49840,4.55967,4.17260,4.37864,4.18576,4.27500,4.12871,2.00141
2.16824,1.86815,1.63133,1.46735,1.13192,0.91549,0.80039,0.67315,0.50062,2.05502,1.76440,1.61941,1.37500,1.14018,0.80000,0.55057,0.24622,0.00000,2.14767,1.88845,1.54212,1.39463,1.03712,0.90588,0.68648,0.68007,0.55000,2.27184,2.09657,1.84560,1.60176,1.57341,1.33534,1.21886,0.83104,0.95000,2.30705,2.30489,2.19232,2.07199,1.72210,1.54434,1.37591,1.22091,1.57817,2.76134,2.65189,2.28213,2.43118,2.07138,2.01029,1.94052,1.97690,1.87517,3.07673,3.03119,2.84297,2.71765,2.78714,2.35850,2.57099,2.50325,2.35000,3.49518,3.31521,3.33242,3.24047,3.27433,3.06808,2.94714,2.92104,2.85011,4.09939,3.67466,3.69121,3.78054,3.57509,3.37731,3.51826,3.16938,3.17510,4.52942,4.41942,4.12288,3.99257,4.12924,4.04514,3.87177,3.95790,3.97531,4.82293,4.92119,4.66704,4.71500,4.31741,4.50867,4.30712,4.38078,4.22530,2.16824
1.22729,0.99624,1.02042,1.27009,1.52192,1.66527,1.92760,2.13966,2.28213,0.80351,0.76035,0.86023,0.85330,1.25000,1.37568,1.60721,1.90739,2.14767,0.00000,0.31820,0.62500,0.75664,1.11383,1.30024,1.52684,1.70294,2.10238,0.47566,0.69327,0.63738,0.89617,1.17180,1.40912,1.70386,1.90739,2.15870,0.70711,1.10680,1.26343,1.31743,1.32877,1.62250,1.72210,2.01944,2.29469,1.40089,1.47139,1.34280,1.86765,1.72572,1.98021,2.14257,2.32392,2.55856,1.77518,2.05502,1.96469,2.11734,2.31530,2.15058,2.54018,2.66012,2.83196,2.32513,2.37237,2.55979,2.69595,2.80022,2.86324,2.91258,3.01081,3.17264,3.10040,2.73644,2.95169,3.20156,3.16327,3.09940,3.39899,3.21753,3.42509,3.55009,3.58556,3.45697,3.46239,3.70919,3.77467,3.69332,3.95885,4.07776,3.95198,4.10617,3.95364,4.14804,3.90800,4.22973,4.13657,4.34986,4.29571,1.22729
1.01119,0.72887,0.71589,0.95688,1.20416,1.35208,1.61652,1.83388,1.98699,0.59424,0.46704,0.54886,0.54829,0.93608,1.09829,1.34001,1.65473,1.88845,0.31820,0.00000,0.45894,0.53968,0.87643,1.09345,1.30863,1.51038,1.90296,0.72801,0.85330,0.69642,0.87070,1.15244,1.33534,1.60877,1.74732,2.01029,0.93341,1.28111,1.39463,1.41620,1.34559,1.59099,1.65548,1.91654,2.23005,1.63440,1.67519,1.48598,1.98447,1.78973,2.01122,2.14782,2.31908,2.51645,2.01556,2.25347,2.14272,2.25624,2.44297,2.22514,2.60792,2.70416,2.83395,2.56223,2.57694,2.74431,2.85011,2.94703,2.97122,2.99635,3.07916,3.21141,3.32960,2.95011,3.14185,3.37435,3.31097,3.22568,3.50972,3.29867,3.48210,3.78327,3.80033,3.64700,3.63361,3.86951,3.91511,3.81911,4.06402,4.17051,4.17620,4.32500,4.15752,4.33503,4.07017,4.37871,4.26907,4.46598,4.39666,1.01119
1.34280,1.00405,0.88070,1.03259,1.14045,1.21501,1.45129,1.62980,1.73349,0.97082,0.72887,0.71107,0.46098,0.83853,0.81125,1.01796,1.29808,1.54212,0.62500,0.45894,0.00000,0.16008,0.50621,0.67546,0.90312,1.07964,1.47839,0.76526,0.70445,0.45069,0.47434,0.73824,0.88459,1.15109,1.29808,1.55744,0.87500,1.08541,1.12611,1.10454,0.95197,1.15569,1.20416,1.45774,1.77658,1.51348,1.49771,1.22729,1.66883,1.42302,1.61032,1.72663,1.89011,2.06897,1.89027,2.04359,1.90411,1.96023,2.12897,1.85826,2.22893,2.30448,2.40533,2.41415,2.36907,2.50112,2.56223,2.64823,2.62702,2.62774,2.69595,2.80401,3.15288,2.75068,2.90097,3.10494,3.00884,2.89881,3.16327,2.92500,3.08677,3.60902,3.59209,3.40000,3.35932,3.57841,3.59878,3.48658,3.70818,3.80214,3.98152,4.11947,3.92787,4.07776,3.77996,4.06971,3.94121,4.11924,4.03500,1.34280
1.31196,0.96177,0.80700,0.92500,0.99812,1.06095,1.29349,1.46991,1.57421,0.97243,0.70045,0.65000,0.35089,0.69642,0.65192,0.86350,1.15244,1.39463,0.75664,0.53968,0.16008,0.00000,0.35795,0.55509,0.77540,0.97082,1.36473,0.92534,0.85330,0.59266,0.55057,0.78302,0.87500,1.11496,1.21166,1.47733,1.03078,1.21758,1.23744,1.20026,1.00654,1.16619,1.18770,1.41001,1.75018,1.65529,1.62865,1.34001,1.75446,1.48598,1.64810,1.74589,1.90016,2.05335,2.02885,2.16232,2.01556,2.05137,2.21148,1.91638,2.27706,2.33800,2.41299,2.54583,2.48659,2.60768,2.65295,2.73427,2.69270,2.68014,2.73907,2.82942,3.27567,2.86891,3.00666,3.20039,3.09213,2.97174,3.22578,2.97321,3.12030,3.73137,3.70557,3.50223,3.45226,3.66444,3.67432,3.55501,3.76431,3.85106,4.09794,4.23269,4.03438,4.17507,3.86588,4.14736,4.01077,4.17926,4.08725,1.31196
1.46735,1.11383,0.90588,0.91924,0.85037,0.83815,1.02956,1.17154,1.24549,1.20052,0.90139,0.79726,0.46503,0.58363,0.34004,0.51478,0.79451,1.03712,1.11383,0.87643,0.50621,0.35795,0.00000,0.25000,0.43661,0.66002,1.03712,1.25623,1.13137,0.86639,0.70445,0.83442,0.79451,0.95197,0.93608,1.20649,1.32877,1.43636,1.40201,1.32900,1.05475,1.10369,1.06360,1.20675,1.58114,1.89291,1.83388,1.50416,1.83882,1.52520,1.62346,1.67631,1.80589,1.90016,2.25125,2.32433,2.16001,2.14272,2.27843,1.93084,2.26067,2.28706,2.30339,2.74146,2.64126,2.73096,2.73427,2.80279,2.71155,2.66763,2.70428,2.75341,3.43920,3.02200,3.12380,3.28871,3.15010,3.00510,3.23149,2.94756,3.05951,3.89118,3.83968,3.60642,3.53217,3.72508,3.70844,3.57246,3.75075,3.82001,4.23866,4.36363,4.14736,4.26241,3.92500,4.18405,4.02810,4.17260,4.06263,1.46735
1.71483,1.36221,1.15027,1.14127,1.01520,0.95131,1.09202,1.18533,1.20675,1.44957,1.15109,1.04672,0.71502,0.78462,0.42500,0.47170,0.66049,0.90588,1.30024,1.09345,0.67546,0.55509,0.25000,0.00000,0.23049,0.41908,0.80971,1.36953,1.19269,0.93975,0.70799,0.74917,0.62550,0.72887,0.68648,0.95688,1.40201,1.43462,1.35946,1.26343,0.94868,0.92635,0.85513,0.96501,1.34629,1.89555,1.81056,1.45774,1.72808,1.39329,1.45194,1.48071,1.59726,1.66827,2.23509,2.25942,2.08462,2.03132,2.14971,1.77570,2.08462,2.09359,2.08462,2.69780,2.56734,2.63403,2.60984,2.66985,2.55049,2.49023,2.51558,2.54583,3.36573,2.94364,3.01962,3.16475,3.00843,2.85011,3.06023,2.76191,2.85712,3.81264,3.74308,3.49088,3.40165,3.58207,3.55035,3.40588,3.56765,3.62836,4.14503,4.26277,4.03524,4.13348,3.78029,4.02570,3.85981,3.99163,3.87331,1.71483
1.85068,1.50541,1.28062,1.22602,1.03078,0.91686,1.00281,1.05149,1.03350,1.62115,1.31933,1.20052,0.88353,0.85513,0.43732,0.35089,0.44511,0.68648,1.52684,1.30863,0.90312,0.77540,0.43661,0.23049,0.00000,0.24749,0.60104,1.59765,1.41090,1.16297,0.91549,0.91001,0.71981,0.72672,0.55057,0.81317,1.62211,1.62673,1.53052,1.42149,1.08541,0.99058,0.87500,0.89617,1.29059,2.08597,1.98778,1.62500,1.84340,1.49436,1.50748,1.50187,1.59472,1.61555,2.41350,2.40637,2.22514,2.14257,2.24346,1.84560,2.12515,2.10950,2.05700,2.85701,2.70567,2.75341,2.70428,2.75545,2.60588,2.52550,2.53500,2.53537,3.50089,3.07663,3.13069,3.25672,3.08302,2.91076,3.10010,2.78411,2.85351,3.94248,3.85811,3.58966,3.48613,3.65282,3.60425,3.45009,3.58974,3.63808,4.26153,4.37271,4.13552,4.21723,3.84854,4.07776,3.90032,4.01528,3.88563,1.85068
2.09672,1.75000,1.52684,1.47246,1.26343,1.13054,1.17925,1.18454,1.11496,1.85759,1.55664,1.44222,1.11943,1.10114,0.68007,0.54601,0.48283,0.68007,1.70294,1.51038,1.07964,0.97082,0.66002,0.41908,0.24749,0.00000,0.40000,1.71646,1.49520,1.26738,0.98900,0.91001,0.65622,0.56403,0.30516,0.56569,1.70880,1.65076,1.52192,1.39665,1.04433,0.87321,0.72154,0.67315,1.06800,2.10060,1.98116,1.60877,1.75588,1.39754,1.36428,1.32877,1.40201,1.39149,2.40442,2.35120,2.16333,2.04649,2.12735,1.71026,1.96023,1.92516,1.84391,2.81536,2.63688,2.66130,2.58517,2.62702,2.45013,2.35332,2.35053,2.33037,3.42381,2.99885,3.02696,3.13209,2.94215,2.75794,2.92884,2.60048,2.65165,3.85722,3.75583,3.47068,3.35308,3.50616,3.44284,3.28110,3.40331,3.44284,4.15970,4.26329,4.01637,4.08121,3.69899,3.91352,3.72710,3.82900,3.69163,2.09672
2.41997,2.08387,1.85236,1.75731,1.48871,1.31077,1.27696,1.20130,1.05030,2.21599,1.91393,1.78885,1.48092,1.39014,0.97082,0.76035,0.50312,0.55000,2.10238,1.90296,1.47839,1.36473,1.03712,0.80971,0.60104,0.40000,0.00000,2.10861,1.87500,1.65718,1.37045,1.25225,0.96469,0.76035,0.33634,0.40000,2.08806,1.99123,1.83746,1.70018,1.34559,1.09659,0.90588,0.68784,1.02987,2.42745,2.29020,1.91523,1.97563,1.61652,1.51038,1.41620,1.43723,1.32524,2.70578,2.60156,2.40832,2.24680,2.29469,1.85607,2.04022,1.96119,1.80000,3.07673,2.86586,2.85701,2.73918,2.76428,2.53833,2.40793,2.37592,2.30014,3.63352,3.21141,3.20039,3.26956,3.05225,2.84715,2.97626,2.62345,2.62512,4.05193,3.92508,3.61464,3.47320,3.59905,3.50616,3.32951,3.40918,3.42536,4.32702,4.41765,4.15587,4.19002,3.78451,3.96682,3.76181,3.83161,3.67534,2.41997
1.70074,1.45129,1.43962,1.66602,1.86011,1.96421,2.20978,2.39439,2.49662,1.27598,1.19504,1.26738,1.16001,1.56565,1.57520,1.77077,2.02562,2.27184,0.47566,0.72801,0.76526,0.92534,1.25623,1.36953,1.59765,1.71646,2.10861,0.00000,0.31325,0.45277,0.75042,0.96598,1.25623,1.55985,1.85422,2.07515,0.23717,0.66049,0.85147,0.93842,1.05386,1.39149,1.53480,1.87033,2.07921,0.92534,1.00062,0.91549,1.45022,1.36679,1.65076,1.83933,2.02808,2.30489,1.30096,1.58371,1.50208,1.67798,1.88232,1.76812,2.15783,2.30054,2.51719,1.85068,1.89885,2.09195,2.24235,2.35053,2.44093,2.51060,2.62226,2.81214,2.62512,2.26122,2.48118,2.73701,2.71155,2.66177,2.97122,2.81536,3.04385,3.07541,3.11006,2.98590,2.99802,3.24933,3.32538,3.25356,3.53288,3.66103,3.47644,3.63051,3.47922,3.67730,3.44692,3.77467,3.69121,3.91472,3.87177,1.70074
1.86363,1.57500,1.51678,1.71026,1.84476,1.91377,2.14009,2.30054,2.37303,1.44265,1.30096,1.34001,1.15596,1.54293,1.46820,1.63248,1.85236,2.09657,0.69327,0.85330,0.70445,0.85330,1.13137,1.19269,1.41090,1.49520,1.87500,0.31325,0.00000,0.26575,0.50621,0.67546,0.97532,1.27525,1.59883,1.80434,0.21360,0.42793,0.57064,0.63738,0.74330,1.08541,1.23744,1.57995,1.77200,0.81432,0.82651,0.65000,1.17527,1.06125,1.34001,1.52643,1.71501,1.99264,1.19504,1.40089,1.29059,1.42522,1.62211,1.47246,1.86296,1.99765,2.20582,1.73079,1.72518,1.89159,2.00904,2.11084,2.17083,2.22626,2.33091,2.51023,2.48759,2.10060,2.28870,2.52500,2.47449,2.40637,2.70601,2.53143,2.74966,2.94300,2.95011,2.79397,2.78500,3.02593,3.08423,3.00042,3.26621,3.38711,3.32960,3.47581,3.30464,3.48255,3.22578,3.54207,3.44465,3.65659,3.60347,1.86363
1.69779,1.38609,1.30096,1.47585,1.58902,1.65095,1.87500,2.03485,2.10965,1.28865,1.10708,1.12528,0.91001,1.28695,1.20260,1.37045,1.60020,1.84560,0.63738,0.69642,0.45069,0.59266,0.86639,0.93975,1.16297,1.26738,1.65718,0.45277,0.26575,0.00000,0.30104,0.54829,0.81892,1.12278,1.40201,1.62673,0.46503,0.63738,0.70711,0.71981,0.69147,0.99562,1.11496,1.43723,1.67798,1.06360,1.04940,0.80351,1.28865,1.10255,1.34536,1.50520,1.68690,1.92938,1.43962,1.60488,1.47521,1.56465,1.74803,1.53501,1.92126,2.03039,2.19460,1.96469,1.93084,2.07635,2.16232,2.25610,2.27500,2.30448,2.39296,2.54178,2.70855,2.31098,2.47614,2.69467,2.61964,2.52982,2.81347,2.60792,2.80179,3.16475,3.15634,2.97878,2.95222,3.18208,3.22112,3.12300,3.36842,3.47716,3.54233,3.68349,3.50000,3.66231,3.38323,3.68655,3.57351,3.76962,3.70177,1.69779
1.81539,1.47839,1.34838,1.47521,1.51596,1.53664,1.73385,1.86581,1.91050,1.43265,1.20260,1.18242,0.90139,1.22091,1.04193,1.16887,1.36015,1.60176,0.89617,0.87070,0.47434,0.55057,0.70445,0.70799,0.91549,0.98900,1.37045,0.75042,0.50621,0.30104,0.00000,0.28284,0.52202,0.82462,1.10454,1.32594,0.71981,0.73527,0.70401,0.65192,0.48088,0.73015,0.82765,1.14018,1.39866,1.19504,1.12944,0.80700,1.20416,0.94868,1.14483,1.27720,1.45000,1.66527,1.54778,1.63133,1.47585,1.50083,1.66208,1.38406,1.75659,1.83933,1.96421,2.03854,1.95256,2.06231,2.10238,2.18418,2.15320,2.15407,2.22500,2.34361,2.74739,2.33479,2.46031,2.65012,2.54276,2.42706,2.68910,2.45217,2.62023,3.20156,3.16475,2.95381,2.90172,3.11448,3.12830,3.01351,3.23390,3.32885,3.55985,3.69121,3.48793,3.62500,3.31597,3.60035,3.46852,3.64495,3.56107,1.81539
2.07981,1.73656,1.59001,1.69004,1.68170,1.66771,1.83473,1.93423,1.94165,1.70660,1.46501,1.43113,1.12805,1.40022,1.14701,1.21912,1.34536,1.57341,1.17180,1.15244,0.73824,0.78302,0.83442,0.74917,0.91001,0.91001,1.25225,0.96598,0.67546,0.54829,0.28284,0.00000,0.30414,0.60000,0.94868,1.13496,0.87643,0.74204,0.62099,0.51478,0.22638,0.45069,0.57009,0.90554,1.12971,1.19085,1.07964,0.71502,1.00499,0.70711,0.87214,0.99562,1.16726,1.38677,1.50520,1.51038,1.33721,1.30863,1.45000,1.13385,1.49520,1.56625,1.68170,1.95080,1.82003,1.89819,1.90263,1.97500,1.91213,1.89737,1.95975,2.06700,2.61880,2.19801,2.28979,2.45624,2.32715,2.19559,2.44361,2.19160,2.34854,3.06757,3.00759,2.77218,2.70185,2.90172,2.89935,2.77511,2.98130,3.06941,3.40771,3.53058,3.31295,3.43083,3.10252,3.37380,3.23120,3.39641,3.30473,2.07981
2.18418,1.83115,1.65473,1.70770,1.63191,1.57678,1.70624,1.77095,1.74428,1.84391,1.57520,1.51348,1.18533,1.37772,1.05030,1.06125,1.12361,1.33534,1.40912,1.33534,0.88459,0.87500,0.79451,0.62550,0.71981,0.65622,0.96469,1.25623,0.97532,0.81892,0.52202,0.30414,0.00000,0.30414,0.65000,0.83104,1.17925,1.02865,0.87500,0.74330,0.38891,0.30923,0.32016,0.61847,0.89513,1.46309,1.33159,0.95721,1.12361,0.77621,0.83104,0.88671,1.02956,1.18454,1.75232,1.69890,1.51348,1.42302,1.52971,1.15027,1.46735,1.49436,1.53968,2.16001,1.99123,2.03362,1.99060,2.04710,1.92646,1.87417,1.91001,1.96977,2.78399,2.35929,2.41156,2.54472,2.38341,2.22500,2.44054,2.15305,2.27060,3.22374,3.13857,2.87446,2.77894,2.95677,2.92596,2.78411,2.95645,3.02593,3.54189,3.65411,3.41989,3.51079,3.15486,3.40147,3.23892,3.37870,3.26822,2.18418
2.40117,2.04588,1.85152,1.86715,1.73439,1.64050,1.72518,1.74678,1.67631,2.08626,1.80451,1.72572,1.39014,1.51348,1.13385,1.07529,1.04403,1.21886,1.70386,1.60877,1.15109,1.11496,0.95197,0.72887,0.72672,0.56403,0.76035,1.55985,1.27525,1.12278,0.82462,0.60000,0.30414,0.00000,0.42426,0.54601,1.47585,1.28865,1.10708,0.96177,0.61745,0.33634,0.15811,0.31623,0.63738,1.69945,1.54778,1.17527,1.22066,0.86023,0.80039,0.77540,0.87321,0.95033,1.95592,1.84153,1.64867,1.50083,1.56924,1.14701,1.40201,1.38316,1.35577,2.31638,2.11009,2.11498,2.02485,2.06413,1.88845,1.80000,1.80849,1.82003,2.88585,2.46196,2.47247,2.56965,2.37816,2.19559,2.37513,2.05746,2.13439,3.31210,3.20088,2.90947,2.78927,2.94279,2.88379,2.72603,2.86324,2.91397,3.60451,3.70473,3.45480,3.51719,3.13618,3.35596,3.17500,3.28871,3.16089,2.40117
2.39178,2.04221,1.82294,1.77658,1.56625,1.42522,1.45129,1.42522,1.31529,2.13600,1.83746,1.73007,1.40089,1.40557,0.98520,0.84039,0.70000,0.83104,1.90739,1.74732,1.29808,1.21166,0.93608,0.68648,0.55057,0.30516,0.33634,1.85422,1.59883,1.40201,1.10454,0.94868,0.65000,0.42426,0.00000,0.27042,1.80918,1.67798,1.51348,1.37295,1.02042,0.76035,0.57009,0.40000,0.78502,2.10550,1.96230,1.58784,1.64012,1.28062,1.18559,1.10962,1.15434,1.10369,2.37500,2.26523,2.07199,1.91377,1.96787,1.53317,1.74087,1.68170,1.56625,2.74055,2.53032,2.52550,2.41661,2.44655,2.23747,2.12132,2.10372,2.05973,3.30047,2.87772,2.87370,2.95265,2.74420,2.54669,2.69467,2.35332,2.38341,3.72156,3.60009,3.29621,3.16228,3.29848,3.21811,3.04816,3.15010,3.17982,4.00281,4.09695,3.83935,3.88402,3.48721,3.68409,3.48793,3.57500,3.42947,2.39178
2.66012,2.31138,2.09075,2.03669,1.81004,1.65473,1.65246,1.59472,1.45022,2.40637,2.10787,2.00000,1.67126,1.66508,1.24197,1.07616,0.87928,0.95000,2.15870,2.01029,1.55744,1.47733,1.20649,0.95688,0.81317,0.56569,0.40000,2.07515,1.80434,1.62673,1.32594,1.13496,0.83104,0.54601,0.27042,0.00000,2.00998,1.83439,1.64810,1.50021,1.16216,0.85000,0.64856,0.33634,0.63295,2.23886,2.07966,1.71118,1.68022,1.33159,1.17527,1.05149,1.05149,0.92534,2.47815,2.32123,2.12603,1.93084,1.95592,1.51162,1.66208,1.57043,1.40000,2.80112,2.56381,2.53032,2.38812,2.40442,2.15943,2.01944,1.98116,1.90016,3.31097,2.89364,2.85701,2.90689,2.67885,2.46703,2.58421,2.22767,2.22514,3.71727,3.57579,3.25356,3.10212,3.21763,3.11659,2.93694,3.01040,3.02541,3.97531,4.05902,3.79094,3.81264,3.40037,3.57430,3.36619,3.43238,3.27538,2.66012
1.92516,1.66208,1.63133,1.84340,2.00655,2.09001,2.32392,2.49261,2.57354,1.50021,1.39754,1.45602,1.30886,1.70660,1.66208,1.83525,2.06231,2.30705,0.70711,0.93341,0.87500,1.03078,1.32877,1.40201,1.62211,1.70880,2.08806,0.23717,0.21360,0.46503,0.71981,0.87643,1.17925,1.47585,1.80918,2.00998,0.00000,0.43012,0.63738,0.74204,0.91686,1.26590,1.42850,1.77570,1.94695,0.70178,0.76485,0.69147,1.22602,1.17180,1.46671,1.66602,1.85624,2.15087,1.08224,1.34838,1.26491,1.44503,1.65095,1.55724,1.94487,2.09672,2.33238,1.62980,1.66527,1.85540,2.00577,2.11453,2.21204,2.28870,2.40520,2.60588,2.40052,2.03055,2.24555,2.50000,2.47513,2.42822,2.74010,2.59278,2.82865,2.85274,2.88032,2.75057,2.76100,3.01216,3.08919,3.01921,3.30189,3.43266,3.25010,3.40230,3.24673,3.44184,3.20975,3.53774,3.45561,3.68120,3.64117,1.92516
2.29156,2.00062,1.93294,2.11320,2.21501,2.25846,2.46539,2.60108,2.64114,1.87033,1.72500,1.75642,1.54616,1.91377,1.77553,1.90148,2.07018,2.30489,1.10680,1.28111,1.08541,1.21758,1.43636,1.43462,1.62673,1.65076,1.99123,0.66049,0.42793,0.63738,0.73527,0.74204,1.02865,1.28865,1.67798,1.83439,0.43012,0.00000,0.23717,0.37832,0.67315,1.01119,1.20130,1.55423,1.65170,0.46098,0.41231,0.26575,0.79726,0.78462,1.09144,1.30504,1.49436,1.81418,0.81624,0.97500,0.86313,1.01766,1.22193,1.14018,1.52398,1.68560,1.94551,1.32900,1.30024,1.46373,1.58922,1.69448,1.78203,1.86028,1.97990,2.19046,2.07183,1.67798,1.86078,2.09881,2.05700,2.00156,2.31098,2.16391,2.40442,2.52797,2.52611,2.36604,2.35916,2.60300,2.66939,2.59386,2.87272,3.00260,2.90872,3.05256,2.87772,3.05471,2.80223,3.12300,3.03336,3.25442,3.21179,2.29156
2.40260,2.09314,2.00062,2.15711,2.21923,2.23844,2.42706,2.54276,2.56040,1.98888,1.81401,1.82654,1.58213,1.92256,1.73385,1.83115,1.96612,2.19232,1.26343,1.39463,1.12611,1.23744,1.40201,1.35946,1.53052,1.52192,1.83746,0.85147,0.57064,0.70711,0.70401,0.62099,0.87500,1.10708,1.51348,1.64810,0.63738,0.23717,0.00000,0.15207,0.49308,0.80700,1.00405,1.35301,1.42500,0.59266,0.45962,0.10308,0.60467,0.54829,0.85440,1.06800,1.25723,1.57877,0.88459,0.92770,0.77862,0.86205,1.05386,0.91992,1.30815,1.46031,1.71063,1.34164,1.25025,1.37523,1.45624,1.55242,1.60020,1.66001,1.77095,1.96866,2.04359,1.63267,1.77518,1.98778,1.91638,1.83848,2.13556,1.96501,2.19317,2.49812,2.46830,2.27555,2.24513,2.47601,2.52203,2.43272,2.69560,2.81702,2.86062,2.99552,2.80179,2.95677,2.67699,2.98423,2.87924,3.08707,3.03284,2.40260
2.41415,2.09359,1.98510,2.12515,2.16232,2.16708,2.34441,2.44872,2.45459,2.00811,1.81418,1.81401,1.55000,1.87033,1.65322,1.73385,1.85068,2.07199,1.31743,1.41620,1.10454,1.20026,1.32900,1.26343,1.42149,1.39665,1.70018,0.93842,0.63738,0.71981,0.65192,0.51478,0.74330,0.96177,1.37295,1.50021,0.74204,0.37832,0.15207,0.00000,0.35532,0.65622,0.85440,1.20208,1.27525,0.73866,0.59002,0.21506,0.57009,0.43012,0.72672,0.93341,1.12361,1.43723,1.00902,0.99812,0.83104,0.85586,1.03078,0.83554,1.22602,1.36221,1.59079,1.43636,1.31244,1.41090,1.45774,1.54536,1.55604,1.59531,1.69503,1.87417,2.11084,1.69300,1.80849,2.00141,1.90739,1.81056,2.09434,1.90016,2.11261,2.56223,2.51558,2.30217,2.25499,2.47487,2.50425,2.40338,2.65059,2.76338,2.91247,3.04138,2.83604,2.97542,2.67640,2.97195,2.85449,3.05010,2.98517,2.41415
2.29469,1.95464,1.81332,1.91638,1.90411,1.88282,2.04022,2.12720,2.11808,1.91344,1.68077,1.65246,1.35324,1.62500,1.35854,1.41156,1.50541,1.72210,1.32877,1.34559,0.95197,1.00654,1.05475,0.94868,1.08541,1.04433,1.34559,1.05386,0.74330,0.69147,0.48088,0.22638,0.38891,0.61745,1.02042,1.16216,0.91686,0.67315,0.49308,0.35532,0.00000,0.35089,0.53033,0.88388,1.03078,1.08541,0.94505,0.57009,0.78502,0.48088,0.66568,0.81394,0.99562,1.25225,1.36405,1.32098,1.14045,1.08915,1.22526,0.91001,1.27696,1.35946,1.50354,1.77570,1.62211,1.68616,1.67966,1.75018,1.68671,1.67668,1.74446,1.86581,2.41932,1.99625,2.07440,2.23397,2.10134,1.96930,2.21923,1.97310,2.13966,2.86466,2.79564,2.55269,2.47815,2.67605,2.67301,2.54951,2.75919,2.85044,3.19707,3.31681,3.09485,3.20790,2.87674,3.14742,3.00552,3.17303,3.08423,2.29469
2.47815,2.12720,1.95736,2.01634,1.93810,1.87500,1.99076,2.03731,1.98699,2.12500,1.86564,1.81177,1.48766,1.68671,1.35093,1.34001,1.35577,1.54434,1.62250,1.59099,1.15569,1.16619,1.10369,0.92635,0.99058,0.87321,1.09659,1.39149,1.08541,0.99562,0.73015,0.45069,0.30923,0.33634,0.76035,0.85000,1.26590,1.01119,0.80700,0.65622,0.35089,0.00000,0.20156,0.54601,0.68784,1.39284,1.22984,0.86350,0.88776,0.52738,0.52559,0.58149,0.73527,0.93608,1.62980,1.50520,1.31244,1.17394,1.25723,0.85586,1.15974,1.18585,1.25000,1.98021,1.77570,1.78885,1.71701,1.76529,1.62500,1.56625,1.60078,1.66602,2.55539,2.13087,2.15407,2.26771,2.09314,1.92646,2.13439,1.84391,1.96373,2.98549,2.88292,2.60300,2.49562,2.66423,2.62500,2.47954,2.64764,2.71673,3.28681,3.39199,3.14901,3.22665,2.86094,3.10010,2.93364,3.07022,2.95899,2.47815
2.49061,2.13615,1.95080,1.98274,1.86832,1.78361,1.87650,1.90296,1.83439,2.15928,1.88580,1.81676,1.48408,1.63650,1.27009,1.22526,1.20208,1.37591,1.72210,1.65548,1.20416,1.18770,1.06360,0.85513,0.87500,0.72154,0.90588,1.53480,1.23744,1.11496,0.82765,0.57009,0.32016,0.15811,0.57009,0.64856,1.42850,1.20130,1.00405,0.85440,0.53033,0.20156,0.00000,0.35355,0.57554,1.59236,1.43113,1.06360,1.07005,0.71063,0.64275,0.62948,0.74330,0.86639,1.83115,1.69742,1.50354,1.34629,1.41156,0.98900,1.25025,1.24122,1.24122,2.17443,1.96023,1.95975,1.86682,1.90608,1.73385,1.65076,1.66527,1.69189,2.73233,2.30895,2.31530,2.41156,2.22106,2.04037,2.22514,1.91328,2.00203,3.15674,3.04354,2.75136,2.63154,2.78657,2.73061,2.57512,2.71949,2.77511,3.44710,3.54683,3.29668,3.35978,2.98046,3.20351,3.02541,3.14454,3.02097,2.49061
2.67219,2.31746,2.11261,2.10149,1.92695,1.80312,1.84560,1.82517,1.71172,2.37539,2.08716,1.99828,1.66208,1.73656,1.33065,1.21912,1.10000,1.22091,2.01944,1.91654,1.45774,1.41001,1.20675,0.96501,0.89617,0.67315,0.68784,1.87033,1.57995,1.43723,1.14018,0.90554,0.61847,0.31623,0.40000,0.33634,1.77570,1.55423,1.35301,1.20208,0.88388,0.54601,0.35355,0.00000,0.39528,1.93730,1.76936,1.40757,1.34536,1.00000,0.84001,0.72887,0.75664,0.71981,2.15885,1.98778,1.79252,1.59452,1.62250,1.17925,1.35301,1.28379,1.17180,2.46792,2.22767,2.19502,2.05913,2.07981,1.85101,1.72627,1.70459,1.66208,2.97542,2.55759,2.52550,2.58421,2.36445,2.16001,2.29810,1.95400,1.98510,3.38378,3.24663,2.93002,2.78568,2.91204,2.82423,2.65165,2.75011,2.78051,3.64726,3.73430,3.46996,3.50223,3.09849,3.28824,3.08960,3.17500,3.03006,2.67219
3.03778,2.68247,2.48508,2.48697,2.32123,2.19829,2.23607,2.20511,2.07635,2.72236,2.44182,2.36233,2.02639,2.12500,1.72355,1.61400,1.48029,1.57817,2.29469,2.23005,1.77658,1.75018,1.58114,1.34629,1.29059,1.06800,1.02987,2.07921,1.77200,1.67798,1.39866,1.12971,0.89513,0.63738,0.78502,0.63295,1.94695,1.65170,1.42500,1.27525,1.03078,0.68784,0.57554,0.39528,0.00000,1.96930,1.77992,1.45344,1.24147,0.95197,0.69327,0.50000,0.43732,0.32500,2.12676,1.87949,1.68838,1.43571,1.41466,0.97628,1.05149,0.94108,0.78142,2.35385,2.07515,1.99828,1.81556,1.81676,1.54353,1.39149,1.34838,1.27720,2.77545,2.37118,2.29197,2.31098,2.06836,1.84814,1.95256,1.59472,1.60176,3.15931,2.99635,2.65824,2.49324,2.59543,2.48646,2.30489,2.37973,2.40052,3.39061,3.46428,3.18836,3.19423,2.77500,2.94215,2.73324,2.80279,2.65047,3.03778
2.62512,2.36326,2.32406,2.52401,2.65259,2.70751,2.92030,3.06033,3.10212,2.20014,2.09657,2.14767,1.96930,2.35053,2.23271,2.36233,2.52846,2.76134,1.40089,1.63440,1.51348,1.65529,1.89291,1.89555,2.08597,2.10060,2.42745,0.92534,0.81432,1.06360,1.19504,1.19085,1.46309,1.69945,2.10550,2.23886,0.70178,0.46098,0.59266,0.73866,1.08541,1.39284,1.59236,1.93730,1.96930,0.00000,0.20616,0.52974,0.86205,1.02622,1.32524,1.55020,1.72790,2.07515,0.38243,0.69327,0.67268,0.95033,1.16001,1.25000,1.58902,1.78781,2.11009,0.92804,0.98900,1.20830,1.41532,1.53501,1.71919,1.85152,1.99812,2.25846,1.70000,1.34001,1.58114,1.85809,1.87916,1.87916,2.21148,2.14009,2.41997,2.15131,2.18661,2.08102,2.11734,2.38183,2.49111,2.45013,2.76586,2.91815,2.55110,2.70567,2.56052,2.77151,2.57391,2.91815,2.86466,3.11549,3.10494,2.62512
2.68072,2.40052,2.34121,2.52500,2.62512,2.66282,2.86324,2.98925,3.01507,2.25680,2.12735,2.16449,1.95848,2.32433,2.17083,2.28158,2.42500,2.65189,1.47139,1.67519,1.49771,1.62865,1.83388,1.81056,1.98778,1.98116,2.29020,1.00062,0.82651,1.04940,1.12944,1.07964,1.33159,1.54778,1.96230,2.07966,0.76485,0.41231,0.45962,0.59002,0.94505,1.22984,1.43113,1.76936,1.77992,0.20616,0.00000,0.37500,0.65622,0.83104,1.12528,1.35023,1.52582,1.87517,0.42573,0.58363,0.51478,0.76199,0.97372,1.04403,1.38654,1.58311,1.90394,0.91720,0.90312,1.09202,1.26516,1.38067,1.53806,1.66001,1.80278,2.05746,1.66208,1.27500,1.48071,1.73925,1.73385,1.71501,2.04221,1.95256,2.22626,2.11793,2.12515,1.98573,2.00016,2.25624,2.34854,2.29524,2.60048,2.74693,2.50312,2.65012,2.48521,2.67699,2.45204,2.78714,2.71960,2.96079,2.94034,2.68072
2.49562,2.18932,2.10015,2.25887,2.32231,2.34094,2.52834,2.64197,2.65636,2.07996,1.91050,1.92565,1.68412,2.02562,1.83525,1.92938,2.05822,2.28213,1.34280,1.48598,1.22729,1.34001,1.50416,1.45774,1.62500,1.60877,1.91523,0.91549,0.65000,0.80351,0.80700,0.71502,0.95721,1.17527,1.58784,1.71118,0.69147,0.26575,0.10308,0.21506,0.57009,0.86350,1.06360,1.40757,1.45344,0.52974,0.37500,0.00000,0.53502,0.53968,0.84890,1.06888,1.25549,1.58765,0.79569,0.82462,0.67685,0.77540,0.97275,0.87500,1.25822,1.42149,1.69060,1.24122,1.14728,1.27500,1.36428,1.46309,1.52643,1.59726,1.71483,1.92516,1.94052,1.52971,1.67500,1.89159,1.82705,1.75659,2.05913,1.90148,2.13907,2.39505,2.36604,2.17629,2.14971,2.38354,2.43516,2.35053,2.62023,2.74591,2.75794,2.89331,2.70104,2.85887,2.58421,2.89504,2.79475,3.00759,2.95846,2.49562
2.98423,2.66282,2.54914,2.67792,2.68666,2.66763,2.81980,2.89418,2.86356,2.57730,2.38354,2.37973,2.10535,2.40325,2.14257,2.18203,2.23607,2.43118,1.86765,1.98447,1.66883,1.75446,1.83882,1.72808,1.84340,1.75588,1.97563,1.45022,1.17527,1.28865,1.20416,1.00499,1.12361,1.22066,1.64012,1.68022,1.22602,0.79726,0.60467,0.57009,0.78502,0.88776,1.07005,1.34536,1.24147,0.86205,0.65622,0.53502,0.00000,0.36056,0.54829,0.75911,0.91241,1.27009,0.90864,0.64517,0.45069,0.30414,0.46098,0.38810,0.74204,0.92905,1.25025,1.12500,0.89022,0.91001,0.90000,0.98011,0.99562,1.06301,1.18559,1.41510,1.66827,1.24348,1.29156,1.45194,1.34001,1.24122,1.53175,1.36679,1.61109,2.10238,2.01634,1.76777,1.70000,1.91050,1.93423,1.83473,2.09120,2.21275,2.41919,2.53476,2.30990,2.42706,2.11202,2.40260,2.28487,2.48508,2.42822,2.98423
2.76236,2.42706,2.29197,2.39713,2.37553,2.34121,2.48118,2.54583,2.50799,2.37118,2.15087,2.12911,1.83371,2.10134,1.81401,1.83746,1.87883,2.07138,1.72572,1.78973,1.42302,1.48598,1.52520,1.39329,1.49436,1.39754,1.61652,1.36679,1.06125,1.10255,0.94868,0.70711,0.77621,0.86023,1.28062,1.33159,1.17180,0.78462,0.54829,0.43012,0.48088,0.52738,0.71063,1.00000,0.95197,1.02622,0.83104,0.53968,0.36056,0.00000,0.30923,0.53033,0.71589,1.05268,1.17925,0.99058,0.79569,0.65000,0.75664,0.43661,0.81892,0.93708,1.16324,1.46991,1.25000,1.26417,1.21655,1.27892,1.20675,1.20830,1.29059,1.45000,2.02808,1.60351,1.63650,1.77148,1.62500,1.48850,1.74105,1.50935,1.70018,2.45967,2.36445,2.09881,2.00998,2.20000,2.19232,2.06912,2.28542,2.38354,2.76812,2.87837,2.64398,2.74146,2.40013,2.66693,2.52500,2.69641,2.61367,2.76236
2.95169,2.60696,2.45204,2.52846,2.46272,2.40013,2.51010,2.54472,2.47601,2.57694,2.33680,2.29810,1.98447,2.20709,1.87650,1.85826,1.84408,2.01029,1.98021,2.01122,1.61032,1.64810,1.62346,1.45194,1.50748,1.36428,1.51038,1.65076,1.34001,1.34536,1.14483,0.87214,0.83104,0.80039,1.18559,1.17527,1.46671,1.09144,0.85440,0.72672,0.66568,0.52559,0.64275,0.84001,0.69327,1.32524,1.12528,0.84890,0.54829,0.30923,0.00000,0.22500,0.40697,0.75000,1.44309,1.18770,0.99562,0.76035,0.78462,0.34821,0.63738,0.69462,0.86675,1.66433,1.39933,1.35508,1.23111,1.26491,1.10028,1.04433,1.09144,1.20026,2.13571,1.71919,1.69004,1.77095,1.57877,1.40357,1.60954,1.32900,1.47648,2.54472,2.41506,2.11261,1.98888,2.14607,2.10015,1.95400,2.12867,2.20582,2.81747,2.91172,2.65707,2.71708,2.34121,2.57500,2.40832,2.54951,2.44502,2.95169
3.05747,2.70751,2.53882,2.59326,2.49562,2.41299,2.50000,2.51247,2.42203,2.69745,2.44387,2.39283,2.06912,2.25624,1.89885,1.85068,1.79618,1.94052,2.14257,2.14782,1.72663,1.74589,1.67631,1.48071,1.50187,1.32877,1.41620,1.83933,1.52643,1.50520,1.27720,0.99562,0.88671,0.77540,1.10962,1.05149,1.66602,1.30504,1.06800,0.93341,0.81394,0.58149,0.62948,0.72887,0.50000,1.55020,1.35023,1.06888,0.75911,0.53033,0.22500,0.00000,0.19039,0.52500,1.66227,1.38654,1.19818,0.93608,0.91992,0.47762,0.63295,0.61288,0.68966,1.85759,1.57520,1.50271,1.33838,1.35301,1.12805,1.02530,1.03592,1.08455,2.28213,1.87417,1.81056,1.85624,1.63650,1.43723,1.60078,1.28379,1.38406,2.67512,2.52550,2.20256,2.05700,2.18889,2.11483,1.95256,2.09001,2.14767,2.92425,3.00770,2.74146,2.77545,2.37816,2.58481,2.40013,2.51508,2.39270,3.05747
3.21179,2.85974,2.68386,2.72511,2.60732,2.51122,2.58094,2.57609,2.46830,2.86007,2.60024,2.54276,2.21472,2.37973,2.00702,1.93810,1.85270,1.97690,2.32392,2.31908,1.89011,1.90016,1.80589,1.59726,1.59472,1.40201,1.43723,2.02808,1.71501,1.68690,1.45000,1.16726,1.02956,0.87321,1.15434,1.05149,1.85624,1.49436,1.25723,1.12361,0.99562,0.73527,0.74330,0.75664,0.43732,1.72790,1.52582,1.25549,0.91241,0.71589,0.40697,0.19039,0.00000,0.35795,1.82089,1.51863,1.33627,1.05119,1.00000,0.58149,0.61492,0.52738,0.51539,1.98006,1.68077,1.58134,1.38293,1.38044,1.10962,0.97082,0.95033,0.94868,2.35279,1.95608,1.86028,1.87367,1.63267,1.41620,1.54151,1.20026,1.26120,2.72809,2.56040,2.22092,2.05730,2.16622,2.06912,1.89506,2.00141,2.04359,2.95381,3.02696,2.75148,2.76236,2.34907,2.53180,2.33359,2.42706,2.29156,3.21179
3.35037,2.99520,2.80179,2.80947,2.64622,2.52203,2.55453,2.51508,2.37553,3.02541,2.74966,2.67512,2.34001,2.44872,2.04848,1.93730,1.79252,1.87517,2.55856,2.51645,2.06897,2.05335,1.90016,1.66827,1.61555,1.39149,1.32524,2.30489,1.99264,1.92938,1.66527,1.38677,1.18454,0.95033,1.10369,0.92534,2.15087,1.81418,1.57877,1.43723,1.25225,0.93608,0.86639,0.71981,0.32500,2.07515,1.87517,1.58765,1.27009,1.05268,0.75000,0.52500,0.35795,0.00000,2.17830,1.87367,1.69300,1.40201,1.33346,0.93341,0.88388,0.72111,0.47566,2.33077,2.02377,1.90690,1.68170,1.66208,1.34559,1.16324,1.09144,0.97628,2.66669,2.28158,2.15783,2.13571,1.87216,1.63783,1.70018,1.32900,1.30096,3.02293,2.83637,2.48005,2.29524,2.37026,2.23844,2.04771,2.09314,2.10134,3.22112,3.28110,2.99541,2.97405,2.54092,2.68200,2.46221,2.51247,2.35120,3.35037
3.00167,2.74431,2.70647,2.90528,3.02696,3.07459,3.28072,3.41147,3.44029,2.57694,2.47853,2.53007,2.34800,2.72511,2.58964,2.70567,2.85055,3.07673,1.77518,2.01556,1.89027,2.02885,2.25125,2.23509,2.41350,2.40442,2.70578,1.30096,1.19504,1.43962,1.54778,1.50520,1.75232,1.95592,2.37500,2.47815,1.08224,0.81624,0.88459,1.00902,1.36405,1.62980,1.83115,2.15885,2.12676,0.38243,0.42573,0.79569,0.90864,1.17925,1.44309,1.66227,1.82089,2.17830,0.00000,0.45069,0.53968,0.86783,1.05149,1.27525,1.54960,1.76777,2.12867,0.55000,0.67315,0.92534,1.18770,1.31244,1.56625,1.73656,1.89901,2.19103,1.32712,0.98900,1.26343,1.56085,1.62788,1.67108,2.01075,2.00156,2.30489,1.77500,1.82483,1.75018,1.81401,2.08821,2.22556,2.21034,2.54779,2.71443,2.18017,2.33840,2.20737,2.43516,2.27294,2.62881,2.60048,2.86923,2.88195,3.00167
3.26161,2.97542,2.90528,3.07612,3.14692,3.16228,3.34253,3.44384,3.43893,2.83835,2.70000,2.72913,2.50325,2.85011,2.65106,2.72809,2.82245,3.03119,2.05502,2.25347,2.04359,2.16232,2.32433,2.25942,2.40637,2.35120,2.60156,1.58371,1.40089,1.60488,1.63133,1.51038,1.69890,1.84153,2.26523,2.32123,1.34838,0.97500,0.92770,0.99812,1.32098,1.50520,1.69742,1.98778,1.87949,0.69327,0.58363,0.82462,0.64517,0.99058,1.18770,1.38654,1.51863,1.87367,0.45069,0.00000,0.19526,0.48088,0.62948,0.94108,1.15027,1.37500,1.75446,0.48023,0.32596,0.51539,0.74246,0.86639,1.11803,1.29663,1.46309,1.76529,1.11608,0.70711,0.89757,1.16539,1.19504,1.22296,1.56205,1.55423,1.86162,1.57043,1.55181,1.40223,1.42522,1.68856,1.80278,1.77341,2.10372,2.26716,1.93810,2.07876,1.90411,2.09359,1.88099,2.22514,2.17730,2.43631,2.43977,3.26161
3.15377,2.85701,2.77511,2.93566,2.99103,2.99802,3.17185,3.26697,3.25624,2.73324,2.57937,2.60000,2.36075,2.69676,2.48244,2.55110,2.63688,2.84297,1.96469,2.14272,1.90411,2.01556,2.16001,2.08462,2.22514,2.16333,2.40832,1.50208,1.29059,1.47521,1.47585,1.33721,1.51348,1.64867,2.07199,2.12603,1.26491,0.86313,0.77862,0.83104,1.14045,1.31244,1.50354,1.79252,1.68838,0.67268,0.51478,0.67685,0.45069,0.79569,0.99562,1.19818,1.33627,1.69300,0.53968,0.19526,0.00000,0.32882,0.51539,0.76485,1.01119,1.23136,1.60000,0.67546,0.48283,0.60208,0.75042,0.86675,1.05505,1.20753,1.36565,1.65246,1.28160,0.86205,1.00125,1.23693,1.21912,1.20675,1.53887,1.48408,1.77799,1.73151,1.69004,1.50520,1.49771,1.74732,1.83388,1.78203,2.09344,2.24569,2.08402,2.21712,2.02515,2.19232,1.94487,2.27500,2.20482,2.44770,2.43272,3.15377
3.26238,2.94714,2.84088,2.97595,2.99009,2.97174,3.12270,3.19394,3.15793,2.85044,2.66763,2.66985,2.40208,2.70567,2.44655,2.48319,2.52834,2.71765,2.11734,2.25624,1.96023,2.05137,2.14272,2.03132,2.14257,2.04649,2.24680,1.67798,1.42522,1.56465,1.50083,1.30863,1.42302,1.50083,1.91377,1.93084,1.44503,1.01766,0.86205,0.85586,1.08915,1.17394,1.34629,1.59452,1.43571,0.95033,0.76199,0.77540,0.30414,0.65000,0.76035,0.93608,1.05119,1.40201,0.86783,0.48088,0.32882,0.00000,0.21213,0.46971,0.68237,0.90312,1.27598,0.92905,0.64031,0.61492,0.60208,0.69147,0.77862,0.90139,1.05149,1.32853,1.38677,0.96501,0.98900,1.15027,1.05505,0.98393,1.29663,1.19085,1.47076,1.81177,1.71555,1.46373,1.40089,1.61941,1.66020,1.57678,1.85826,1.99531,2.11896,2.23215,2.00577,2.12559,1.82089,2.12250,2.01944,2.23677,2.19801,3.26238
3.44465,3.12380,3.00884,3.13309,3.12860,3.09778,3.23593,3.29336,3.24230,3.03645,2.84451,2.84000,2.56223,2.85011,2.57063,2.58964,2.61008,2.78714,2.31530,2.44297,2.12897,2.21148,2.27843,2.14971,2.24346,2.12735,2.29469,1.88232,1.62211,1.74803,1.66208,1.45000,1.52971,1.56924,1.96787,1.95592,1.65095,1.22193,1.05386,1.03078,1.22526,1.25723,1.41156,1.62250,1.41466,1.16001,0.97372,0.97275,0.46098,0.75664,0.78462,0.91992,1.00000,1.33346,1.05149,0.62948,0.51539,0.21213,0.00000,0.44511,0.52738,0.75374,1.14264,1.02500,0.69642,0.58363,0.46098,0.52500,0.56679,0.69462,0.85037,1.14018,1.36221,0.95721,0.90588,1.01520,0.88070,0.78462,1.08915,0.98011,1.26516,1.76139,1.63267,1.34629,1.25399,1.45344,1.47352,1.37886,1.65095,1.78501,2.03593,2.13600,1.89225,1.98510,1.65473,1.94165,1.82637,2.03485,1.99029,3.44465
3.19863,2.86225,2.72328,2.81969,2.77781,2.72683,2.84660,2.88801,2.82323,2.80769,2.58662,2.56223,2.26177,2.51247,2.20057,2.19559,2.19103,2.35850,2.15058,2.22514,1.85826,1.91638,1.93084,1.77570,1.84560,1.71026,1.85607,1.76812,1.47246,1.53501,1.38406,1.13385,1.15027,1.14701,1.53317,1.51162,1.55724,1.14018,0.91992,0.83554,0.91001,0.85586,0.98900,1.17925,0.97628,1.25000,1.04403,0.87500,0.38810,0.43661,0.34821,0.47762,0.58149,0.93341,1.27525,0.94108,0.76485,0.46971,0.44511,0.00000,0.39051,0.54886,0.86313,1.39866,1.10255,1.02591,0.88353,0.91720,0.78142,0.77177,0.86023,1.05030,1.80624,1.39665,1.34629,1.42302,1.23744,1.07529,1.30982,1.07355,1.27720,2.20582,2.06912,1.76440,1.64336,1.80849,1.77781,1.64412,1.85000,1.94695,2.47096,2.56381,2.30895,2.37303,2.00562,2.25347,2.10030,2.26302,2.17730,3.19863
3.57159,3.23110,3.08322,3.16514,3.09778,3.02872,3.12660,3.14454,3.05461,3.18640,2.95772,2.92617,2.61737,2.84429,2.50799,2.47550,2.42912,2.57099,2.54018,2.60792,2.22893,2.27706,2.26067,2.08462,2.12515,1.96023,2.04022,2.15783,1.86296,1.92126,1.75659,1.49520,1.46735,1.40201,1.74087,1.66208,1.94487,1.52398,1.30815,1.22602,1.27696,1.15974,1.25025,1.35301,1.05149,1.58902,1.38654,1.25822,0.74204,0.81892,0.63738,0.63295,0.61492,0.88388,1.54960,1.15027,1.01119,0.68237,0.52738,0.39051,0.00000,0.22638,0.61847,1.54960,1.21269,1.05119,0.80039,0.77862,0.49812,0.40697,0.47170,0.67315,1.79025,1.42061,1.27475,1.26194,1.01796,0.80700,0.97628,0.69642,0.88671,2.13907,1.95608,1.60877,1.44244,1.55905,1.48261,1.32500,1.49164,1.57421,2.34534,2.41415,2.13688,2.15087,1.74642,1.95400,1.77658,1.91213,1.81056,3.57159
3.64486,3.29867,3.13847,3.20205,3.10846,3.02335,3.10252,3.10252,2.99552,3.27156,3.02995,2.98768,2.66939,2.86814,2.51122,2.45624,2.37973,2.50325,2.66012,2.70416,2.30448,2.33800,2.28706,2.09359,2.10950,1.92516,1.96119,2.30054,1.99765,2.03039,1.83933,1.56625,1.49436,1.38316,1.68170,1.57043,2.09672,1.68560,1.46031,1.36221,1.35946,1.18585,1.24122,1.28379,0.94108,1.78781,1.58311,1.42149,0.92905,0.93708,0.69462,0.61288,0.52738,0.72111,1.76777,1.37500,1.23136,0.90312,0.75374,0.54886,0.22638,0.00000,0.39528,1.77553,1.43723,1.26738,0.99906,0.96047,0.62500,0.45069,0.42573,0.51296,1.99029,1.63267,1.46501,1.41819,1.15109,0.91788,1.01520,0.67546,0.78262,2.32123,2.12250,1.76086,1.57421,1.65775,1.54616,1.36862,1.48029,1.53480,2.50312,2.56040,2.27431,2.25942,1.83473,2.00577,1.80624,1.90591,1.77992,3.64486
3.72374,3.37083,3.19081,3.22151,3.08322,2.97122,3.01672,2.98549,2.85011,3.37500,3.11338,3.05287,2.72271,2.86923,2.48244,2.38917,2.26122,2.35000,2.83196,2.83395,2.40533,2.41299,2.30339,2.08462,2.05700,1.84391,1.80000,2.51719,2.20582,2.19460,1.96421,1.68170,1.53968,1.35577,1.56625,1.40000,2.33238,1.94551,1.71063,1.59079,1.50354,1.25000,1.24122,1.17180,0.78142,2.11009,1.90394,1.69060,1.25025,1.16324,0.86675,0.68966,0.51539,0.47566,2.12867,1.75446,1.60000,1.27598,1.14264,0.86313,0.61847,0.39528,0.00000,2.16708,1.83115,1.66208,1.38677,1.33838,0.97628,0.76035,0.65192,0.50062,2.37539,2.02562,1.84459,1.76918,1.48535,1.23946,1.25225,0.87321,0.82538,2.69038,2.47715,2.10372,1.89819,1.94245,1.78973,1.59236,1.61941,1.62577,2.84660,2.89061,2.59639,2.54681,2.10297,2.22163,1.99531,2.03746,1.87567,3.72374
3.55141,3.29109,3.24692,3.43848,3.54189,3.57500,3.76837,3.88273,3.89045,3.12660,3.02335,3.07022,2.87457,3.24133,3.07510,3.16909,3.28110,3.49518,2.32513,2.56223,2.41415,2.54583,2.74146,2.69780,2.85701,2.81536,3.07673,1.85068,1.73079,1.96469,2.03854,1.95080,2.16001,2.31638,2.74055,2.80112,1.62980,1.32900,1.34164,1.43636,1.77570,1.98021,2.17443,2.46792,2.35385,0.92804,0.91720,1.24122,1.12500,1.46991,1.66433,1.85759,1.98006,2.33077,0.55000,0.48023,0.67546,0.92905,1.02500,1.39866,1.54960,1.77553,2.16708,0.00000,0.35089,0.60104,0.92770,1.04403,1.38947,1.60488,1.77940,2.10134,0.77862,0.48541,0.81317,1.13192,1.27769,1.39284,1.72355,1.81418,2.13776,1.22500,1.28550,1.25623,1.36405,1.64640,1.82500,1.85152,2.21275,2.39700,1.63191,1.79252,1.67631,1.92419,1.81556,2.18303,2.19317,2.48395,2.53143,3.55141
3.58373,3.30009,3.23120,3.40165,3.46852,3.47940,3.65462,3.74917,3.73530,3.15991,3.02510,3.05502,2.82843,3.17264,2.96490,3.03336,3.11328,3.31521,2.37237,2.57694,2.36907,2.48659,2.64126,2.56734,2.70567,2.63688,2.86586,1.89885,1.72518,1.93084,1.95256,1.82003,1.99123,2.11009,2.53032,2.56381,1.66527,1.30024,1.25025,1.31244,1.62211,1.77570,1.96023,2.22767,2.07515,0.98900,0.90312,1.14728,0.89022,1.25000,1.39933,1.57520,1.68077,2.02377,0.67315,0.32596,0.48283,0.64031,0.69642,1.10255,1.21269,1.43723,1.83115,0.35089,0.00000,0.27042,0.58523,0.70578,1.03983,1.25399,1.42850,1.75071,0.79883,0.38243,0.59424,0.88776,0.97628,1.06213,1.39866,1.46735,1.78973,1.25000,1.22602,1.09202,1.14127,1.41510,1.55925,1.55925,1.91001,2.08716,1.61245,1.75285,1.58213,1.78273,1.60020,1.95576,1.93342,2.20978,2.23747,3.58373
3.75516,3.45905,3.37509,3.53067,3.57159,3.56590,3.72601,3.80403,3.77202,3.33401,3.18129,3.20039,2.95519,3.28101,3.04385,3.09122,3.14295,3.33242,2.55979,2.74431,2.50112,2.60768,2.73096,2.63403,2.75341,2.66130,2.85701,2.09195,1.89159,2.07635,2.06231,1.89819,2.03362,2.11498,2.52550,2.53032,1.85540,1.46373,1.37523,1.41090,1.68616,1.78885,1.95975,2.19502,1.99828,1.20830,1.09202,1.27500,0.91001,1.26417,1.35508,1.50271,1.58134,1.90690,0.92534,0.51539,0.60208,0.61492,0.58363,1.02591,1.05119,1.26738,1.66208,0.60104,0.27042,0.00000,0.32882,0.44300,0.80039,1.02622,1.20104,1.52828,0.78102,0.37500,0.40000,0.65000,0.70799,0.79451,1.12944,1.21655,1.54151,1.19713,1.10962,0.90312,0.91001,1.17394,1.30024,1.29156,1.64012,1.81676,1.51100,1.63267,1.42697,1.59099,1.36565,1.71191,1.67519,1.94583,1.96866,3.75516
3.85884,3.54692,3.44284,3.57718,3.58373,3.55686,3.69679,3.75383,3.70000,3.44420,3.26745,3.27156,3.00375,3.30237,3.02995,3.05061,3.06757,3.24047,2.69595,2.85011,2.56223,2.65295,2.73427,2.60984,2.70428,2.58517,2.73918,2.24235,2.00904,2.16232,2.10238,1.90263,1.99060,2.02485,2.41661,2.38812,2.00577,1.58922,1.45624,1.45774,1.67966,1.71701,1.86682,2.05913,1.81556,1.41532,1.26516,1.36428,0.90000,1.21655,1.23111,1.33838,1.38293,1.68170,1.18770,0.74246,0.75042,0.60208,0.46098,0.88353,0.80039,0.99906,1.38677,0.92770,0.58523,0.32882,0.00000,0.12500,0.47566,0.70711,0.88070,1.20934,0.99153,0.64904,0.47762,0.55509,0.46971,0.48541,0.82538,0.88776,1.21269,1.34536,1.18770,0.88600,0.80000,1.01980,1.08455,1.03501,1.36130,1.52684,1.58824,1.68077,1.43200,1.52828,1.22091,1.53379,1.45452,1.70018,1.69742,3.85884
3.95380,3.63817,3.52881,3.65693,3.65308,3.61948,3.75242,3.80206,3.74040,3.54127,3.35866,3.35876,3.08515,3.37509,3.09213,3.10373,3.10815,3.27433,2.80022,2.94703,2.64823,2.73427,2.80279,2.66985,2.75545,2.62702,2.76428,2.35053,2.11084,2.25610,2.18418,1.97500,2.04710,2.06413,2.44655,2.40442,2.11453,1.69448,1.55242,1.54536,1.75018,1.76529,1.90608,2.07981,1.81676,1.53501,1.38067,1.46309,0.98011,1.27892,1.26491,1.35301,1.38044,1.66208,1.31244,0.86639,0.86675,0.69147,0.52500,0.91720,0.77862,0.96047,1.33838,1.04403,0.70578,0.44300,0.12500,0.00000,0.38810,0.62500,0.79451,1.12278,1.03983,0.73186,0.50621,0.50621,0.36401,0.36056,0.70045,0.77862,1.10454,1.36221,1.18004,0.85037,0.73186,0.93039,0.97500,0.91549,1.23744,1.40201,1.57421,1.65473,1.39284,1.46373,1.13192,1.43200,1.34164,1.58114,1.57421,3.95380
3.96082,3.63017,3.49866,3.60035,3.55712,3.50000,3.60867,3.63456,3.54982,3.56107,3.35261,3.33513,3.03994,3.29365,2.97542,2.95677,2.92254,3.06808,2.86324,2.97122,2.62702,2.69270,2.71155,2.55049,2.60588,2.45013,2.53833,2.44093,2.17083,2.27500,2.15320,1.91213,1.92646,1.88845,2.23747,2.15943,2.21204,1.78203,1.60020,1.55604,1.68671,1.62500,1.73385,1.85101,1.54353,1.71919,1.53806,1.52643,0.99562,1.20675,1.10028,1.12805,1.10962,1.34559,1.56625,1.11803,1.05505,0.77862,0.56679,0.78142,0.49812,0.62500,0.97628,1.38947,1.03983,0.80039,0.47566,0.38810,0.00000,0.23717,0.40697,0.73570,1.42149,1.11803,0.88353,0.79569,0.52738,0.30923,0.53852,0.43661,0.75208,1.71501,1.50271,1.13633,0.95197,1.06125,1.00000,0.86313,1.09573,1.22066,1.87916,1.93552,1.65095,1.65322,1.25025,1.47521,1.31933,1.49520,1.43265,3.96082
3.96934,3.63120,3.48685,3.57159,3.50402,3.43238,3.52509,3.53571,3.43657,3.57946,3.35652,3.32838,3.02200,3.25125,2.91301,2.87511,2.81603,2.94714,2.91258,2.99635,2.62774,2.68014,2.66763,2.49023,2.52550,2.35332,2.40793,2.51060,2.22626,2.30448,2.15407,1.89737,1.87417,1.80000,2.12132,2.01944,2.28870,1.86028,1.66001,1.59531,1.67668,1.56625,1.65076,1.72627,1.39149,1.85152,1.66001,1.59726,1.06301,1.20830,1.04433,1.02530,0.97082,1.16324,1.73656,1.29663,1.20753,0.90139,0.69462,0.77177,0.40697,0.45069,0.76035,1.60488,1.25399,1.02622,0.70711,0.62500,0.23717,0.00000,0.17500,0.50249,1.65775,1.35324,1.11943,1.01150,0.72500,0.48023,0.57554,0.30516,0.57064,1.94165,1.71919,1.34350,1.14018,1.20830,1.09829,0.92804,1.08541,1.17527,2.08626,2.13190,1.84001,1.81125,1.38406,1.56285,1.37500,1.50520,1.40757,3.96934
4.03872,3.69628,3.54348,3.61602,3.53076,3.44828,3.52819,3.52642,3.41550,3.65624,3.42427,3.38895,3.07581,3.28672,2.93471,2.88195,2.80279,2.92104,3.01081,3.07916,2.69595,2.73907,2.70428,2.51558,2.53500,2.35053,2.37592,2.62226,2.33091,2.39296,2.22500,1.95975,1.91001,1.80849,2.10372,1.98116,2.40520,1.97990,1.77095,1.69503,1.74446,1.60078,1.66527,1.70459,1.34838,1.99812,1.80278,1.71483,1.18559,1.29059,1.09144,1.03592,0.95033,1.09144,1.89901,1.46309,1.36565,1.05149,0.85037,0.86023,0.47170,0.42573,0.65192,1.77940,1.42850,1.20104,0.88070,0.79451,0.40697,0.17500,0.00000,0.32882,1.82003,1.52500,1.28160,1.15109,0.85513,0.60519,0.60879,0.25000,0.42573,2.08821,1.85506,1.47246,1.25524,1.29059,1.14701,0.95819,1.05475,1.11608,2.21148,2.24680,1.94968,1.89506,1.45344,1.59472,1.38609,1.48029,1.35854,4.03872
4.14012,3.79119,3.62328,3.67236,3.55431,3.45199,3.50731,3.48228,3.35000,3.77359,3.52580,3.47716,3.15357,3.32838,2.95349,2.87337,2.75726,2.85011,3.17264,3.21141,2.80401,2.82942,2.75341,2.54583,2.53537,2.33037,2.30014,2.81214,2.51023,2.54178,2.34361,2.06700,1.96977,1.82003,2.05973,1.90016,2.60588,2.19046,1.96866,1.87417,1.86581,1.66602,1.69189,1.66208,1.27720,2.25846,2.05746,1.92516,1.41510,1.45000,1.20026,1.08455,0.94868,0.97628,2.19103,1.76529,1.65246,1.32853,1.14018,1.05030,0.67315,0.51296,0.50062,2.10134,1.75071,1.52828,1.20934,1.12278,0.73570,0.50249,0.32882,0.00000,2.14257,1.85371,1.60488,1.45452,1.15353,0.90588,0.81624,0.44230,0.32500,2.39426,2.14956,1.76139,1.53052,1.52398,1.33838,1.13192,1.12278,1.12528,2.49098,2.51247,2.21034,2.12029,1.66527,1.74642,1.51017,1.53806,1.37523,4.14012
4.32507,4.05771,4.00328,4.18397,4.26277,4.27734,4.45344,4.54650,4.52804,3.90008,3.78690,3.82655,3.61360,3.96548,3.76364,3.83088,3.90296,4.09939,3.10040,3.32960,3.15288,3.27567,3.43920,3.36573,3.50089,3.42381,3.63352,2.62512,2.48759,2.70855,2.74739,2.61880,2.78399,2.88585,3.30047,3.31097,2.40052,2.07183,2.04359,2.11084,2.41932,2.55539,2.73233,2.97542,2.77545,1.70000,1.66208,1.94052,1.66827,2.02808,2.13571,2.28213,2.35279,2.66669,1.32712,1.11608,1.28160,1.38677,1.36221,1.80624,1.79025,1.99029,2.37539,0.77862,0.79883,0.78102,0.99153,1.03983,1.42149,1.65775,1.82003,2.14257,0.00000,0.42500,0.53852,0.75000,1.03259,1.25549,1.50187,1.74642,2.05943,0.45621,0.52559,0.64856,0.86205,1.11943,1.36771,1.47585,1.84391,2.04466,0.85330,1.01520,0.92804,1.21501,1.23491,1.60176,1.68856,2.00281,2.11084,4.32507
3.95387,3.67534,3.61049,3.78319,3.85073,3.86005,4.03268,4.12311,4.10320,3.52934,3.40147,3.43411,3.21033,3.55501,3.34412,3.40771,3.47797,3.67466,2.73644,2.95011,2.75068,2.86891,3.02200,2.94364,3.07663,2.99885,3.21141,2.26122,2.10060,2.31098,2.33479,2.19801,2.35929,2.46196,2.87772,2.89364,2.03055,1.67798,1.63267,1.69300,1.99625,2.13087,2.30895,2.55759,2.37118,1.34001,1.27500,1.52971,1.24348,1.60351,1.71919,1.87417,1.95608,2.28158,0.98900,0.70711,0.86205,0.96501,0.95721,1.39665,1.42061,1.63267,2.02562,0.48541,0.38243,0.37500,0.64904,0.73186,1.11803,1.35324,1.52500,1.85371,0.42500,0.00000,0.34731,0.66568,0.86205,1.02987,1.33417,1.50021,1.82500,0.86963,0.85037,0.77217,0.88388,1.16673,1.36015,1.40890,1.77781,1.96977,1.23136,1.37523,1.22091,1.44849,1.33159,1.70037,1.72210,2.02006,2.08387,3.95387
4.15226,3.85811,3.77508,3.93009,3.96689,3.95672,4.11134,4.18218,4.14103,3.73037,3.58059,3.60035,3.35457,3.67764,3.43293,3.47212,3.50972,3.69121,2.95169,3.14185,2.90097,3.00666,3.12380,3.01962,3.13069,3.02696,3.20039,2.48118,2.28870,2.47614,2.46031,2.28979,2.41156,2.47247,2.87370,2.85701,2.24555,1.86078,1.77518,1.80849,2.07440,2.15407,2.31530,2.52550,2.29197,1.58114,1.48071,1.67500,1.29156,1.63650,1.69004,1.81056,1.86028,2.15783,1.26343,0.89757,1.00125,0.98900,0.90588,1.34629,1.27475,1.46501,1.84459,0.81317,0.59424,0.40000,0.47762,0.50621,0.88353,1.11943,1.28160,1.60488,0.53852,0.34731,0.00000,0.32016,0.53033,0.72887,1.00778,1.21655,1.53501,0.86783,0.72887,0.50559,0.55509,0.83554,1.01520,1.06213,1.43178,1.62500,1.13275,1.24323,1.02774,1.19635,1.01242,1.37500,1.38067,1.67519,1.73656,4.15226
4.38534,4.08075,3.98450,4.12530,4.13778,4.11195,4.25096,4.30501,4.24595,3.96682,3.80173,3.81182,3.55079,3.85519,3.58504,3.60390,3.61360,3.78054,3.20156,3.37435,3.10494,3.20039,3.28871,3.16475,3.25672,3.13209,3.26956,2.73701,2.52500,2.69467,2.65012,2.45624,2.54472,2.56965,2.95265,2.90689,2.50000,2.09881,1.98778,2.00141,2.23397,2.26771,2.41156,2.58421,2.31098,1.85809,1.73925,1.89159,1.45194,1.77148,1.77095,1.85624,1.87367,2.13571,1.56085,1.16539,1.23693,1.15027,1.01520,1.42302,1.26194,1.41819,1.76918,1.13192,0.88776,0.65000,0.55509,0.50621,0.79569,1.01150,1.15109,1.45452,0.75000,0.66568,0.32016,0.00000,0.30208,0.54886,0.75374,1.03078,1.32900,0.93975,0.70799,0.34731,0.26101,0.52738,0.69507,0.75208,1.12361,1.32027,1.08541,1.15353,0.88671,0.97532,0.71589,1.06800,1.06125,1.35508,1.42061,4.38534
4.31741,4.00078,3.88909,4.01318,4.00031,3.95956,4.08389,4.12348,4.05039,3.90520,3.72131,3.71971,3.44284,3.72575,3.43238,3.43302,3.41989,3.57509,3.16327,3.31097,3.00884,3.09213,3.15010,3.00843,3.08302,2.94215,3.05225,2.71155,2.47449,2.61964,2.54276,2.32715,2.38341,2.37816,2.74420,2.67885,2.47513,2.05700,1.91638,1.90739,2.10134,2.09314,2.22106,2.36445,2.06836,1.87916,1.73385,1.82705,1.34001,1.62500,1.57877,1.63650,1.63267,1.87216,1.62788,1.19504,1.21912,1.05505,0.88070,1.23744,1.01796,1.15109,1.48535,1.27769,0.97628,0.70799,0.46971,0.36401,0.52738,0.72500,0.85513,1.15353,1.03259,0.86205,0.53033,0.30208,0.00000,0.25000,0.47762,0.72887,1.03078,1.24122,1.00000,0.61897,0.42500,0.57500,0.61492,0.58363,0.93608,1.11943,1.36130,1.41001,1.12361,1.14018,0.77540,1.06800,0.98615,1.24197,1.26120,4.31741
4.22404,3.89888,3.77525,3.88563,3.85292,3.80074,3.91352,3.94216,3.85884,3.81846,3.62017,3.60919,3.32086,3.58556,3.27510,3.26161,3.23120,3.37731,3.09940,3.22568,2.89881,2.97174,3.00510,2.85011,2.91076,2.75794,2.84715,2.66177,2.40637,2.52982,2.42706,2.19559,2.22500,2.19559,2.54669,2.46703,2.42822,2.00156,1.83848,1.81056,1.96930,1.92646,2.04037,2.16001,1.84814,1.87916,1.71501,1.75659,1.24122,1.48850,1.40357,1.43723,1.41620,1.63783,1.67108,1.22296,1.20675,0.98393,0.78462,1.07529,0.80700,0.91788,1.23946,1.39284,1.06213,0.79451,0.48541,0.36056,0.30923,0.48023,0.60519,0.90588,1.25549,1.02987,0.72887,0.54886,0.25000,0.00000,0.34004,0.49117,0.80623,1.48850,1.25000,0.86783,0.66002,0.75208,0.70401,0.59424,0.88671,1.04433,1.60877,1.65170,1.36015,1.34629,0.94141,1.17925,1.04403,1.25300,1.22602,4.22404
4.49868,4.16691,4.03245,4.12826,4.07224,4.00500,4.10030,4.11096,4.00952,4.09954,3.88973,3.87016,3.57159,3.81486,3.48398,3.45000,3.39061,3.51826,3.39899,3.50972,3.16327,3.22578,3.23149,3.06023,3.10010,2.92884,2.97626,2.97122,2.70601,2.81347,2.68910,2.44361,2.44054,2.37513,2.69467,2.58421,2.74010,2.31098,2.13556,2.09434,2.21923,2.13439,2.22514,2.29810,1.95256,2.21148,2.04221,2.05913,1.53175,1.74105,1.60954,1.60078,1.54151,1.70018,2.01075,1.56205,1.53887,1.29663,1.08915,1.30982,0.97628,1.01520,1.25225,1.72355,1.39866,1.12944,0.82538,0.70045,0.53852,0.57554,0.60879,0.81624,1.50187,1.33417,1.00778,0.75374,0.47762,0.34004,0.00000,0.38161,0.60467,1.66020,1.38857,0.99812,0.74917,0.70799,0.53852,0.35355,0.56181,0.70711,1.69890,1.70624,1.40201,1.30504,0.85330,0.99058,0.80039,0.95688,0.90139,4.49868
4.26746,3.92747,3.77905,3.85689,3.77707,3.69670,3.77798,3.77632,3.66444,3.88016,3.65385,3.62250,3.31257,3.53058,3.18198,3.13139,3.05256,3.16938,3.21753,3.29867,2.92500,2.97321,2.94756,2.76191,2.78411,2.60048,2.62345,2.81536,2.53143,2.60792,2.45217,2.19160,2.15305,2.05746,2.35332,2.22767,2.59278,2.16391,1.96501,1.90016,1.97310,1.84391,1.91328,1.95400,1.59472,2.14009,1.95256,1.90148,1.36679,1.50935,1.32900,1.28379,1.20026,1.32900,2.00156,1.55423,1.48408,1.19085,0.98011,1.07355,0.69642,0.67546,0.87321,1.81418,1.46735,1.21655,0.88776,0.77862,0.43661,0.30516,0.25000,0.44230,1.74642,1.50021,1.21655,1.03078,0.72887,0.49117,0.38161,0.00000,0.32596,1.96803,1.71501,1.32500,1.09001,1.08541,0.91686,0.71981,0.80623,0.87785,2.05015,2.07018,1.76812,1.68560,1.23491,1.35301,1.13853,1.23136,1.11608,4.26746
4.42747,4.08121,3.91950,3.97720,3.86846,3.77036,3.82957,3.80666,3.67500,4.05285,3.81256,3.76978,3.45009,3.63748,3.26822,3.19345,3.08150,3.17510,3.42509,3.48210,3.08677,3.12030,3.05951,2.85712,2.85351,2.65165,2.62512,3.04385,2.74966,2.80179,2.62023,2.34854,2.27060,2.13439,2.38341,2.22514,2.82865,2.40442,2.19317,2.11261,2.13966,1.96373,2.00203,1.98510,1.60176,2.41997,2.22626,2.13907,1.61109,1.70018,1.47648,1.38406,1.26120,1.30096,2.30489,1.86162,1.77799,1.47076,1.26516,1.27720,0.88671,0.78262,0.82538,2.13776,1.78973,1.54151,1.21269,1.10454,0.75208,0.57064,0.42573,0.32500,2.05943,1.82500,1.53501,1.32900,1.03078,0.80623,0.60467,0.32596,0.00000,2.25624,1.99060,1.59941,1.35301,1.29639,1.07964,0.86783,0.80700,0.80039,2.30285,2.30502,2.00000,1.87417,1.41466,1.45452,1.20830,1.21655,1.05030,4.42747
4.77605,4.51172,4.45905,4.64018,4.71732,4.72930,4.90217,4.99062,4.96588,4.35115,4.24161,4.28230,4.06971,4.42048,4.21374,4.27566,4.33820,4.52942,3.55009,3.78327,3.60902,3.73137,3.89118,3.81264,3.94248,3.85722,4.05193,3.07541,2.94300,3.16475,3.20156,3.06757,3.22374,3.31210,3.72156,3.71727,2.85274,2.52797,2.49812,2.56223,2.86466,2.98549,3.15674,3.38378,3.15931,2.15131,2.11793,2.39505,2.10238,2.45967,2.54472,2.67512,2.72809,3.02293,1.77500,1.57043,1.73151,1.81177,1.76139,2.20582,2.13907,2.32123,2.69038,1.22500,1.25000,1.19713,1.34536,1.36221,1.71501,1.94165,2.08821,2.39426,0.45621,0.86963,0.86783,0.93975,1.24122,1.48850,1.66020,1.96803,2.25624,0.00000,0.30104,0.66708,0.92195,1.10000,1.37523,1.53501,1.87567,2.07515,0.42720,0.60415,0.62500,0.95688,1.14264,1.47054,1.62346,1.93665,2.08716,4.77605
4.80416,4.52507,4.45702,4.62446,4.67787,4.67527,4.83509,4.90949,4.86987,4.37957,4.25066,4.28092,4.05008,4.38534,4.15346,4.19829,4.23859,4.41942,3.58556,3.80033,3.59209,3.70557,3.83968,3.74308,3.85811,3.75583,3.92508,3.11006,2.95011,3.15634,3.16475,3.00759,3.13857,3.20088,3.60009,3.57579,2.88032,2.52611,2.46830,2.51558,2.79564,2.88292,3.04354,3.24663,2.99635,2.18661,2.12515,2.36604,2.01634,2.36445,2.41506,2.52550,2.56040,2.83637,1.82483,1.55181,1.69004,1.71555,1.63267,2.06912,1.95608,2.12250,2.47715,1.28550,1.22602,1.10962,1.18770,1.18004,1.50271,1.71919,1.85506,2.14956,0.52559,0.85037,0.72887,0.70799,1.00000,1.25000,1.38857,1.71501,1.99060,0.30104,0.00000,0.39131,0.64080,0.80039,1.07616,1.24122,1.57678,1.77570,0.40389,0.52738,0.40311,0.70711,0.84336,1.17925,1.32382,1.63783,1.78623,4.80416
4.65759,4.36212,4.27617,4.42677,4.45316,4.43466,4.57998,4.63964,4.58530,4.23586,4.08427,4.10191,3.85130,4.16691,3.90872,3.93526,3.95285,4.12288,3.45697,3.64700,3.40000,3.50223,3.60642,3.49088,3.58966,3.47068,3.61464,2.98590,2.79397,2.97878,2.95381,2.77218,2.87446,2.90947,3.29621,3.25356,2.75057,2.36604,2.27555,2.30217,2.55269,2.60300,2.75136,2.93002,2.65824,2.08102,1.98573,2.17629,1.76777,2.09881,2.11261,2.20256,2.22092,2.48005,1.75018,1.40223,1.50520,1.46373,1.34629,1.76440,1.60877,1.76086,2.10372,1.25623,1.09202,0.90312,0.88600,0.85037,1.13633,1.34350,1.47246,1.76139,0.64856,0.77217,0.50559,0.34731,0.61897,0.86783,0.99812,1.32500,1.59941,0.66708,0.39131,0.00000,0.25495,0.47434,0.73570,0.87536,1.22907,1.43047,0.74330,0.80623,0.54601,0.69147,0.59002,0.96047,1.04073,1.35577,1.47352,4.65759
4.64442,4.33827,4.23947,4.37679,4.38214,4.35101,4.48400,4.53114,4.46430,4.22641,4.05909,4.06732,3.80296,4.10191,3.82369,3.83487,3.83275,3.99257,3.46239,3.63361,3.35932,3.45226,3.53217,3.40165,3.48613,3.35308,3.47320,2.99802,2.78500,2.95222,2.90172,2.70185,2.77894,2.78927,3.16228,3.10212,2.76100,2.35916,2.24513,2.25499,2.47815,2.49562,2.63154,2.78568,2.49324,2.11734,2.00016,2.14971,1.70000,2.00998,1.98888,2.05700,2.05730,2.29524,1.81401,1.42522,1.49771,1.40089,1.25399,1.64336,1.44244,1.57421,1.89819,1.36405,1.14127,0.91001,0.80000,0.73186,0.95197,1.14018,1.25524,1.53052,0.86205,0.88388,0.55509,0.26101,0.42500,0.66002,0.74917,1.09001,1.35301,0.92195,0.64080,0.25495,0.00000,0.28284,0.50621,0.62550,0.98647,1.18796,0.96047,0.99247,0.70045,0.73186,0.45894,0.82006,0.84595,1.15353,1.24950,4.64442
4.87859,4.56625,4.45905,4.58653,4.57527,4.53335,4.65470,4.68948,4.60977,4.46346,4.28675,4.28872,4.01528,4.30065,4.00632,4.00328,3.98121,4.12924,3.70919,3.86951,3.57841,3.66444,3.72508,3.58207,3.65282,3.50616,3.59905,3.24933,3.02593,3.18208,3.11448,2.90172,2.95677,2.94279,3.29848,3.21763,3.01216,2.60300,2.47601,2.47487,2.67605,2.66423,2.78657,2.91204,2.59543,2.38183,2.25624,2.38354,1.91050,2.20000,2.14607,2.18889,2.16622,2.37026,2.08821,1.68856,1.74732,1.61941,1.45344,1.80849,1.55905,1.65775,1.94245,1.64640,1.41510,1.17394,1.01980,0.93039,1.06125,1.20830,1.29059,1.52398,1.11943,1.16673,0.83554,0.52738,0.57500,0.75208,0.70799,1.08541,1.29639,1.10000,0.80039,0.47434,0.28284,0.00000,0.27613,0.45962,0.77661,0.97532,1.03078,1.01242,0.70755,0.60467,0.20156,0.54083,0.57064,0.88353,1.00062,4.87859
4.91814,4.59653,4.47668,4.58939,4.55556,4.50000,4.60679,4.62709,4.53335,4.50902,4.31741,4.30965,4.02384,4.28930,3.97531,3.95506,3.91040,4.04514,3.77467,3.91511,3.59878,3.67432,3.70844,3.55035,3.60425,3.44284,3.50616,3.32538,3.08423,3.22112,3.12830,2.89935,2.92596,2.88379,3.21811,3.11659,3.08919,2.66939,2.52203,2.50425,2.67301,2.62500,2.73061,2.82423,2.48646,2.49111,2.34854,2.43516,1.93423,2.19232,2.10015,2.11483,2.06912,2.23844,2.22556,1.80278,1.83388,1.66020,1.47352,1.77781,1.48261,1.54616,1.78973,1.82500,1.55925,1.30024,1.08455,0.97500,1.00000,1.09829,1.14701,1.33838,1.36771,1.36015,1.01520,0.69507,0.61492,0.70401,0.53852,0.91686,1.07964,1.37523,1.07616,0.73570,0.50621,0.27613,0.00000,0.21213,0.50062,0.70000,1.29663,1.26343,0.96209,0.79569,0.33634,0.47566,0.37500,0.66002,0.74330,4.91814
4.81566,4.48839,4.36040,4.46346,4.41595,4.35259,4.45112,4.46374,4.36306,4.41149,4.21011,4.19591,3.90272,4.15519,3.83023,3.80033,3.74383,3.87177,3.69332,3.81911,3.48658,3.55501,3.57246,3.40588,3.45009,3.28110,3.32951,3.25356,3.00042,3.12300,3.01351,2.77511,2.78411,2.72603,3.04816,2.93694,3.01921,2.59386,2.43272,2.40338,2.54951,2.47954,2.57512,2.65165,2.30489,2.45013,2.29524,2.35053,1.83473,2.06912,1.95400,1.95256,1.89506,2.04771,2.21034,1.77341,1.78203,1.57678,1.37886,1.64412,1.32500,1.36862,1.59236,1.85152,1.55925,1.29156,1.03501,0.91549,0.86313,0.92804,0.95819,1.13192,1.47585,1.40890,1.06213,0.75208,0.58363,0.59424,0.35355,0.71981,0.86783,1.53501,1.24122,0.87536,0.62550,0.45962,0.21213,0.00000,0.37165,0.57009,1.49039,1.46671,1.16324,1.00778,0.54829,0.63738,0.45621,0.66568,0.68007,4.81566
5.04740,4.71222,4.57124,4.65678,4.58271,4.50285,4.58183,4.57500,4.45568,4.65195,4.43629,4.41163,4.10708,4.33417,3.98811,3.93645,3.85008,3.95790,3.95885,4.06402,3.70818,3.76431,3.75075,3.56765,3.58974,3.40331,3.40918,3.53288,3.26621,3.36842,3.23390,2.98130,2.95645,2.86324,3.15010,3.01040,3.30189,2.87272,2.69560,2.65059,2.75919,2.64764,2.71949,2.75011,2.37973,2.76586,2.60048,2.62023,2.09120,2.28542,2.12867,2.09001,2.00141,2.09314,2.54779,2.10372,2.09344,1.85826,1.65095,1.85000,1.49164,1.48029,1.61941,2.21275,1.91001,1.64012,1.36130,1.23744,1.09573,1.08541,1.05475,1.12278,1.84391,1.77781,1.43178,1.12361,0.93608,0.88671,0.56181,0.80623,0.80700,1.87567,1.57678,1.22907,0.98647,0.77661,0.50062,0.37165,0.00000,0.20156,1.78273,1.73223,1.43918,1.21912,0.79057,0.68966,0.42573,0.42573,0.34004,5.04740
5.14423,4.80501,4.65678,4.73207,4.64307,4.55412,4.62196,4.60435,4.47507,4.75460,4.53100,4.50035,4.19002,4.40206,4.04514,3.98152,3.87895,3.97531,4.07776,4.17051,3.80214,3.85106,3.82001,3.62836,3.63808,3.44284,3.42536,3.66103,3.38711,3.47716,3.32885,3.06941,3.02593,2.91397,3.17982,3.02541,3.43266,3.00260,2.81702,2.76338,2.85044,2.71673,2.77511,2.78051,2.40052,2.91815,2.74693,2.74591,2.21275,2.38354,2.20582,2.14767,2.04359,2.10134,2.71443,2.26716,2.24569,1.99531,1.78501,1.94695,1.57421,1.53480,1.62577,2.39700,2.08716,1.81676,1.52684,1.40201,1.22066,1.17527,1.11608,1.12528,2.04466,1.96977,1.62500,1.32027,1.11943,1.04433,0.70711,0.87785,0.80039,2.07515,1.77570,1.43047,1.18796,0.97532,0.70000,0.57009,0.20156,0.00000,1.97136,1.91344,1.62500,1.38857,0.97628,0.82538,0.56181,0.43661,0.25000,5.14423
5.17524,4.90312,4.84155,5.01411,5.07451,5.07506,5.23701,5.31284,5.27376,4.75026,4.63047,4.66510,4.44072,4.78076,4.55419,4.60122,4.64247,4.82293,3.95198,4.17620,3.98152,4.09794,4.23866,4.14503,4.26153,4.15970,4.32702,3.47644,3.32960,3.54233,3.55985,3.40771,3.54189,3.60451,4.00281,3.97531,3.25010,2.90872,2.86062,2.91247,3.19707,3.28681,3.44710,3.64726,3.39061,2.55110,2.50312,2.75794,2.41919,2.76812,2.81747,2.92425,2.95381,3.22112,2.18017,1.93810,2.08402,2.11896,2.03593,2.47096,2.34534,2.50312,2.84660,1.63191,1.61245,1.51100,1.58824,1.57421,1.87916,2.08626,2.21148,2.49098,0.85330,1.23136,1.13275,1.08541,1.36130,1.60877,1.69890,2.05015,2.30285,0.42720,0.40389,0.74330,0.96047,1.03078,1.29663,1.49039,1.78273,1.97136,0.00000,0.18028,0.35089,0.66191,0.99530,1.25100,1.45538,1.75018,1.93294,5.17524
5.32711,5.05056,4.98404,5.15182,5.20342,5.19820,5.35455,5.42414,5.37820,4.90230,4.77664,4.80787,4.57739,4.91153,4.67527,4.71500,4.74605,4.92119,4.10617,4.32500,4.11947,4.23269,4.36363,4.26277,4.37271,4.26329,4.41765,3.63051,3.47581,3.68349,3.69121,3.53058,3.65411,3.70473,4.09695,4.05902,3.40230,3.05256,2.99552,3.04138,3.31681,3.39199,3.54683,3.73430,3.46428,2.70567,2.65012,2.89331,2.53476,2.87837,2.91172,3.00770,3.02696,3.28110,2.33840,2.07876,2.21712,2.23215,2.13600,2.56381,2.41415,2.56040,2.89061,1.79252,1.75285,1.63267,1.68077,1.65473,1.93552,2.13190,2.24680,2.51247,1.01520,1.37523,1.24323,1.15353,1.41001,1.65170,1.70624,2.07018,2.30502,0.60415,0.52738,0.80623,0.99247,1.01242,1.26343,1.46671,1.73223,1.91344,0.18028,0.00000,0.30516,0.55057,0.94240,1.15434,1.37772,1.65925,1.85371,5.32711
5.16551,4.87814,4.80026,4.95763,4.99249,4.97751,5.12500,5.18562,5.13085,4.74190,4.60170,4.62507,4.38214,4.70439,4.45211,4.48086,4.49840,4.66704,3.95364,4.15752,3.92787,4.03438,4.14736,4.03524,4.13552,4.01637,4.15587,3.47922,3.30464,3.50000,3.48793,3.31295,3.41989,3.45480,3.83935,3.79094,3.24673,2.87772,2.80179,2.83604,3.09485,3.14901,3.29668,3.46996,3.18836,2.56052,2.48521,2.70104,2.30990,2.64398,2.65707,2.74146,2.75148,2.99541,2.20737,1.90411,2.02515,2.00577,1.89225,2.30895,2.13688,2.27431,2.59639,1.67631,1.58213,1.42697,1.43200,1.39284,1.65095,1.84001,1.94968,2.21034,0.92804,1.22091,1.02774,0.88671,1.12361,1.36015,1.40201,1.76812,2.00000,0.62500,0.40311,0.54601,0.70045,0.70755,0.96209,1.16324,1.43918,1.62500,0.35089,0.30516,0.00000,0.33541,0.64904,0.90312,1.10454,1.40000,1.58213,5.16551
5.34603,5.04740,4.95631,5.10006,5.11200,5.08263,5.21566,5.26100,5.19044,4.92500,4.76898,4.78291,4.52528,4.83024,4.55535,4.56625,4.55967,4.71500,4.14804,4.33503,4.07776,4.17507,4.26241,4.13348,4.21723,4.08121,4.19002,3.67730,3.48255,3.66231,3.62500,3.43083,3.51079,3.51719,3.88402,3.81264,3.44184,3.05471,2.95677,2.97542,3.20790,3.22665,3.35978,3.50223,3.19423,2.77151,2.67699,2.85887,2.42706,2.74146,2.71708,2.77545,2.76236,2.97405,2.43516,2.09359,2.19232,2.12559,1.98510,2.37303,2.15087,2.25942,2.54681,1.92419,1.78273,1.59099,1.52828,1.46373,1.65322,1.81125,1.89506,2.12029,1.21501,1.44849,1.19635,0.97532,1.14018,1.34629,1.30504,1.68560,1.87417,0.95688,0.70711,0.69147,0.73186,0.60467,0.79569,1.00778,1.21912,1.38857,0.66191,0.55057,0.33541,0.00000,0.45962,0.60467,0.83815,1.11018,1.30982,5.34603
5.07949,4.76760,4.66061,4.78781,4.77507,4.73161,4.85084,4.88294,4.80007,4.66402,4.48811,4.49027,4.21671,4.50111,4.20476,4.19918,4.17260,4.31741,3.90800,4.07017,3.77996,3.86588,3.92500,3.78029,3.84854,3.69899,3.78451,3.44692,3.22578,3.38323,3.31597,3.10252,3.15486,3.13618,3.48721,3.40037,3.20975,2.80223,2.67699,2.67640,2.87674,2.86094,2.98046,3.09849,2.77500,2.57391,2.45204,2.58421,2.11202,2.40013,2.34121,2.37816,2.34907,2.54092,2.27294,1.88099,1.94487,1.82089,1.65473,2.00562,1.74642,1.83473,2.10297,1.81556,1.60020,1.36565,1.22091,1.13192,1.25025,1.38406,1.45344,1.66527,1.23491,1.33159,1.01242,0.71589,0.77540,0.94141,0.85330,1.23491,1.41466,1.14264,0.84336,0.59002,0.45894,0.20156,0.33634,0.54829,0.79057,0.97628,0.99530,0.94240,0.64904,0.45962,0.00000,0.37165,0.48088,0.79451,0.95033,5.07949
5.38429,5.06538,4.94855,5.06372,5.03122,4.97506,5.07999,5.09718,4.99925,4.97293,4.78605,4.78076,4.49722,4.76478,4.45063,4.42846,4.37864,4.50867,4.22973,4.37871,4.06971,4.14736,4.18405,4.02570,4.07776,3.91352,3.96682,3.77467,3.54207,3.68655,3.60035,3.37380,3.40147,3.35596,3.68409,3.57430,3.53774,3.12300,2.98423,2.97195,3.14742,3.10010,3.20351,3.28824,2.94215,2.91815,2.78714,2.89504,2.40260,2.66693,2.57500,2.58481,2.53180,2.68200,2.62881,2.22514,2.27500,2.12250,1.94165,2.25347,1.95400,2.00577,2.22163,2.18303,1.95576,1.71191,1.53379,1.43200,1.47521,1.56285,1.59472,1.74642,1.60176,1.70037,1.37500,1.06800,1.06800,1.17925,0.99058,1.35301,1.45452,1.47054,1.17925,0.96047,0.82006,0.54083,0.47566,0.63738,0.68966,0.82538,1.25100,1.15434,0.90312,0.60467,0.37165,0.00000,0.26575,0.50559,0.71151,5.38429
5.26806,4.94229,4.81586,4.91967,4.87083,4.80527,4.90006,4.90771,4.80111,4.86216,4.66376,4.65094,4.35868,4.61099,4.28384,4.25007,4.18576,4.30712,4.13657,4.26907,3.94121,4.01077,4.02810,3.85981,3.90032,3.72710,3.76181,3.69121,3.44465,3.57351,3.46852,3.23120,3.23892,3.17500,3.48793,3.36619,3.45561,3.03336,2.87924,2.85449,3.00552,2.93364,3.02541,3.08960,2.73324,2.86466,2.71960,2.79475,2.28487,2.52500,2.40832,2.40013,2.33359,2.46221,2.60048,2.17730,2.20482,2.01944,1.82637,2.10030,1.77658,1.80624,1.99531,2.19317,1.93342,1.67519,1.45452,1.34164,1.31933,1.37500,1.38609,1.51017,1.68856,1.72210,1.38067,1.06125,0.98615,1.04403,0.80039,1.13853,1.20830,1.62346,1.32382,1.04073,0.84595,0.57064,0.37500,0.45621,0.42573,0.56181,1.45538,1.37772,1.10454,0.83815,0.48088,0.26575,0.00000,0.31623,0.47762,5.26806
5.45550,5.12311,4.98623,5.07623,5.00650,4.92804,5.00756,5.00006,4.87910,5.05625,4.84620,4.82506,4.52362,4.75618,4.41262,4.36212,4.27500,4.38078,4.34986,4.46598,4.11924,4.17926,4.17260,3.99163,4.01528,3.82900,3.83161,3.91472,3.65659,3.76962,3.64495,3.39641,3.37870,3.28871,3.57500,3.43238,3.68120,3.25442,3.08707,3.05010,3.17303,3.07022,3.14454,3.17500,2.80279,3.11549,2.96079,3.00759,2.48508,2.69641,2.54951,2.51508,2.42706,2.51247,2.86923,2.43631,2.44770,2.23677,2.03485,2.26302,1.91213,1.90591,2.03746,2.48395,2.20978,1.94583,1.70018,1.58114,1.49520,1.50520,1.48029,1.53806,2.00281,2.02006,1.67519,1.35508,1.24197,1.25300,0.95688,1.23136,1.21655,1.93665,1.63783,1.35577,1.15353,0.88353,0.66002,0.66568,0.42573,0.43661,1.75018,1.65925,1.40000,1.11018,0.79451,0.50559,0.31623,0.00000,0.23049,5.45550
5.37593,5.03866,4.89368,4.97293,4.88832,4.80130,4.87083,4.85412,4.72507,4.98310,4.76366,4.73583,4.42789,4.64523,4.29105,4.22966,4.12871,4.22530,4.29571,4.39666,4.03500,4.08725,4.06263,3.87331,3.88563,3.69163,3.67534,3.87177,3.60347,3.70177,3.56107,3.30473,3.26822,3.16089,3.42947,3.27538,3.64117,3.21179,3.03284,2.98517,3.08423,2.95899,3.02097,3.03006,2.65047,3.10494,2.94034,2.95846,2.42822,2.61367,2.44502,2.39270,2.29156,2.35120,2.88195,2.43977,2.43272,2.19801,1.99029,2.17730,1.81056,1.77992,1.87567,2.53143,2.23747,1.96866,1.69742,1.57421,1.43265,1.40757,1.35854,1.37523,2.11084,2.08387,1.73656,1.42061,1.26120,1.22602,0.90139,1.11608,1.05030,2.08716,1.78623,1.47352,1.24950,1.00062,0.74330,0.68007,0.34004,0.25000,1.93294,1.85371,1.58213,1.30982,0.95033,0.71151,0.47762,0.23049,0.00000,5.37593
0,0,0,0,0,0,0,0,0,0,0,0,0,0,0,0,0,0,0,0,0,0,0,0,0,0,0,0,0,0,0,0,0,0,0,0,0,0,0,0,0,0,0,0,0,0,0,0,0,0,0,0,0,0,0,0,0,0,0,0,0,0,0,0,0,0,0,0,0,0,0,0,0,0,0,0,0,0,0,0,0,0,0,0,0,0,0,0,0,0,0,0,0,0,0,0,0,0,0,0