0.00000,86.88385,19.83408,83.73444,42.12257,73.49829,3.66828,32.59764,52.10029,37.23070,87.41081,9.13417,61.86818,21.73771,26.26134,16.78262,21.36049,81.05634,71.28510,26.61481,3.01548,57.73730,22.74052,84.62240,24.98005,22.73439,72.06093,26.30994,87.99881,51.48600,45.22181,11.37723,49.39140,77.39894,13.38266,20.66159,79.82506,47.47210,61.95857,17.04056,67.65374,43.80258,67.53074,24.59334,23.27811,20.80831,11.17956,44.16467,23.91843,33.76079,9.49368,21.67083,82.14968,25.69351,67.86199,23.74684,40.11702,14.01272,17.78781,40.15279,22.18338,18.70271,12.22122,18.83249,34.93440,52.11191,75.75411,45.75001,8.30079,77.29094,22.78394,31.57762,15.50746,1.85068,65.50383,7.42378,85.02533,84.77074,21.80535,37.83120,26.01376,75.10609,4.67340,20.70165,83.53362,67.22256,67.49281,12.29075,25.95790,45.80640,65.23782,71.83706,59.80929,73.96152,18.19430,84.64915,32.30175,13.83079,22.81991,87.40411,0.00000
86.88385,0.00000,103.17028,3.66137,49.61871,20.95367,85.01344,57.67463,35.61495,51.38911,2.10193,83.50372,25.49256,76.25025,75.48911,86.05356,67.82434,43.65216,42.85073,74.97708,86.88047,47.75423,80.92520,42.46699,61.90388,95.73915,16.46641,86.68239,39.46464,39.55363,41.92765,84.82229,53.32571,22.69748,74.46452,88.87738,18.23193,58.87382,41.86957,70.15558,20.88435,48.49549,42.59085,75.77040,63.92984,103.06301,93.09325,50.87668,70.62528,58.89111,94.67351,74.61381,26.12017,61.35290,28.09000,75.38434,46.89043,82.03385,90.31537,51.94644,82.74219,75.25412,79.20164,81.70582,52.91468,36.29457,14.28658,61.19793,95.17963,14.97625,83.52970,72.14706,85.44452,86.53477,21.73035,84.19956,16.65317,26.02530,93.17764,49.51569,85.65997,12.01148,85.89857,68.90726,13.73904,45.61798,23.40712,75.38377,83.64824,47.69961,32.14866,15.04697,32.94428,42.80979,86.51257,11.63105,54.72148,92.99390,64.62608,36.64077,86.88385
19.83408,103.17028,0.00000,99.81509,55.08387,87.58564,23.31637,45.96714,69.73687,55.83886,103.44728,28.27441,77.70967,28.74902,45.55099,18.50042,40.84657,90.30505,80.90446,45.95651,21.87384,67.33929,41.22048,94.15647,42.34243,13.25163,89.32290,43.07462,98.19751,65.25267,61.29501,29.68208,58.63079,90.77083,32.81404,36.64285,93.82154,55.06698,72.63259,35.74523,85.08356,56.59091,77.44795,30.49669,41.63546,1.93681,10.20162,55.74733,43.74043,53.35500,19.64677,29.94250,94.71318,43.68871,81.15905,43.18366,57.49058,32.94147,33.07118,59.45528,24.08071,38.43908,31.95209,37.38537,50.25563,67.17476,93.16213,52.78338,14.55185,92.09088,23.83928,37.03368,18.59377,21.28211,82.47150,26.61232,99.07827,97.32170,14.90977,55.70001,24.51224,91.77665,18.37883,40.30523,98.06350,76.42497,85.44191,31.70021,25.91000,58.18428,77.94963,88.25863,73.39753,83.47973,35.20988,99.45414,49.97155,27.15879,41.44516,98.11224,19.83408
83.73444,3.66137,99.81509,0.00000,46.05611,17.43705,81.93656,54.21082,32.87686,48.62783,3.67848,80.56077,22.10543,72.75026,73.03354,82.59850,64.94752,40.81287,39.55254,72.52957,83.79902,44.13579,78.38279,39.85283,58.76130,92.24127,14.58177,84.25107,37.13980,35.95519,38.65199,81.94847,49.66476,19.54891,71.44343,86.25754,15.23109,55.21309,38.28578,67.09380,18.74988,44.91136,39.15856,72.23151,60.89251,99.68051,89.76395,47.25241,67.98891,56.37127,91.64159,71.12652,23.47512,58.29119,24.49349,72.83170,43.86018,79.22086,87.60023,49.52096,79.21604,72.50622,76.29391,79.03971,49.56895,32.81600,13.21554,57.53656,92.03444,11.50614,79.99597,68.54110,82.00811,83.42602,19.02374,81.21540,14.46453,23.66280,89.67722,46.57162,82.09241,9.53185,82.65336,66.04624,11.25625,42.19153,21.77880,72.34470,80.08000,44.08497,28.54042,12.02833,29.28566,39.62203,83.83127,9.41040,51.67219,90.13519,61.62066,34.33043,83.73444
42.12257,49.61871,55.08387,46.05611,0.00000,32.51849,41.55870,9.53576,23.97157,23.51134,49.54029,42.44909,24.61332,26.94599,44.15886,37.08737,30.54128,40.11546,30.40142,43.89443,43.21438,18.07436,47.09810,43.35858,20.59323,46.37284,38.61815,53.83609,46.27233,10.28014,12.59437,44.80852,12.79854,35.76920,33.11731,52.65587,38.73836,16.01125,20.57251,28.71422,35.35004,1.70770,26.55265,26.21198,24.37491,54.68004,45.47904,4.54010,37.20031,31.52271,51.30658,25.44029,40.13746,22.03828,26.14480,42.39326,16.99356,43.39203,52.37304,29.89612,33.23501,38.81515,39.26622,45.64406,9.77590,13.71935,42.57159,16.94587,50.07131,37.24528,33.98531,22.76215,36.67752,42.44871,31.59384,42.37299,43.99484,42.76289,43.80104,19.21902,36.04154,39.38360,39.69391,31.67177,43.05917,27.04526,37.62633,33.57370,34.03011,3.92659,23.20436,35.55225,18.31367,33.05001,49.55190,44.54742,18.53662,52.47811,25.55800,45.46785,42.12257
73.49829,20.95367,87.58564,17.43705,32.51849,0.00000,72.31826,41.69797,28.92613,42.73296,19.95590,72.00092,14.77026,59.37084,68.04787,69.58016,57.33596,25.67942,22.50469,67.61218,74.10816,27.02268,72.67338,25.89964,49.26603,78.65449,21.27689,79.10703,24.94069,22.34617,29.20617,73.86669,33.36353,5.42776,62.51521,79.84316,6.32678,38.83005,20.99025,57.97199,22.43418,31.06374,21.78091,58.38356,52.19082,87.19817,77.88463,32.53798,61.97926,51.67118,82.19813,57.92142,11.79165,49.49935,7.40055,67.21927,36.22266,71.64104,80.51435,45.88080,65.43564,65.57267,68.09924,72.48681,38.57617,21.58601,23.33586,41.26815,81.69683,5.99568,66.11378,53.77281,69.19318,73.52500,19.28421,72.33062,11.55014,13.82000,76.08578,39.42611,67.75223,17.21977,71.62884,58.51180,10.65012,24.81746,26.83371,63.24987,65.75037,29.68717,11.46909,14.81924,14.23747,22.96700,77.05789,12.40363,43.31935,81.99637,53.14623,22.52271,73.49829
3.66828,85.01344,23.31637,81.93656,41.55870,72.31826,0.00000,32.12495,49.91401,34.73019,85.61502,5.51345,60.24093,23.39061,22.59598,19.73100,18.46891,81.02228,71.23063,22.95252,1.87500,57.80734,19.12753,84.50543,23.26995,26.28709,69.92016,22.96526,87.71502,50.56417,43.65566,7.95692,49.65147,76.39110,10.73886,17.59893,78.63883,48.12697,61.73460,14.86264,65.46998,43.25865,67.43673,26.29584,21.11346,24.36726,14.84743,43.93758,20.44340,30.68030,9.88035,23.05171,81.32676,23.66141,66.92930,20.09120,38.13129,10.38196,15.02664,37.25379,24.71237,15.12985,8.63948,15.22880,33.77989,50.80089,73.55087,46.55336,10.60463,75.89355,25.39834,33.05817,18.39266,2.03501,63.48970,3.82900,83.80180,83.93884,25.25001,35.66562,28.80422,73.15228,7.70572,17.70383,82.18578,67.29343,65.11894,9.72400,28.56582,45.34275,64.47787,69.97600,58.85754,73.91120,14.93457,83.22040,30.29547,12.03965,20.51208,87.00562,3.66828
32.59764,57.67463,45.96714,54.21082,9.53576,41.69797,32.12495,0.00000,27.69622,21.15233,57.79041,33.31859,32.22177,18.67266,37.08056,28.38882,22.94418,49.09425,39.30987,36.89676,33.74960,26.22829,39.25876,52.48181,12.87743,38.11091,45.20001,45.93020,55.59670,19.35725,16.87931,35.79951,18.94949,45.17779,24.20260,44.12811,47.97766,19.62373,29.66675,20.00427,41.42400,11.20661,35.48077,18.62086,16.75800,45.67609,36.18855,11.97584,30.11088,27.13389,41.82214,16.97811,49.65855,14.95660,35.56447,35.01616,17.02860,34.67265,43.54897,27.70546,25.33301,30.79497,30.42315,37.37695,6.66380,21.39655,49.16549,19.27941,40.53616,46.12430,26.19395,17.39713,27.82683,32.95734,38.12152,33.12659,53.23101,52.28363,35.56129,17.69029,28.81264,46.77907,30.17765,23.97443,52.11361,35.60313,42.92559,24.54142,26.85854,13.22847,32.72485,43.06937,27.61797,41.98550,40.97159,53.48715,14.22157,43.26752,17.95420,54.88650,32.59764
52.10029,35.61495,69.73687,32.87686,23.97157,28.92613,49.91401,27.69622,0.00000,15.77429,36.50104,48.02865,14.15638,45.61387,40.40812,54.21396,32.27276,49.85661,42.17511,39.92308,51.78901,35.70338,45.59995,51.63139,27.44057,64.38275,20.01081,51.63474,52.27505,19.49218,11.45385,49.24803,34.94347,34.26220,39.22270,53.39846,34.35725,39.40312,33.76889,35.10271,15.55976,24.03565,39.04521,46.06632,28.84025,69.91838,59.53533,27.83489,35.12916,23.70258,59.38418,43.79838,40.53974,26.41620,27.61875,40.04523,12.25490,46.42268,54.72776,17.24429,52.38610,39.64632,43.67476,46.16496,21.29919,13.94948,23.65473,40.71082,60.32050,29.89039,53.31815,44.91743,53.33177,51.55873,13.88797,48.81166,38.69452,42.71939,61.93418,14.27027,56.24861,23.60600,51.72582,33.33504,36.11338,41.18210,15.76739,40.19895,54.34695,25.00211,28.17341,20.90804,22.18689,44.16889,50.95447,36.42878,19.86668,57.40271,29.40213,50.29827,52.10029
37.23070,51.38911,55.83886,48.62783,23.51134,42.73296,34.73019,21.15233,15.77429,0.00000,52.26265,32.42816,28.51721,35.24579,25.32194,42.14773,16.62688,59.66450,50.69411,24.88133,36.59591,40.56357,30.15288,62.16814,14.19333,52.32325,35.60492,36.43975,63.79593,25.86379,14.93025,33.52680,36.30934,47.74438,23.99423,37.75429,48.67551,39.00837,41.04400,20.24915,31.08361,24.61967,47.03835,36.53495,14.20345,56.25507,45.72092,28.04043,19.53039,9.18167,43.94047,33.42409,53.70107,12.30980,39.56141,24.62707,7.37212,30.65544,38.97636,6.59593,41.75419,23.87878,28.02277,30.46904,15.07987,22.58520,39.07196,39.36154,45.28538,44.74757,42.75179,37.70864,41.05583,36.49178,29.66170,33.31010,53.39271,56.10598,50.05642,4.37321,46.17308,39.37944,37.49784,17.64556,51.09719,48.39556,30.42113,25.03403,44.48834,26.62041,38.75436,36.62623,32.30033,53.10373,35.23411,51.64606,7.40950,41.65715,14.46291,62.22621,37.23070
87.41081,2.10193,103.44728,3.67848,49.54029,19.95590,85.61502,57.79041,36.50104,52.26265,0.00000,84.23071,25.74308,76.29655,76.58197,86.17907,68.60744,41.97429,41.50651,76.07505,87.47750,46.91701,81.96131,40.68213,62.43859,95.78665,17.81581,87.79233,37.57521,39.38735,42.31468,85.60897,52.74847,21.27889,75.11991,89.86048,16.73708,58.28560,40.94197,70.77193,22.12709,48.36301,41.39971,75.73752,64.56962,103.30097,93.40622,50.61500,71.59460,59.93868,95.31894,74.68417,24.38237,61.96920,27.22499,76.41278,47.53620,82.87039,91.22873,53.05310,82.73520,76.14129,79.95920,82.65490,53.21008,36.39432,15.94602,60.64357,95.71096,13.96281,83.50655,71.94061,85.60103,87.10422,22.62733,84.88947,14.78821,24.17391,93.22059,50.23953,85.55832,13.02018,86.31782,69.70361,12.01731,44.41495,24.89598,76.02212,83.54527,47.47516,31.30484,15.69214,32.49625,41.36558,87.45091,9.83962,55.34960,93.79361,65.29581,34.75022,87.41081
9.13417,83.50372,28.27441,80.56077,42.44909,72.00092,5.51345,33.31859,48.02865,32.42816,84.23071,0.00000,59.25722,27.43540,17.30925,24.94836,15.80142,82.40792,72.62700,17.69891,6.48093,59.45732,13.61536,85.75886,22.77644,31.79903,67.99391,17.67060,88.71353,50.80262,42.92640,2.90528,51.63025,76.32868,9.51479,12.79563,78.28412,50.65002,62.93680,14.06845,63.48740,44.15593,68.79477,30.33539,19.88193,29.46152,20.28449,45.29076,16.04745,27.18973,11.71743,26.82127,81.53299,22.56509,67.03076,14.90925,36.74862,4.87859,10.87695,34.08710,29.56084,10.48824,4.47116,9.71536,33.89271,50.41630,71.49787,49.28349,14.50091,75.20866,30.31281,36.75531,23.57972,7.34341,61.81972,1.71701,83.36800,84.12164,30.73241,33.99372,33.84128,71.54153,13.12788,14.81102,81.55705,68.88832,62.79095,8.90453,33.44915,46.33369,64.86110,68.53986,58.98011,75.30150,9.86043,82.45606,29.03173,10.07782,19.02778,87.83627,9.13417
61.86818,25.49256,77.70967,22.10543,24.61332,14.77026,60.24093,32.22177,14.15638,28.51721,25.74308,59.25722,0.00000,50.85239,53.79050,60.57848,43.99080,37.23091,30.83274,53.33407,62.08740,28.35010,58.65827,38.51238,36.97588,70.32451,14.64285,64.94816,38.63528,15.22763,16.65206,60.86849,31.05557,20.12287,49.94015,66.11515,20.31357,36.43920,24.33899,45.49124,12.60151,23.70750,28.37627,50.50175,39.40169,77.58078,67.66315,26.62969,47.99951,37.22816,70.03896,49.18909,26.43021,36.74170,14.43698,53.14180,22.61837,58.37709,67.06631,31.20296,57.41434,51.97713,55.13080,58.77620,27.46700,10.95536,18.43802,38.43469,70.16554,16.23842,58.22835,47.36974,59.95682,61.64954,8.36854,59.78048,24.89001,28.57286,67.76967,25.64237,60.51779,14.77028,60.62552,45.13857,22.60228,31.02436,16.36372,50.78397,58.51428,23.35262,16.20141,10.94763,11.97080,32.38433,63.46027,23.27973,30.22649,69.06470,40.22947,36.50449,61.86818
21.73771,76.25025,28.74902,72.75026,26.94599,59.37084,23.39061,18.67266,45.61387,35.24579,76.29655,27.43540,50.85239,0.00000,39.50464,10.30731,27.03759,61.90865,52.36664,39.58728,24.21934,38.73121,38.84190,65.69570,21.44784,19.49104,63.81483,44.43924,69.59665,37.22593,35.38507,30.33984,30.03284,62.27207,22.25410,40.21235,65.51647,26.96954,43.90018,20.96008,59.94836,28.32424,48.83099,2.91000,23.37060,28.10525,20.08901,27.11376,33.78011,37.31638,30.91954,1.84001,66.02733,23.84121,52.70326,36.85557,33.85236,31.14046,38.16203,40.91367,6.77242,31.21647,27.07693,35.54737,24.41553,39.95936,67.77239,24.91879,27.61906,64.19091,7.71038,9.87234,10.17549,23.03455,56.74868,26.31807,70.75983,68.62832,16.92757,33.26151,10.93303,65.44907,17.49529,27.40164,69.96214,47.97020,61.19230,21.70641,9.26300,29.72319,49.35804,61.72901,45.13336,54.97866,37.18361,71.48413,27.95461,35.33194,24.02520,69.42850,21.73771
26.26134,75.48911,45.55099,73.03354,44.15886,68.04787,22.59598,37.08056,40.40812,25.32194,76.58197,17.30925,53.79050,39.50464,0.00000,40.30224,14.21425,83.46775,74.03544,0.55340,23.78156,62.23249,5.94291,86.30693,24.20333,48.41893,59.15967,11.22943,88.37726,49.75381,39.55604,16.01220,55.86960,73.01868,17.32675,14.22351,73.99478,56.60128,64.14324,19.02489,54.65272,45.71467,70.22956,42.12411,20.32625,46.76736,37.42948,48.12019,6.99075,16.70707,27.48569,38.27239,78.89888,22.27741,64.59743,2.70012,32.05318,12.62658,16.80500,23.54317,43.60181,8.42634,14.27957,8.72027,34.39594,47.44073,62.15243,55.94339,31.43074,69.98949,44.50844,47.09451,38.90274,24.55974,54.04533,19.00429,78.68013,81.33904,47.04079,28.78260,48.27031,63.56340,29.61969,13.30042,76.31397,71.06375,52.90074,18.03207,47.40644,47.97542,63.41201,61.21530,57.02134,76.59690,12.90283,76.76628,26.22168,21.79111,19.13508,86.99149,26.26134
16.78262,86.05356,18.50042,82.59850,37.08737,69.58016,19.73100,28.38882,54.21396,42.14773,86.17907,24.94836,60.57848,10.30731,40.30224,0.00000,30.40408,71.88267,62.43379,40.52158,19.76343,48.84845,38.12250,75.71336,27.95694,10.21989,73.07413,42.61368,79.71338,47.35024,44.64478,27.63711,40.13927,72.55517,23.50443,37.31414,75.75385,36.70713,54.13775,24.22278,69.04919,38.51643,58.95736,12.01879,28.65280,17.80163,10.74599,37.41414,35.88050,42.25950,24.43586,11.66003,76.33447,29.95205,62.97405,37.60926,42.09217,29.53494,34.55883,47.05797,6.30446,31.92624,26.30058,34.37195,33.51091,49.78536,77.00096,34.49222,20.02943,74.30795,6.53801,18.78470,1.40089,18.53392,66.06243,23.41701,81.00262,78.93504,7.91032,40.94821,9.29331,75.01954,12.13685,30.36767,80.14465,57.97703,69.95524,22.58332,9.56066,39.98165,59.65629,71.36412,55.34693,65.02048,34.65510,81.62845,35.30390,30.39351,28.92811,79.61275,16.78262
21.36049,67.82434,40.84657,64.94752,30.54128,57.33596,18.46891,22.94418,32.27276,16.62688,68.60744,15.80142,43.99080,27.03759,14.21425,30.40408,0.00000,70.41733,60.81284,14.08035,20.29538,48.53156,16.55704,73.45870,10.11169,39.90790,52.20782,23.29603,75.89620,37.26481,28.13980,17.00171,41.83196,61.95103,8.03687,22.68448,63.53252,42.40106,50.91737,6.25150,47.69554,32.16584,56.97349,29.36457,6.22505,41.55119,31.12159,34.27554,7.38093,12.51983,27.36285,25.55148,67.48434,8.53057,52.97406,12.07220,21.37256,14.38656,23.17910,18.80434,32.21282,8.42737,11.40619,15.40002,20.94035,35.92625,55.69785,41.72940,29.07114,60.12512,33.19497,33.55653,29.08532,20.35739,46.10852,16.72096,68.50103,70.01960,38.01745,18.42527,36.96705,55.83725,22.62789,1.18585,66.49859,57.58412,47.00533,9.15003,35.75693,34.43549,51.27321,52.91921,45.07311,63.42766,19.77652,67.26792,14.02752,25.18894,5.02357,74.72727,21.36049
81.05634,43.65216,90.30505,40.81287,40.11546,25.67942,81.02228,49.09425,49.85661,59.66450,41.97429,82.40792,37.23091,61.90865,83.46775,71.88267,70.41733,0.00000,9.79343,83.14040,82.55206,23.35621,86.92264,3.99140,60.64863,78.82906,46.92085,93.65621,8.91982,33.88209,44.74246,84.84862,31.93795,21.57593,73.18348,92.75298,25.59689,35.26259,19.54631,68.81883,47.64709,38.42930,13.61353,59.86817,64.35232,89.39201,81.98825,37.13910,76.66073,68.77846,90.49125,61.06094,17.63847,61.89007,22.80155,81.96401,52.30828,83.50607,92.47908,64.62548,66.27794,78.78928,79.36039,85.68139,49.48392,37.40703,48.98132,37.62077,88.48436,30.20547,66.62099,53.31014,71.99990,81.65943,44.01688,82.21247,27.44159,18.41209,76.44447,55.49406,66.85030,42.83408,77.90976,71.57553,29.95701,13.94637,52.02385,73.58997,65.07932,36.19079,21.68600,40.47002,27.89293,7.11324,89.65986,32.15575,57.24667,92.35715,65.51279,10.39351,81.05634
71.28510,42.85073,80.90446,39.55254,30.40142,22.50469,71.23063,39.30987,42.17511,50.69411,41.50651,72.62700,30.83274,52.36664,74.03544,62.43379,60.81284,9.79343,0.00000,73.72342,72.76401,13.66570,77.34753,13.37535,50.97377,69.69945,42.60003,84.08648,17.32615,24.83395,35.86984,75.07951,22.33576,20.24779,63.42397,83.05709,24.84483,26.05871,9.90268,59.07775,42.46147,28.72669,3.84878,50.41647,54.70960,80.04899,72.41596,27.34888,67.17844,59.71752,80.71199,51.45972,19.21603,52.28232,17.18548,72.46044,43.32242,73.77344,82.73453,55.96267,56.96015,69.15631,69.61009,76.02275,39.87343,28.95865,45.27953,28.50809,78.75375,28.12224,57.35020,44.02500,62.49938,71.87564,38.48429,72.42302,28.35014,21.11057,67.27148,46.43927,57.78881,39.35515,68.17991,61.96326,29.95757,4.64812,46.68850,63.81920,55.96397,26.47491,14.63152,36.35913,20.00483,2.68060,79.95244,32.20895,47.84480,82.56834,55.87866,17.58710,71.28510
26.61481,74.97708,45.95651,72.52957,43.89443,67.61218,22.95252,36.89676,39.92308,24.88133,76.07505,17.69891,53.33407,39.58728,0.55340,40.52158,14.08035,83.14040,73.72342,0.00000,24.16353,61.96879,6.49582,85.96495,24.02025,48.70668,58.64128,11.72460,88.01236,49.40428,39.16680,16.45792,55.65659,72.59372,17.45229,14.77686,73.54881,56.43927,63.83448,19.02190,54.13627,45.44255,69.92126,42.18949,20.15223,47.16039,37.77503,47.87929,6.78625,16.22051,27.96351,38.33589,78.48546,22.05755,64.19769,2.92714,31.65004,13.05184,17.35218,23.03065,43.75426,8.60817,14.58124,9.22635,34.12599,47.04698,61.62614,55.80472,31.86989,69.52714,44.66612,47.09581,39.12299,24.92540,53.54583,19.38764,78.22407,80.92117,47.30687,28.37725,48.43290,63.05589,29.92110,13.19706,75.84824,70.77473,52.37078,18.18332,47.54890,47.70105,63.03647,60.71936,56.63981,76.28005,13.44547,76.29208,25.89445,22.31505,18.96582,86.61505,26.61481
3.01548,86.88047,21.87384,83.79902,43.21438,74.10816,1.87500,33.74960,51.78901,36.59591,87.47750,6.48093,62.08740,24.21934,23.78156,19.76343,20.29538,82.55206,72.76401,24.16353,0.00000,59.29895,19.96586,86.05981,25.11257,25.65761,71.79510,23.32836,89.31575,52.30269,45.49248,8.46777,51.07881,78.15220,12.60838,17.64612,80.43061,49.41581,63.31292,16.73354,67.34495,44.91065,68.98045,27.10693,22.98654,23.01089,13.88022,45.50802,22.00916,32.44474,8.11961,24.00720,83.05298,25.52999,68.67462,21.34750,40.00089,11.31385,14.79546,39.06319,25.05211,16.60092,10.14427,16.05313,35.55258,52.60647,75.42568,47.78493,8.78073,77.71553,25.68212,33.98751,18.47216,1.24122,65.36219,4.77736,85.60000,85.66728,24.78863,37.54029,28.96627,75.02290,7.62832,19.50824,84.00182,68.78827,66.98913,11.59787,28.85751,46.97630,66.18761,71.84184,60.60454,75.44407,15.19944,85.04710,32.16467,11.12407,22.38708,88.63590,3.01548
57.73730,47.75423,67.33929,44.13579,18.07436,27.02268,57.80734,26.22829,35.70338,40.56357,46.91701,59.45732,28.35010,38.73121,62.23249,48.84845,48.53156,23.35621,13.66570,61.96879,59.29895,0.00000,65.07206,27.03666,38.48664,56.38830,42.53271,71.80037,30.86982,16.25088,26.68657,61.99412,8.70919,27.49578,50.42957,70.31801,31.79317,13.05613,6.29111,46.20802,40.95122,16.54815,10.10894,36.84295,42.32790,66.52707,58.76162,14.32568,55.27016,49.13702,67.19152,37.80050,29.28499,40.06754,19.69202,60.44637,33.39366,60.89528,69.77577,46.51092,43.49156,56.71515,56.65136,63.45361,27.84642,21.77575,45.98165,15.59824,65.12838,32.97811,43.92643,30.63459,48.88091,58.38127,36.71829,59.16325,36.50381,31.70146,53.92171,36.19138,44.59204,40.89130,54.55384,49.64405,36.98986,9.48980,44.59737,50.74838,42.71280,14.31313,15.61426,37.22775,16.50373,16.31198,67.17299,39.04465,36.45540,69.30527,43.52196,30.80913,57.73730
22.74052,80.92520,41.22048,78.38279,47.09810,72.67338,19.12753,39.25876,45.59995,30.15288,81.96131,13.61536,58.65827,38.84190,5.94291,38.12250,16.55704,86.92264,77.34753,6.49582,19.96586,65.07206,0.00000,89.91227,26.59423,45.40392,64.67508,6.74041,92.22306,53.53343,43.78854,11.60625,58.20681,77.52343,16.82678,8.29699,78.72091,58.40026,67.44769,19.79509,60.15063,48.72231,73.51180,41.61804,22.74435,42.57324,33.84429,50.79095,10.69416,22.03459,22.41687,37.83294,83.27302,25.07688,68.85170,5.55484,36.47120,8.75171,10.91616,29.05843,42.12999,8.49588,11.94961,3.91296,37.47708,51.68232,67.75283,57.50040,26.79936,74.89443,42.97032,47.22933,36.72850,20.92752,59.36329,15.31817,83.50862,85.75738,44.27788,33.24863,46.64567,68.95764,26.65269,15.43043,81.24825,74.14114,58.54683,17.20193,46.00985,50.99208,67.41599,66.48737,61.10485,79.95425,7.09551,81.79105,29.96962,16.18110,21.55175,90.96196,22.74052
84.62240,42.46699,94.15647,39.85283,43.35858,25.89964,84.50543,52.48181,51.63139,62.16814,40.68213,85.75886,38.51238,65.69570,86.30693,75.71336,73.45870,3.99140,13.37535,85.96495,86.05981,27.03666,89.91227,0.00000,63.79534,82.75003,47.14226,96.63424,5.12451,36.57492,47.24278,88.15809,35.68216,21.25413,76.47287,95.90503,24.83326,39.14915,22.82254,72.06941,48.24040,41.65972,17.09176,63.69518,67.44983,93.26232,85.76145,40.57254,79.55814,71.32456,94.03335,64.81441,16.37988,64.94671,24.13930,84.87774,54.84891,86.72950,95.72298,66.90341,70.15164,81.85848,82.62388,88.78059,52.56677,39.70678,48.91335,41.52832,92.12254,29.81653,70.50762,57.18877,75.80869,85.18681,44.80866,85.60682,25.93387,16.60290,80.35622,58.07229,70.78104,42.75106,81.54949,74.62523,28.73302,17.73654,52.64067,76.91011,69.00000,39.44776,23.65441,40.69123,30.04227,10.72710,92.83312,30.85006,60.09946,95.74383,68.59756,7.11521,84.62240
24.98005,61.90388,42.34243,58.76130,20.59323,49.26603,23.26995,12.87743,27.44057,14.19333,62.43859,22.77644,36.97588,21.44784,24.20333,27.95694,10.11169,60.64863,50.97377,24.02025,25.11257,38.48664,26.59423,63.79534,0.00000,38.14231,47.24524,33.31623,66.44240,28.11868,20.38990,24.81241,31.72328,53.55278,13.26593,32.11157,55.56513,32.44305,41.10731,8.71350,42.90584,22.25202,47.12638,23.08708,3.89166,42.59724,32.14519,24.19672,17.23501,16.26476,33.09763,19.67462,58.78268,2.55012,44.26882,22.16705,15.25492,23.01626,32.03421,19.48918,27.75501,18.23645,19.09372,25.05216,11.29173,27.68358,51.00972,31.91193,33.27721,52.66202,28.76004,25.65001,26.87695,24.68270,40.58193,23.06460,60.68289,61.36474,35.86450,13.37023,32.29034,50.14445,24.29249,11.18660,58.97590,47.62153,43.10468,13.98403,30.70388,24.51302,42.20096,46.85719,36.23107,53.61094,29.03990,59.97205,7.63217,32.82806,5.09313,65.41239,24.98005
22.73439,95.73915,13.25163,92.24127,46.37284,78.65449,26.28709,38.11091,64.38275,52.32325,95.78665,31.79903,70.32451,19.49104,48.41893,10.21989,39.90790,78.82906,69.69945,48.70668,25.65761,56.38830,45.40392,82.75003,38.14231,0.00000,83.08665,48.95282,87.02087,56.64707,54.63154,34.10691,47.76992,81.32337,32.50389,43.02797,84.73012,43.64437,62.05089,33.87120,79.11576,47.69720,66.42591,20.27375,38.67128,11.68559,12.24030,46.17800,44.76194,52.05505,27.52730,21.13557,84.73259,40.08517,71.83274,45.78215,52.29114,36.65223,39.81609,57.10548,13.22800,40.27910,34.14280,41.51301,43.53028,59.44599,87.02738,41.22746,22.22331,83.59080,12.60915,25.75910,11.26749,24.57931,76.04851,30.11246,89.95216,87.30071,2.57209,51.16808,12.01668,84.87799,18.82546,39.73840,89.27984,65.12155,80.10688,31.48468,13.75009,48.96791,68.33501,81.17945,64.43218,72.19561,40.80441,90.85124,45.52017,34.65870,38.86915,87.15832,22.73439
72.06093,16.46641,89.32290,14.58177,38.61815,21.27689,69.92016,45.20001,20.01081,35.60492,17.81581,67.99391,14.64285,63.81483,59.15967,73.07413,52.20782,46.92085,42.60003,58.64128,71.79510,42.53271,64.67508,47.14226,47.24524,83.08665,0.00000,70.32372,45.78412,29.77923,28.45643,69.13012,45.69416,26.02803,59.23346,72.71139,23.45417,51.08142,37.87335,55.09421,4.54051,37.90653,40.89368,63.79501,48.83004,89.39822,79.13914,41.05565,54.51608,42.65659,79.38985,62.06763,31.89919,46.36772,25.43331,59.15385,31.99320,66.21239,74.29016,35.63005,70.52181,59.32125,63.61346,65.61749,39.56707,24.95973,3.97256,53.06247,80.30174,17.98703,71.39161,61.29735,72.31001,71.55212,7.08700,68.80560,25.63661,33.13542,80.57158,34.25928,73.95219,5.45120,71.52071,53.24530,22.30821,43.79227,7.25039,60.20800,71.97380,37.78149,28.58699,6.45765,26.03763,43.57035,70.43913,21.51421,39.76761,77.24494,49.40974,43.18109,72.06093
26.30994,86.68239,43.07462,84.25107,53.83609,79.10703,22.96526,45.93020,51.63474,36.43975,87.79233,17.67060,64.94816,44.43924,11.22943,42.61368,23.29603,93.65621,84.08648,11.72460,23.32836,71.80037,6.74041,96.63424,33.31623,48.95282,70.32372,0.00000,98.91292,60.22235,50.36155,15.00885,64.87929,84.01520,22.94572,6.50409,85.10313,64.95956,74.18619,26.27768,65.82781,55.46180,80.25127,47.28029,29.47552,44.62013,36.93576,57.51106,17.23095,27.93575,23.49379,43.57075,89.81942,31.81726,75.43476,11.91703,42.96890,13.34300,10.13475,34.74084,47.14301,15.13533,17.38552,8.99156,44.21703,58.25966,73.25903,63.99463,28.54595,81.16467,47.92297,53.19613,41.24837,24.46090,65.27031,19.20594,89.83105,92.28749,48.11399,39.72144,51.49031,74.77246,30.67077,22.16554,87.49933,80.87995,63.97502,23.15860,51.03700,57.73150,74.06735,72.44351,67.73388,86.69193,8.15035,87.97439,36.63941,16.18464,28.28500,97.62756,26.30994
87.99881,39.46464,98.19751,37.13980,46.27233,24.94069,87.71502,55.59670,52.27505,63.79593,37.57521,88.71353,38.63528,69.59665,88.37726,79.71338,75.89620,8.91982,17.32615,88.01236,89.31575,30.86982,92.22306,5.12451,66.44240,87.02087,45.78412,98.91292,0.00000,38.69080,48.96199,91.03193,39.57746,19.79710,79.33357,98.48356,22.66321,43.37682,26.04623,74.87156,47.34280,44.56465,20.76566,67.70186,70.00065,97.35972,89.60115,43.83535,81.74015,72.97759,97.34776,68.63546,14.00736,67.43755,24.68717,87.07328,56.57317,89.45038,98.46515,68.17192,74.28015,84.32119,85.42455,91.27993,55.15624,41.21147,47.17852,45.81160,95.64207,27.97063,74.67502,61.35033,79.75039,88.48348,44.20376,88.64322,22.81233,13.47852,84.59634,59.83453,75.09747,41.06229,85.08602,77.07339,25.88650,21.90521,51.73327,79.82566,73.28142,42.41474,25.04522,39.40911,31.49643,14.84082,95.45408,27.86276,62.27815,98.75004,71.12305,2.82500,87.99881
51.48600,39.55363,65.25267,35.95519,10.28014,22.34617,50.56417,19.35725,19.49218,25.86379,39.38735,50.80262,15.22763,37.22593,49.75381,47.35024,37.26481,33.88209,24.83395,49.40428,52.30269,16.25088,53.53343,36.57492,28.11868,56.64707,29.77923,60.22235,38.69080,0.00000,11.07082,52.92344,16.33329,25.92500,41.29921,59.91935,28.62041,21.48561,15.30737,36.75820,27.11515,8.98902,21.21251,36.45611,31.49897,64.89164,55.53961,11.46173,43.06182,34.92295,60.42183,35.71212,30.77707,28.88006,16.37905,48.39290,18.49169,51.08144,60.09156,31.21527,43.49202,45.69139,47.21239,52.66427,16.91089,5.72413,33.63557,23.34055,59.60103,26.96652,44.22850,32.59568,46.91605,51.63817,23.03971,50.94223,33.87400,33.38310,54.07506,21.63442,46.18091,29.82265,49.40127,38.44685,32.82143,22.77213,30.10944,41.91573,44.16767,8.20811,14.08301,25.95200,8.32560,27.24295,56.93760,34.27822,23.59258,60.87882,32.58527,37.46387,51.48600
45.22181,41.92765,61.29501,38.65199,12.59437,29.20617,43.65566,16.87931,11.45385,14.93025,42.31468,42.92640,16.65206,35.38507,39.55604,44.64478,28.13980,44.74246,35.86984,39.16680,45.49248,26.68657,43.78854,47.24278,20.38990,54.63154,28.45643,50.36155,48.96199,11.07082,0.00000,44.70460,24.29790,33.83277,33.50337,50.72027,35.43349,28.34551,26.37219,29.00087,24.57012,12.84097,32.27788,35.49380,23.05386,61.25117,51.18457,16.67935,33.13354,24.08248,53.48703,33.62518,39.48927,20.36495,25.07334,38.44685,7.61713,42.43561,51.31380,20.14674,42.11633,36.42563,38.93832,43.37194,11.14136,7.89818,32.40313,29.48111,53.51732,32.30035,43.00259,33.73516,43.91277,45.02846,21.42093,43.35234,40.46580,41.98715,52.11519,10.87256,45.69030,30.49660,44.00353,29.31848,38.63668,33.81920,26.08970,34.30131,43.73786,14.13475,23.92416,26.96638,17.49346,38.23586,47.89013,39.59028,14.11553,52.86263,23.97297,47.47905,45.22181
11.37723,84.82229,29.68208,81.94847,44.80852,73.86669,7.95692,35.79951,49.24803,33.52680,85.60897,2.90528,60.86849,30.33984,16.01220,27.63711,17.00171,84.84862,75.07951,16.45792,8.46777,61.99412,11.60625,88.15809,24.81241,34.10691,69.13012,15.00885,91.03193,52.92344,44.70460,0.00000,54.25865,78.28801,11.69842,9.90581,80.12535,53.39310,65.34471,16.18759,64.60488,46.51205,71.24044,33.24028,21.67667,30.99440,22.32132,47.77435,15.95118,27.60871,11.70625,29.72459,83.58682,24.36770,69.06632,13.85934,38.27513,3.50464,8.02948,34.65289,32.38273,10.39832,5.76764,7.72180,36.04006,52.30509,72.55989,52.06441,15.42216,76.91720,33.11904,39.65255,26.28236,9.52897,63.10139,4.22744,85.17021,86.16392,33.16290,35.40369,36.61292,72.83053,15.66263,15.91605,83.28016,71.39958,63.72347,11.26105,36.26557,48.71163,67.00196,69.92016,61.03902,77.74968,7.03784,84.11975,30.67785,8.20034,20.73163,90.10122,11.37723
49.39140,53.32571,58.63079,49.66476,12.79854,33.36353,49.65147,18.94949,34.94347,36.30934,52.74847,51.63025,31.05557,30.03284,55.86960,40.13927,41.83196,31.93795,22.33576,55.65659,51.07881,8.70919,58.20681,35.68216,31.72328,47.76992,45.69416,64.87929,39.57746,16.33329,24.29790,54.25865,0.00000,34.78215,42.87279,62.93523,38.77681,5.55180,14.33189,38.84554,43.33004,11.81762,18.81809,28.13500,35.61469,57.82514,50.08196,8.27315,48.87986,44.17987,58.87441,29.13251,37.33237,33.59982,25.99482,53.88894,29.69733,53.40717,62.15463,42.68297,34.81179,49.74423,49.09462,56.29143,22.07619,21.94181,49.43493,7.91107,56.63101,39.08850,35.26551,22.01314,40.17565,50.11924,39.18537,51.22358,43.75692,39.83456,45.28682,32.01454,36.05468,45.02092,46.06426,42.88655,43.80982,17.99392,46.43448,43.09331,34.14671,10.17426,22.02192,41.18719,20.49373,24.95738,59.76166,45.72117,31.04901,61.32968,36.81639,39.50155,49.39140
77.39894,22.69748,90.77083,19.54891,35.76920,5.42776,76.39110,45.17779,34.26220,47.74438,21.27889,76.32868,20.12287,62.27207,73.01868,72.55517,61.95103,21.57593,20.24779,72.59372,78.15220,27.49578,77.52343,21.25413,53.55278,81.32337,26.02803,84.01520,19.79710,25.92500,33.83277,78.28801,34.78215,0.00000,66.81836,84.55284,4.61370,40.05341,21.21653,62.26482,27.57731,34.20966,20.45024,61.07660,56.62886,90.28939,81.24485,35.18125,66.83496,56.75976,86.26518,60.91273,6.36406,53.94444,9.62451,72.10726,41.05491,76.17496,85.10253,51.10973,68.10038,70.25818,72.52786,77.20334,42.61691,26.03171,27.66154,42.56601,85.52572,8.63315,68.72413,56.02163,72.25462,77.51697,24.60412,76.58264,9.01568,8.46157,78.76721,44.29420,70.11685,21.50061,75.30862,63.13284,9.83021,23.40375,31.95773,67.50908,68.13550,32.59210,13.00637,19.62373,17.60028,20.11231,81.71659,12.04681,47.92521,86.36853,57.62392,17.27681,77.39894
13.38266,74.46452,32.81404,71.44343,33.11731,62.51521,10.73886,24.20260,39.22270,23.99423,75.11991,9.51479,49.94015,22.25410,17.32675,23.50443,8.03687,73.18348,63.42397,17.45229,12.60838,50.42957,16.82678,76.47287,13.26593,32.50389,59.23346,22.94572,79.33357,41.29921,33.50337,11.69842,42.87279,66.81836,0.00000,20.10822,68.80636,42.39111,53.66613,4.55412,54.76957,34.81957,59.58132,24.94816,10.55746,33.54102,23.15730,36.16035,12.37672,20.54173,20.20979,21.12092,72.01990,13.19927,57.51618,14.64874,27.58428,10.54043,19.34640,26.78210,26.32619,8.96748,6.22776,13.97097,24.39345,40.92925,62.84128,41.26356,21.29865,65.80297,27.25041,30.40297,22.12811,12.51152,52.86909,9.85003,73.90609,74.60768,30.78656,25.00671,31.02864,62.55860,14.66492,7.52230,72.13908,59.79753,54.38075,1.11383,30.10308,37.02514,55.36543,59.44877,49.46669,66.09059,16.92345,73.07767,19.77840,19.58268,9.84505,78.40992,13.38266
20.66159,88.87738,36.64285,86.25754,52.65587,79.84316,17.59893,44.12811,53.39846,37.75429,89.86048,12.79563,66.11515,40.21235,14.22351,37.31414,22.68448,92.75298,83.05709,14.77686,17.64612,70.31801,8.29699,95.90503,32.11157,43.02797,72.71139,6.50409,98.48356,59.91935,50.72027,9.90581,62.93523,84.55284,20.10822,0.00000,85.97878,62.48360,73.20780,24.12396,68.17718,54.33197,79.20836,43.10651,28.48413,38.21833,30.88602,55.99813,18.26978,30.06498,17.02370,39.54442,90.14658,31.05431,75.64632,13.62227,43.65236,9.58919,3.63077,37.16332,42.24105,14.30035,13.95468,7.35671,43.35345,58.55803,75.85681,61.30062,22.15052,82.34334,42.95752,49.41710,35.98559,18.84333,67.23600,14.07609,90.86215,92.67210,42.34254,40.51125,46.39944,76.88398,25.20646,21.49879,88.71419,79.59754,66.69319,20.02239,46.11482,56.58226,73.94962,74.30640,67.75738,85.70276,3.18689,89.34722,36.65622,9.68081,27.36162,97.36749,20.66159
79.82506,18.23193,93.82154,15.23109,38.73836,6.32678,78.63883,47.97766,34.35725,48.67551,16.73708,78.28412,20.31357,65.51647,73.99478,75.75385,63.53252,25.59689,24.84483,73.54881,80.43061,31.79317,78.72091,24.83326,55.56513,84.73012,23.45417,85.10313,22.66321,28.62041,35.43349,80.12535,38.77681,4.61370,68.80636,85.97878,0.00000,44.13831,25.55005,64.26664,25.65225,37.25273,25.04698,64.45706,58.45418,93.41031,84.15618,38.55889,68.03118,57.50696,88.51830,64.09403,8.65852,55.76241,12.96187,73.24119,42.32866,77.86287,86.71042,51.50647,71.50330,71.72950,74.35777,78.62240,44.90225,27.88156,24.55434,46.62717,88.02263,5.47083,72.16140,59.65933,75.39159,79.85014,23.23534,78.62883,5.25702,9.68133,82.16491,45.50033,73.70106,18.48851,77.94498,64.70485,5.25696,28.00988,29.92324,69.54899,71.70671,35.79743,16.77507,17.30876,20.42550,24.62958,83.22219,7.44501,49.53265,88.26631,59.39721,19.95014,79.82506
47.47210,58.87382,55.06698,55.21309,16.01125,38.83005,48.12697,19.62373,39.40312,39.00837,58.28560,50.65002,36.43920,26.96954,56.60128,36.70713,42.40106,35.26259,26.05871,56.43927,49.41581,13.05613,58.40026,39.14915,32.44305,43.64437,51.08142,64.95956,43.37682,21.48561,28.34551,53.39310,5.55180,40.05341,42.39111,62.48360,44.13831,0.00000,19.17859,38.69052,48.59017,15.50891,22.87145,24.73536,36.29031,54.13240,47.02035,11.67101,49.66209,46.24728,56.95345,26.35068,42.27559,34.57927,31.44329,54.44739,32.90397,52.89582,61.39198,45.53766,31.01799,49.90527,48.53438,56.16343,24.13666,26.94329,54.85490,2.54608,54.27528,44.59261,31.35971,18.04870,36.90421,48.37813,44.48248,50.06736,49.05574,44.72276,41.22671,34.86460,31.73346,50.52502,43.80384,43.37662,49.21577,21.47827,51.56346,42.46885,29.90549,14.40965,27.43287,46.68279,26.04133,28.55316,59.29672,51.15694,33.04960,60.03676,37.47374,43.56771,47.47210
61.95857,41.86957,72.63259,38.28578,20.57251,20.99025,61.73460,29.66675,33.76889,41.04400,40.94197,62.93680,24.33899,43.90018,64.14324,54.13775,50.91737,19.54631,9.90268,63.83448,63.31292,6.29111,67.44769,22.82254,41.10731,62.05089,37.87335,74.18619,26.04623,15.30737,26.37219,65.34471,14.33189,21.21653,53.66613,73.20780,25.55005,19.17859,0.00000,49.28345,36.78404,18.88381,6.08697,42.20737,44.82598,71.90552,63.76333,17.80648,57.27898,49.99053,71.32436,42.82990,23.09816,42.38686,13.79873,62.55871,33.68736,63.96453,72.94362,46.51893,49.01166,59.26999,59.83106,66.14826,29.97703,20.01565,41.11208,21.72362,69.60119,26.97934,49.50369,36.31331,54.07547,62.46423,32.58913,62.78752,30.21947,25.55926,59.55221,36.74486,50.38143,35.72128,59.05081,52.06981,30.76651,7.49604,40.69674,54.09272,48.46599,16.65026,9.81252,32.20350,12.43408,12.51124,70.11357,32.84754,37.96789,72.92265,45.99169,25.60734,61.95857
17.04056,70.15558,35.74523,67.09380,28.71422,57.97199,14.86264,20.00427,35.10271,20.24915,70.77193,14.06845,45.49124,20.96008,19.02489,24.22278,6.25150,68.81883,59.07775,19.02190,16.73354,46.20802,19.79509,72.06941,8.71350,33.87120,55.09421,26.27768,74.87156,36.75820,29.00087,16.18759,38.84554,62.26482,4.55412,24.12396,64.26664,38.69052,49.28345,0.00000,50.66238,30.41040,55.23113,23.39841,6.26418,36.28361,25.75336,31.89877,12.85955,18.20803,24.56299,19.55347,67.46918,8.80373,52.96353,16.51547,23.26935,14.70291,23.66048,23.78057,25.97505,11.35784,10.55770,17.49180,19.85940,36.38679,58.75522,37.72322,25.22028,61.30005,26.95413,28.07393,22.92266,16.45792,48.63009,14.36587,69.37374,70.05595,31.91023,20.83604,30.73038,58.28965,17.36663,6.45949,67.62889,55.52427,50.45226,5.30053,29.54878,32.63335,50.82963,55.12183,44.91579,61.73784,20.96850,68.58780,15.43454,24.13216,5.79180,73.91892,17.04056
67.65374,20.88435,85.08356,18.74988,35.35004,22.43418,65.46998,41.42400,15.55976,31.08361,22.12709,63.48740,12.60151,59.94836,54.65272,69.04919,47.69554,47.64709,42.46147,54.13627,67.34495,40.95122,60.15063,48.24040,42.90584,79.11576,4.54051,65.82781,47.34280,27.11515,24.57012,64.60488,43.33004,27.57731,54.76957,68.17718,25.65225,48.59017,36.78404,50.66238,0.00000,34.77760,40.38998,60.04474,44.39962,85.19599,74.88989,38.10948,49.97710,38.12684,74.90736,58.18011,33.73727,41.96312,25.34794,54.62582,27.65314,61.67812,69.74975,31.11528,66.68544,54.78232,59.09971,61.07825,35.59228,21.91901,8.10586,50.44762,75.87939,20.24001,67.57271,57.85459,68.25103,67.11848,4.23298,64.31293,28.50795,35.24656,76.61662,29.82831,70.23149,9.25935,67.19625,48.72752,25.30657,43.17507,4.40206,55.75200,68.26815,34.86432,28.01968,8.45059,24.52862,43.68942,65.89957,24.81456,35.38483,72.71405,44.95799,44.85399,67.65374
43.80258,48.49549,56.59091,44.91136,1.70770,31.06374,43.25865,11.20661,24.03565,24.61967,48.36301,44.15593,23.70750,28.32424,45.71467,38.51643,32.16584,38.42930,28.72669,45.44255,44.91065,16.54815,48.72231,41.65972,22.25202,47.69720,37.90653,55.46180,44.56465,8.98902,12.84097,46.51205,11.81762,34.20966,34.81957,54.33197,37.25273,15.50891,18.88381,30.41040,34.77760,0.00000,24.87832,27.47937,26.01562,56.15890,47.03792,3.83878,38.76829,32.81844,52.99986,26.85811,38.50293,23.65065,24.58680,43.98023,17.88435,45.08274,54.06746,30.91493,34.52185,40.46119,40.96416,47.30410,11.31926,12.94684,41.84204,16.68042,51.73321,35.89360,35.24943,23.71019,38.13910,44.14015,30.93191,44.08064,42.50651,41.12835,45.12521,20.28462,37.19686,38.46184,41.33706,33.30199,41.63936,25.42071,37.22171,35.27925,35.18367,2.27005,21.57513,34.61158,16.83302,31.37082,51.23244,43.16574,19.94373,54.18571,27.19453,43.76267,43.80258
67.53074,42.59085,77.44795,39.15856,26.55265,21.78091,67.43673,35.48077,39.04521,47.03835,41.39971,68.79477,28.37627,48.83099,70.22956,58.95736,56.97349,13.61353,3.84878,69.92126,68.98045,10.10894,73.51180,17.09176,47.12638,66.42591,40.89368,80.25127,20.76566,21.21251,32.27788,71.24044,18.81809,20.45024,59.58132,79.20836,25.04698,22.87145,6.08697,55.23113,40.38998,24.87832,0.00000,46.95142,50.86529,76.63089,68.84302,23.52930,63.36213,56.02322,76.94463,47.87767,20.60573,48.44321,15.57422,68.63877,39.67147,69.92598,78.88873,52.40861,53.58061,65.31252,65.76523,72.17608,36.03562,25.57934,43.80249,25.37131,75.04534,27.65242,54.00177,40.69208,58.98578,68.10111,36.30792,68.60052,29.07447,22.77939,63.97357,42.75957,54.57532,38.04690,64.47448,58.12263,30.28045,3.03655,44.51473,59.98076,52.71955,22.62615,12.37510,34.82855,17.02946,6.50942,76.10369,32.49143,44.05418,78.74469,52.03538,20.73332,67.53074
24.59334,75.77040,30.49669,72.23151,26.21198,58.38356,26.29584,18.62086,46.06632,36.53495,75.73752,30.33539,50.50175,2.91000,42.12411,12.01879,29.36457,59.86817,50.41647,42.18949,27.10693,36.84295,41.61804,63.69518,23.08708,20.27375,63.79501,47.28029,67.70186,36.45611,35.49380,33.24028,28.13500,61.07660,24.94816,43.10651,64.45706,24.73536,42.20737,23.39841,60.04474,27.47937,46.95142,0.00000,25.33211,29.70658,22.32151,25.91063,36.25474,39.18891,33.71116,3.85519,64.61813,25.55731,51.56697,39.49291,34.58274,33.99950,41.07069,42.41316,7.05301,33.89087,29.90448,38.36776,24.76853,39.55624,67.76395,22.58043,30.27075,63.35955,7.77355,7.14886,12.16907,25.91665,56.71086,29.22610,69.68103,67.20358,17.70785,34.25715,10.20260,65.19350,20.28856,29.79561,69.01306,45.95871,61.48929,24.44443,8.28070,28.69941,48.10307,61.42822,44.16669,53.00176,40.06950,70.59951,29.16013,38.22444,26.07045,67.62618,24.59334
23.27811,63.92984,41.63546,60.89251,24.37491,52.19082,21.11346,16.75800,28.84025,14.20345,64.56962,19.88193,39.40169,23.37060,20.32625,28.65280,6.22505,64.35232,54.70960,20.15223,22.98654,42.32790,22.74435,67.44983,3.89166,38.67128,48.83004,29.47552,70.00065,31.49897,23.05386,21.67667,35.61469,56.62886,10.55746,28.48413,58.45418,36.29031,44.82598,6.26418,44.39962,26.01562,50.86529,25.33211,0.00000,42.06400,31.52563,28.05746,13.37192,13.96540,30.74981,21.69535,61.99855,2.69177,47.47068,18.27541,17.04003,19.60499,28.60172,18.43517,29.27786,14.44786,15.90990,21.33291,14.88307,30.63002,52.49387,35.70618,31.48051,55.32690,30.28440,28.62526,27.45994,22.72208,42.37671,20.38107,63.51359,64.56196,36.52865,14.57226,33.94799,52.04607,23.30064,7.31744,61.67671,51.41911,44.22896,11.45450,32.50416,28.28278,45.56864,48.90507,39.48301,57.33638,25.45993,62.57680,9.22198,29.81394,1.20208,68.90701,23.27811
20.80831,103.06301,1.93681,99.68051,54.68004,87.19817,24.36726,45.67609,69.91838,56.25507,103.30097,29.46152,77.58078,28.10525,46.76736,17.80163,41.55119,89.39201,80.04899,47.16039,23.01089,66.52707,42.57324,93.26232,42.59724,11.68559,89.39822,44.62013,97.35972,64.89164,61.25117,30.99440,57.82514,90.28939,33.54102,38.21833,93.41031,54.13240,71.90552,36.28361,85.19599,56.15890,76.63089,29.70658,42.06400,0.00000,10.54185,55.19041,44.71983,54.07090,21.27359,29.38508,94.13031,44.03817,80.69077,44.35736,57.66379,34.19182,34.66876,60.04782,23.11446,39.49324,33.00311,38.71328,50.16603,66.96927,93.25822,51.81439,16.07459,91.78649,22.80450,36.08380,18.03478,22.34207,82.50770,27.77829,98.66494,96.73260,13.52082,55.96736,23.23115,91.74731,18.95521,41.05661,97.71303,75.54313,85.65346,32.42885,24.71408,57.69819,77.42261,88.19527,72.98598,82.60790,36.69405,99.13786,50.22873,28.80401,41.92738,97.32526,20.80831
11.17956,93.09325,10.20162,89.76395,45.47904,77.88463,14.84743,36.18855,59.53533,45.72092,93.40622,20.28449,67.66315,20.08901,37.42948,10.74599,31.12159,81.98825,72.41596,37.77503,13.88022,58.76162,33.84429,85.76145,32.14519,12.24030,79.13914,36.93576,89.60115,55.53961,51.18457,22.32132,50.08196,81.24485,23.15730,30.88602,84.15618,47.02035,63.76333,25.75336,74.88989,47.03792,68.84302,22.32151,31.52563,10.54185,0.00000,46.48371,34.71500,43.63508,15.39131,20.96575,85.40581,33.52538,71.62055,34.89327,47.28970,25.15733,27.61478,49.52778,17.03658,29.70970,23.28472,29.93134,40.19614,57.22300,82.97185,44.89934,10.24295,82.25073,17.17056,29.33055,10.22063,12.94112,72.30419,18.56785,89.41153,88.02526,12.01949,45.50717,19.23066,81.64369,8.49562,30.67863,88.29002,68.04560,75.24149,22.05176,19.98049,48.74199,68.54328,78.15050,63.76105,75.03873,28.79175,89.62626,39.77579,22.42171,31.38579,89.35449,11.17956
44.16467,50.87668,55.74733,47.25241,4.54010,32.53798,43.93758,11.97584,27.83489,28.04043,50.61500,45.29076,26.62969,27.11376,48.12019,37.41414,34.27554,37.13910,27.34888,47.87929,45.50802,14.32568,50.79095,40.57254,24.19672,46.17800,41.05565,57.51106,43.83535,11.46173,16.67935,47.77435,8.27315,35.18125,36.16035,55.99813,38.55889,11.67101,17.80648,31.89877,38.10948,3.83878,23.52930,25.91063,28.05746,55.19041,46.48371,0.00000,41.13597,35.94790,53.51872,25.81183,38.96926,25.86901,25.65635,46.25268,21.51700,46.59547,55.50298,34.43586,32.95001,42.40844,42.37271,49.12981,13.94707,16.19060,44.95645,12.87866,51.87322,37.70289,33.60255,21.36108,37.17036,44.65787,34.16812,45.07414,43.77517,41.58116,43.61544,23.75664,35.22960,41.28100,41.35252,35.37416,43.18547,23.63739,40.72061,36.51501,33.22395,3.27843,22.24455,37.41136,18.40015,30.02704,52.85715,44.84116,22.86714,55.21961,29.25579,43.27023,44.16467
23.91843,70.62528,43.74043,67.98891,37.20031,61.97926,20.44340,30.11088,35.12916,19.53039,71.59460,16.04745,47.99951,33.78011,6.99075,35.88050,7.38093,76.66073,67.17844,6.78625,22.00916,55.27016,10.69416,79.55814,17.23501,44.76194,54.51608,17.23095,81.74015,43.06182,33.13354,15.95118,48.87986,66.83496,12.37672,18.26978,68.03118,49.66209,57.27898,12.85955,49.97710,38.76829,63.36213,36.25474,13.37192,44.71983,34.71500,41.13597,0.00000,12.01710,27.55007,32.40650,72.60418,15.28676,58.20590,5.33397,25.78053,12.54442,19.80839,19.17035,38.46130,5.59151,11.86995,11.10208,27.44989,41.03124,57.73455,49.05143,30.50628,64.23789,39.41244,40.78511,34.50482,22.47735,48.96861,17.50603,72.83203,75.08116,43.11714,22.55463,43.20122,58.62590,26.39712,6.61745,70.59792,64.14585,48.65605,13.32746,42.15259,41.03246,56.85247,56.03720,50.50765,69.75480,15.92612,71.17298,19.47102,23.43514,12.18978,80.42183,23.91843
33.76079,58.89111,53.35500,56.37127,31.52271,51.67118,30.68030,27.13389,23.70258,9.18167,59.93868,27.18973,37.22816,37.31638,16.70707,42.25950,12.51983,68.77846,59.71752,16.22051,32.44474,49.13702,22.03459,71.32456,16.26476,52.05505,42.65659,27.93575,72.97759,34.92295,24.08248,27.60871,44.17987,56.75976,20.54173,30.06498,57.50696,46.24728,49.99053,18.20803,38.12684,32.81844,56.02322,39.18891,13.96540,54.07090,43.63508,35.94790,12.01710,0.00000,38.90181,35.61760,62.77771,13.72418,48.71197,16.50017,16.47847,24.34447,31.80473,7.15354,43.22642,17.27507,22.74275,23.06953,22.17793,31.76682,45.79586,46.25074,41.20467,53.37317,44.23180,41.87425,41.00171,32.63783,37.36366,28.41352,62.10478,65.15578,50.04223,13.28874,47.90857,46.92918,35.14388,13.06723,59.67530,57.26816,36.66798,21.65550,46.46897,34.94615,47.93559,44.51917,41.48181,62.15970,27.89316,60.08707,13.20388,35.36207,13.44442,71.40298,33.76079
9.49368,94.67351,19.64677,91.64159,51.30658,82.19813,9.88035,41.82214,59.38418,43.94047,95.31894,11.71743,70.03896,30.91954,27.48569,24.43586,27.36285,90.49125,80.71199,27.96351,8.11961,67.19152,22.41687,94.03335,33.09763,27.52730,79.38985,23.49379,97.34776,60.42183,53.48703,11.70625,58.87441,86.26518,20.20979,17.02370,88.51830,56.95345,71.32436,24.56299,74.90736,52.99986,76.94463,33.71116,30.74981,21.27359,15.39131,53.51872,27.55007,38.90181,0.00000,31.00073,91.17236,33.35658,76.79284,25.49122,47.78824,15.20958,13.43173,45.80154,30.42799,21.95988,16.18296,18.83514,43.65802,60.67501,82.95614,55.20741,5.40307,85.74905,30.86970,40.79180,23.37020,8.86707,73.07295,10.64202,93.67909,93.78680,27.40626,45.20498,33.66869,82.76705,13.42537,26.43082,92.04896,76.67974,74.35435,19.29696,33.97562,55.05053,74.30429,79.65399,68.72231,83.39029,15.85599,93.06757,39.96940,7.53496,30.05292,96.69955,9.49368
21.67083,74.61381,29.94250,71.12652,25.44029,57.92142,23.05171,16.97811,43.79838,33.42409,74.68417,26.82127,49.18909,1.84001,38.27239,11.66003,25.55148,61.06094,51.45972,38.33589,24.00720,37.80050,37.83294,64.81441,19.67462,21.13557,62.06763,43.57075,68.63546,35.71212,33.62518,29.72459,29.13251,60.91273,21.12092,39.54442,64.09403,26.35068,42.82990,19.55347,58.18011,26.85811,47.87767,3.85519,21.69535,29.38508,20.96575,25.81183,32.40650,35.61760,31.00073,0.00000,64.77195,22.08860,51.32373,35.64425,32.01747,30.33350,37.63019,39.12277,8.59200,30.05247,26.18541,34.63167,22.62438,38.31927,66.02199,24.40770,27.97294,62.67699,9.54021,10.00781,11.35853,22.85476,55.00719,25.79210,69.34318,67.37964,18.58348,31.42205,12.76511,63.75461,17.63174,25.96277,68.49145,47.11465,59.39247,20.64128,11.06854,28.32898,48.03775,60.04736,43.68737,54.08873,36.47455,69.98729,26.12356,35.06641,22.38472,68.40406,21.67083
82.14968,26.12017,94.71318,23.47512,40.13746,11.79165,81.32676,49.65855,40.53974,53.70107,24.38237,81.53299,26.43021,66.02733,78.89888,76.33447,67.48434,17.63847,19.21603,78.48546,83.05298,29.28499,83.27302,16.37988,58.78268,84.73259,31.89919,89.81942,14.00736,30.77707,39.48927,83.58682,37.33237,6.36406,72.01990,90.14658,8.65852,42.27559,23.09816,67.46918,33.73727,38.50293,20.60573,64.61813,61.99855,94.13031,85.40581,38.96926,72.60418,62.77771,91.17236,64.77195,0.00000,59.33044,14.52790,77.90265,46.86113,81.59578,90.56683,57.27199,71.56789,75.84693,77.84573,82.81366,47.66763,31.60753,33.18027,44.82107,90.17917,13.98642,72.12938,59.12809,76.12822,82.36422,30.89881,81.70675,9.81892,2.62548,82.20069,50.12315,73.24733,27.07887,79.83101,68.66948,12.38227,23.23130,38.09002,72.66328,71.29995,36.68544,16.93393,25.59742,22.55341,18.24503,87.26003,14.54521,53.49115,91.60134,63.03022,11.31606,82.14968
25.69351,61.35290,43.68871,58.29119,22.03828,49.49935,23.66141,14.95660,26.41620,12.30980,61.96920,22.56509,36.74170,23.84121,22.27741,29.95205,8.53057,61.89007,52.28232,22.05755,25.52999,40.06754,25.07688,64.94671,2.55012,40.08517,46.36772,31.81726,67.43755,28.88006,20.36495,24.36770,33.59982,53.94444,13.19927,31.05431,55.76241,34.57927,42.38686,8.80373,41.96312,23.65065,48.44321,25.55731,2.69177,44.03817,33.52538,25.86901,15.28676,13.72418,33.35658,22.08860,59.33044,0.00000,44.80269,20.38704,14.47198,22.26572,31.25000,17.21634,30.04698,16.91183,18.60062,23.84861,12.40993,27.94070,50.06556,34.14675,33.94062,52.64429,31.05412,28.20000,28.82295,25.21817,39.84934,23.03978,60.82269,61.89065,37.86041,12.15962,34.62879,49.49577,25.44535,9.68546,58.99198,49.07136,41.92179,14.06347,33.07992,25.92070,42.93787,46.31820,36.82638,54.89729,28.05800,59.90026,6.63537,32.50543,3.70785,66.31443,25.69351
67.86199,28.09000,81.15905,24.49349,26.14480,7.40055,66.92930,35.56447,27.61875,39.56141,27.22499,67.03076,14.43698,52.70326,64.59743,62.97405,52.97406,22.80155,17.18548,64.19769,68.67462,19.69202,68.85170,24.13930,44.26882,71.83274,25.43331,75.43476,24.68717,16.37905,25.07334,69.06632,25.99482,9.62451,57.51618,75.64632,12.96187,31.44329,13.79873,52.96353,25.34794,24.58680,15.57422,51.56697,47.47068,80.69077,71.62055,25.65635,58.20590,48.71197,76.79284,51.32373,14.52790,44.80269,0.00000,63.52017,32.54874,67.06818,76.04131,43.59531,58.60488,61.34946,63.32222,68.32110,33.19959,17.17516,28.24014,33.89179,75.96156,13.29662,59.24874,46.69809,62.65697,68.01606,21.47408,67.22829,18.13591,17.09761,69.27112,35.82360,60.74698,22.47944,65.71237,54.15961,17.84561,18.55042,29.63393,58.17270,58.75468,22.99503,4.08450,19.27312,8.07256,18.34315,72.74698,19.72684,38.99908,77.09404,48.50292,22.83699,67.86199
23.74684,75.38434,43.18366,72.83170,42.39326,67.21927,20.09120,35.01616,40.04523,24.62707,76.41278,14.90925,53.14180,36.85557,2.70012,37.60926,12.07220,81.96401,72.46044,2.92714,21.34750,60.44637,5.55484,84.87774,22.16705,45.78215,59.15385,11.91703,87.07328,48.39290,38.44685,13.85934,53.88894,72.10726,14.64874,13.62227,73.24119,54.44739,62.55871,16.51547,54.62582,43.98023,68.63877,39.49291,18.27541,44.35736,34.89327,46.25268,5.33397,16.50017,25.49122,35.64425,77.90265,20.38704,63.52017,0.00000,31.05593,10.38948,15.73233,23.55953,40.90654,5.72767,11.66632,7.13337,32.67185,46.34502,62.25988,53.71932,29.21015,69.37444,41.81164,44.55290,36.21010,22.07765,53.81112,16.58026,78.00552,80.37220,44.37976,27.81353,45.57228,63.41185,27.00260,11.07082,75.72386,69.38277,53.07855,15.33949,44.71465,46.24793,62.18517,60.93288,55.83674,75.04413,11.76372,76.25261,24.80077,20.24174,17.07434,85.75541,23.74684
40.11702,46.89043,57.49058,43.86018,16.99356,36.22266,38.13129,17.02860,12.25490,7.37212,47.53620,36.74862,22.61837,33.85236,32.05318,42.09217,21.37256,52.30828,43.32242,31.65004,40.00089,33.39366,36.47120,54.84891,15.25492,52.29114,31.99320,42.96890,56.57317,18.49169,7.61713,38.27513,29.69733,41.05491,27.58428,43.65236,42.32866,32.90397,33.68736,23.26935,27.65314,17.88435,39.67147,34.58274,17.04003,57.66379,47.28970,21.51700,25.78053,16.47847,47.78824,32.01747,46.86113,14.47198,32.54874,31.05593,0.00000,35.75903,44.47893,13.13880,40.59899,29.42742,32.55553,36.29681,10.36994,15.42160,35.75586,33.55743,48.38745,38.77087,41.55650,34.38514,41.17227,39.68543,25.38874,37.36205,47.21915,49.32014,49.87309,3.27653,44.66208,35.02389,39.54317,22.52204,45.14611,41.05986,28.00796,28.49448,42.82173,19.73140,31.53080,31.86575,25.09015,45.73230,40.92314,45.89560,7.83661,46.47501,17.76295,55.06820,40.11702
14.01272,82.03385,32.94147,79.22086,43.39203,71.64104,10.38196,34.67265,46.42268,30.65544,82.87039,4.87859,58.37709,31.14046,12.62658,29.53494,14.38656,83.50607,73.77344,13.05184,11.31385,60.89528,8.75171,86.72950,23.01626,36.65223,66.21239,13.34300,89.45038,51.08144,42.43561,3.50464,53.40717,76.17496,10.54043,9.58919,77.86287,52.89582,63.96453,14.70291,61.67812,45.08274,69.92598,33.99950,19.60499,34.19182,25.15733,46.59547,12.54442,24.34447,15.20958,30.33350,81.59578,22.26572,67.06818,10.38948,35.75903,0.00000,9.01804,31.43819,33.84252,7.06983,4.36671,4.87660,34.30796,50.14703,69.58601,51.71386,18.82925,74.50692,34.64063,40.08544,28.15004,12.21807,60.30350,6.59214,82.85688,84.15415,35.53949,32.78805,38.24971,70.02775,17.91468,13.24096,80.87942,70.22544,60.67138,10.43366,37.73634,47.31554,65.15983,67.19746,59.08777,76.43101,6.40283,81.65447,28.33060,11.06890,18.56618,88.42800,14.01272
17.78781,90.31537,33.07118,87.60023,52.37304,80.51435,15.02664,43.54897,54.72776,38.97636,91.22873,10.87695,67.06631,38.16203,16.80500,34.55883,23.17910,92.47908,82.73453,17.35218,14.79546,69.77577,10.91616,95.72298,32.03421,39.81609,74.29016,10.13475,98.46515,60.09156,51.31380,8.02948,62.15463,85.10253,19.34640,3.63077,86.71042,61.39198,72.94362,23.66048,69.74975,54.06746,78.88873,41.07069,28.60172,34.66876,27.61478,55.50298,19.80839,31.80473,13.43173,37.63019,90.56683,31.25000,76.04131,15.73233,44.47893,9.01804,0.00000,38.95465,39.73124,15.11861,13.13090,8.74679,43.32587,59.07089,77.53748,60.08432,18.62198,83.24915,40.40168,47.59519,33.26334,16.02596,68.60964,11.84615,91.66767,93.11862,39.23931,41.42591,43.74532,78.30521,22.42271,22.00558,89.62451,79.14029,68.46303,19.06322,43.57357,56.29338,74.16728,75.60258,68.07621,85.39628,3.96878,90.34194,37.19833,6.05005,27.54425,97.44603,17.78781
40.15279,51.94644,59.45528,49.52096,29.89612,45.88080,37.25379,27.70546,17.24429,6.59593,53.05310,34.08710,31.20296,40.91367,23.54317,47.05797,18.80434,64.62548,55.96267,23.03065,39.06319,46.51092,29.05843,66.90341,19.48918,57.10548,35.63005,34.74084,68.17192,31.21527,20.14674,34.65289,42.68297,51.10973,26.78210,37.16332,51.50647,45.53766,46.51893,23.78057,31.11528,30.91493,52.40861,42.41316,18.43517,60.04782,49.52778,34.43586,19.17035,7.15354,45.80154,39.12277,57.27199,17.21634,43.59531,23.55953,13.13880,31.43819,38.95465,0.00000,47.23776,24.37668,29.61871,30.21575,21.67455,27.22398,38.70043,45.93488,47.84392,47.12973,48.24368,44.01866,45.88295,39.15854,30.57830,35.22934,55.92551,59.56149,54.94830,10.69141,51.77828,40.03294,41.10128,19.55513,53.35682,53.96085,29.53551,27.88568,50.17590,32.83169,43.28017,37.78079,36.86224,58.27881,35.03721,53.64124,13.69318,42.47906,18.30910,66.42620,40.15279
22.18338,82.74219,24.08071,79.21604,33.23501,65.43564,24.71237,25.33301,52.38610,41.75419,82.73520,29.56084,57.41434,6.77242,43.60181,6.30446,32.21282,66.27794,56.96015,43.75426,25.05211,43.49156,42.12999,70.15164,27.75501,13.22800,70.52181,47.14301,74.28015,43.49202,42.11633,32.38273,34.81179,68.10038,26.32619,42.24105,71.50330,31.01799,49.01166,25.97505,66.68544,34.52185,53.58061,7.05301,29.27786,23.11446,17.03658,32.95001,38.46130,43.22642,30.42799,8.59200,71.56789,30.04698,58.60488,40.90654,40.59899,33.84252,39.73124,47.23776,0.00000,35.18048,30.18038,38.54880,31.18020,46.48630,74.48363,28.70955,26.22576,70.40804,1.00778,12.96963,7.11521,23.81118,63.44822,28.17268,76.72438,74.14485,10.66727,39.93072,4.75559,72.06416,17.52721,32.40317,76.06593,52.43911,67.96030,25.57157,3.89423,35.75229,55.11668,68.32085,51.21969,59.50778,39.41193,77.65168,34.53825,35.99195,29.79657,74.30059,22.18338
18.70271,75.25412,38.43908,72.50622,38.81515,65.57267,15.12985,30.79497,39.64632,23.87878,76.14129,10.48824,51.97713,31.21647,8.42634,31.92624,8.42737,78.78928,69.15631,8.60817,16.60092,56.71515,8.49588,81.85848,18.23645,40.27910,59.32125,15.13533,84.32119,45.69139,36.42563,10.39832,49.74423,70.25818,8.96748,14.30035,71.72950,49.90527,59.26999,11.35784,54.78232,40.46119,65.31252,33.89087,14.44786,39.49324,29.70970,42.40844,5.59151,17.27507,21.95988,30.05247,75.84693,16.91183,61.34946,5.72767,29.42742,7.06983,15.11861,24.37668,35.18048,0.00000,6.49062,6.97863,29.30633,44.25802,62.64623,49.01929,24.97860,68.17959,36.08439,39.14652,30.52888,17.16104,53.53373,11.99568,76.64522,78.37176,38.80355,26.33574,39.84461,63.24268,21.59816,7.24797,74.55450,65.85410,53.67896,9.61958,38.99252,42.72730,59.69213,60.50013,53.47441,71.78100,11.49592,75.24540,22.35605,18.10478,13.27830,83.15433,18.70271
12.22122,79.20164,31.95209,76.29391,39.26622,68.09924,8.63948,30.42315,43.67476,28.02277,79.95920,4.47116,55.13080,27.07693,14.27957,26.30058,11.40619,79.36039,69.61009,14.58124,10.14427,56.65136,11.94961,82.62388,19.09372,34.14280,63.61346,17.38552,85.42455,47.21239,38.93832,5.76764,49.09462,72.52786,6.22776,13.95468,74.35777,48.53438,59.83106,10.55770,59.09971,40.96416,65.76523,29.90448,15.90990,33.00311,23.28472,42.37271,11.86995,22.74275,16.18296,26.18541,77.84573,18.60062,63.32222,11.66632,32.55553,4.36671,13.13090,29.61871,30.18038,6.49062,0.00000,8.47382,30.35405,46.53934,67.09401,47.34719,18.67813,71.16111,31.02209,35.84750,24.90102,10.67149,57.49672,5.70532,79.40411,80.41950,32.80309,29.72605,34.70506,67.22374,15.34096,10.38123,77.52220,66.00985,58.35313,6.06779,34.06073,43.18250,61.29459,64.26726,55.30299,72.27360,10.76897,78.37239,24.92429,13.93902,14.96563,84.45547,12.22122
18.83249,81.70582,37.38537,79.03971,45.64406,72.48681,15.22880,37.37695,46.16496,30.46904,82.65490,9.71536,58.77620,35.54737,8.72027,34.37195,15.40002,85.68139,76.02275,9.22635,16.05313,63.45361,3.91296,88.78059,25.05216,41.51301,65.61749,8.99156,91.27993,52.66427,43.37194,7.72180,56.29143,77.20334,13.97097,7.35671,78.62240,56.16343,66.14826,17.49180,61.07825,47.30410,72.17608,38.36776,21.33291,38.71328,29.93134,49.12981,11.10208,23.06953,18.83514,34.63167,82.81366,23.84861,68.32110,7.13337,36.29681,4.87660,8.74679,30.21575,38.54880,6.97863,8.47382,0.00000,36.21471,51.21749,68.83259,55.13232,23.02695,75.00008,39.36732,44.21296,32.98304,17.01654,60.02775,11.41271,83.50932,85.33454,40.41510,33.16116,43.00861,69.70145,22.79086,14.21744,81.37217,72.65639,59.73544,14.16704,42.43848,49.56502,66.67011,67.06618,60.45222,78.65609,4.82597,82.01938,29.32338,13.13947,20.18330,90.12560,18.83249
34.93440,52.91468,50.25563,49.56895,9.77590,38.57617,33.77989,6.66380,21.29919,15.07987,53.21008,33.89271,27.46700,24.41553,34.39594,33.51091,20.94035,49.48392,39.87343,34.12599,35.55258,27.84642,37.47708,52.56677,11.29173,43.53028,39.56707,44.21703,55.15624,16.91089,11.14136,36.04006,22.07619,42.61691,24.39345,43.35345,44.90225,24.13666,29.97703,19.85940,35.59228,11.31926,36.03562,24.76853,14.88307,50.16603,40.19614,13.94707,27.44989,22.17793,43.65802,22.62438,47.66763,12.40993,33.19959,32.67185,10.36994,34.30796,43.32587,21.67455,31.18020,29.30633,30.35405,36.21471,0.00000,17.21936,43.50096,24.33507,43.16327,42.41382,32.09358,24.05029,32.77158,34.95129,32.55198,34.03917,50.09387,50.26570,41.02582,11.27176,34.95702,41.60904,33.29588,22.09407,48.61999,36.71148,36.78196,25.00500,33.04921,13.58257,30.97201,38.03085,25.13058,42.48737,40.30465,49.78806,8.98906,43.96963,16.03366,54.12154,34.93440
52.11191,36.29457,67.17476,32.81600,13.71935,21.58601,50.80089,21.39655,13.94948,22.58520,36.39432,50.41630,10.95536,39.95936,47.44073,49.78536,35.92625,37.40703,28.95865,47.04698,52.60647,21.77575,51.68232,39.70678,27.68358,59.44599,24.95973,58.25966,41.21147,5.72413,7.89818,52.30509,21.94181,26.03171,40.92925,58.55803,27.88156,26.94329,20.01565,36.38679,21.91901,12.94684,25.57934,39.55624,30.63002,66.96927,57.22300,16.19060,41.03124,31.76682,60.67501,38.31927,31.60753,27.94070,17.17516,46.34502,15.42160,50.14703,59.07089,27.22398,46.48630,44.25802,46.53934,51.21749,17.21936,0.00000,28.89646,28.65834,60.36256,25.19536,47.29213,36.47715,49.21016,52.06060,18.00174,50.74757,33.01095,34.11822,56.88570,18.69736,49.56247,25.70567,50.50463,37.10924,31.42194,27.49647,24.64612,41.66751,47.55892,12.94855,16.17531,21.90036,9.72008,31.17154,55.69862,32.56871,21.90675,60.42043,31.60721,39.65783,52.11191
75.75411,14.28658,93.16213,13.21554,42.57159,23.33586,73.55087,49.16549,23.65473,39.07196,15.94602,71.49787,18.43802,67.77239,62.15243,77.00096,55.69785,48.98132,45.27953,61.62614,75.42568,45.98165,67.75283,48.91335,51.00972,87.02738,3.97256,73.25903,47.17852,33.63557,32.40313,72.55989,49.43493,27.66154,62.84128,75.85681,24.55434,54.85490,41.11208,58.75522,8.10586,41.84204,43.80249,67.76395,52.49387,93.25822,82.97185,44.95645,57.73455,45.79586,82.95614,66.02199,33.18027,50.06556,28.24014,62.25988,35.75586,69.58601,77.53748,38.70043,74.48363,62.64623,67.09401,68.83259,43.50096,28.89646,0.00000,56.87066,83.97438,19.21160,75.35537,65.26247,76.22694,75.20896,11.05919,72.34885,25.96114,34.14242,84.51551,37.92500,77.92305,6.16305,75.29885,56.71447,22.56241,46.75100,9.34000,63.82992,75.94520,41.67977,31.62519,8.97622,29.54075,46.07828,73.65837,21.40006,43.49042,80.63958,53.04075,44.49365,75.75411
45.75001,61.19793,52.78338,57.53656,16.94587,41.26815,46.55336,19.27941,40.71082,39.36154,60.64357,49.28349,38.43469,24.91879,55.94339,34.49222,41.72940,37.62077,28.50809,55.80472,47.78493,15.59824,57.50040,41.52832,31.91193,41.22746,53.06247,63.99463,45.81160,23.34055,29.48111,52.06441,7.91107,42.56601,41.26356,61.30062,46.62717,2.54608,21.72362,37.72322,50.44762,16.68042,25.37131,22.58043,35.70618,51.81439,44.89934,12.87866,49.05143,46.25074,55.20741,24.40770,44.82107,34.14675,33.89179,53.71932,33.55743,51.71386,60.08432,45.93488,28.70955,49.01929,47.34719,55.13232,24.33507,28.65834,56.87066,0.00000,52.37816,46.99950,29.01829,15.75089,34.73961,46.72056,46.37969,48.63222,51.56337,47.26883,38.82791,35.32199,29.28592,52.66256,41.96691,42.66452,51.68796,23.90641,53.30434,41.28100,27.47955,15.86862,29.89916,48.80830,28.30354,30.97625,58.11586,53.61464,33.10734,58.52183,36.87264,46.04457,45.75001
8.30079,95.17963,14.55185,92.03444,50.07131,81.69683,10.60463,40.53616,60.32050,45.28538,95.71096,14.50091,70.16554,27.61906,31.43074,20.02943,29.07114,88.48436,78.75375,31.86989,8.78073,65.12838,26.79936,92.12254,33.27721,22.22331,80.30174,28.54595,95.64207,59.60103,53.51732,15.42216,56.63101,85.52572,21.29865,22.15052,88.02263,54.27528,69.60119,25.22028,75.87939,51.73321,75.04534,30.27075,31.48051,16.07459,10.24295,51.87322,30.50628,41.20467,5.40307,27.97294,90.17917,33.94062,75.96156,29.21015,48.38745,18.82925,18.62198,47.84392,26.22576,24.97860,18.67813,23.02695,43.16327,60.36256,83.97438,52.37816,0.00000,85.55114,26.55866,37.41825,19.11094,8.79435,73.77619,13.00060,93.23366,92.80313,22.23803,46.05109,29.08232,83.39083,10.57462,28.28891,91.77991,74.58085,75.63447,20.25137,29.57707,53.67849,73.24985,80.13268,67.92649,81.42000,20.65903,92.91451,40.56258,12.87619,30.96324,95.14195,8.30079
77.29094,14.97625,92.09088,11.50614,37.24528,5.99568,75.89355,46.12430,29.89039,44.74757,13.96281,75.20866,16.23842,64.19091,69.98949,74.30795,60.12512,30.20547,28.12224,69.52714,77.71553,32.97811,74.89443,29.81653,52.66202,83.59080,17.98703,81.16467,27.97063,26.96652,32.30035,76.91720,39.08850,8.63315,65.80297,82.34334,5.47083,44.59261,26.97934,61.30005,20.24001,35.89360,27.65242,63.35955,55.32690,91.78649,82.25073,37.70289,64.23789,53.37317,85.74905,62.67699,13.98642,52.64429,13.29662,69.37444,38.77087,74.50692,83.24915,47.12973,70.40804,68.17959,71.16111,75.00008,42.41382,25.19536,19.21160,46.99950,85.55114,0.00000,71.12168,59.04482,73.85145,77.20249,18.02654,75.65238,8.82334,15.15085,81.01881,41.84698,72.91458,13.09370,75.68537,61.28249,6.37539,30.68547,24.48040,66.60017,70.90524,34.71241,17.38111,11.85551,19.30871,28.33392,79.66983,7.38161,46.23947,85.09942,56.20901,25.30194,77.29094
22.78394,83.52970,23.83928,79.99597,33.98531,66.11378,25.39834,26.19395,53.31815,42.75179,83.50655,30.31281,58.22835,7.71038,44.50844,6.53801,33.19497,66.62099,57.35020,44.66612,25.68212,43.92643,42.97032,70.50762,28.76004,12.60915,71.39161,47.92297,74.67502,44.22850,43.00259,33.11904,35.26551,68.72413,27.25041,42.95752,72.16140,31.35971,49.50369,26.95413,67.57271,35.24943,54.00177,7.77355,30.28440,22.80450,17.17056,33.60255,39.41244,44.23180,30.86970,9.54021,72.12938,31.05412,59.24874,41.81164,41.55650,34.64063,40.40168,48.24368,1.00778,36.08439,31.02209,39.36732,32.09358,47.29213,75.35537,29.01829,26.55866,71.12168,0.00000,13.32584,7.50037,24.44096,64.31491,28.90139,77.37589,74.70041,10.07137,40.91000,3.78896,72.89452,18.11533,33.37664,76.75029,52.81146,68.87553,26.48298,3.17539,36.44109,55.73160,69.14323,51.90892,59.88421,40.15359,78.35124,35.52872,36.56434,30.80065,74.73032,22.78394
31.57762,72.14706,37.03368,68.54110,22.76215,53.77281,33.05817,17.39713,44.91743,37.70864,71.94061,36.75531,47.36974,9.87234,47.09451,18.78470,33.55653,53.31014,44.02500,47.09581,33.98751,30.63459,47.22933,57.18877,25.65001,25.75910,61.29735,53.19613,61.35033,32.59568,33.73516,39.65255,22.01314,56.02163,30.40297,49.41710,59.65933,18.04870,36.31331,28.07393,57.85459,23.71019,40.69208,7.14886,28.62526,36.08380,29.33055,21.36108,40.78511,41.87425,40.79180,10.00781,59.12809,28.20000,46.69809,44.55290,34.38514,40.08544,47.59519,44.01866,12.96963,39.14652,35.84750,44.21296,24.05029,36.47715,65.26247,15.75089,37.41825,59.04482,13.32584,0.00000,19.11707,32.82204,54.23624,35.77068,64.81790,61.67384,23.28713,34.73854,14.12314,62.13889,27.36760,34.17935,64.41897,39.48643,59.76710,30.06977,12.17256,24.46554,43.01989,58.29979,39.73616,46.55870,46.31502,66.13177,30.34877,45.06565,29.56092,61.42453,31.57762
15.50746,85.44452,18.59377,82.00811,36.67752,69.19318,18.39266,27.82683,53.33177,41.05583,85.60103,23.57972,59.95682,10.17549,38.90274,1.40089,29.08532,71.99990,62.49938,39.12299,18.47216,48.88091,36.72850,75.80869,26.87695,11.26749,72.31001,41.24837,79.75039,46.91605,43.91277,26.28236,40.17565,72.25462,22.12811,35.98559,75.39159,36.90421,54.07547,22.92266,68.25103,38.13910,58.98578,12.16907,27.45994,18.03478,10.22063,37.17036,34.50482,41.00171,23.37020,11.35853,76.12822,28.82295,62.65697,36.21010,41.17227,28.15004,33.26334,45.88295,7.11521,30.52888,24.90102,32.98304,32.77158,49.21016,76.22694,34.73961,19.11094,73.85145,7.50037,19.11707,0.00000,17.23822,65.31694,22.05915,80.64467,78.73483,9.06935,39.95224,10.51086,74.33809,10.84473,29.03111,79.73166,58.07448,69.08677,21.20027,10.61514,39.66365,59.39344,70.70478,54.97090,65.10088,33.30625,81.18707,34.28258,29.18472,27.70570,79.60015,15.50746
1.85068,86.53477,21.28211,83.42602,42.44871,73.52500,2.03501,32.95734,51.55873,36.49178,87.10422,7.34341,61.64954,23.03455,24.55974,18.53392,20.35739,81.65943,71.87564,24.92540,1.24122,58.38127,20.92752,85.18681,24.68270,24.57931,71.55212,24.46090,88.48348,51.63817,45.02846,9.52897,50.11924,77.51697,12.51152,18.84333,79.85014,48.37813,62.46423,16.45792,67.11848,44.14015,68.10111,25.91665,22.72208,22.34207,12.94112,44.65787,22.47735,32.63783,8.86707,22.85476,82.36422,25.21817,68.01606,22.07765,39.68543,12.21807,16.02596,39.15854,23.81118,17.16104,10.67149,17.01654,34.95129,52.06060,75.20896,46.72056,8.79435,77.20249,24.44096,32.82204,17.23822,0.00000,65.06751,5.62694,85.03180,84.98130,23.65546,37.29377,27.72910,74.70696,6.39712,19.62678,83.47331,67.87102,66.84299,11.45829,27.61634,46.18540,65.47931,71.49028,59.95036,74.55489,16.34939,84.54535,31.85099,12.33321,22.17973,87.83257,1.85068
65.50383,21.73035,82.47150,19.02374,31.59384,19.28421,63.48970,38.12152,13.88797,29.66170,22.62733,61.81972,8.36854,56.74868,54.04533,66.06243,46.10852,44.01688,38.48429,53.54583,65.36219,36.71829,59.36329,44.80866,40.58193,76.04851,7.08700,65.27031,44.20376,23.03971,21.42093,63.10139,39.18537,24.60412,52.86909,67.23600,23.23534,44.48248,32.58913,48.63009,4.23298,30.93191,36.30792,56.71086,42.37671,82.50770,72.30419,34.16812,48.96861,37.36366,73.07295,55.00719,30.89881,39.84934,21.47408,53.81112,25.38874,60.30350,68.60964,30.57830,63.44822,53.53373,57.49672,60.02775,32.55198,18.00174,11.05919,46.37969,73.77619,18.02654,64.31491,54.23624,65.31694,65.06751,0.00000,62.55131,26.68352,32.61025,73.52803,27.86918,66.86582,9.72914,64.79665,47.18536,23.68835,39.05980,8.21165,53.81270,64.88703,30.90554,23.95862,7.22154,20.30376,39.80204,64.82504,23.56259,33.21774,71.26800,43.02416,41.80691,65.50383
7.42378,84.19956,26.61232,81.21540,42.37299,72.33062,3.82900,33.12659,48.81166,33.31010,84.88947,1.71701,59.78048,26.31807,19.00429,23.41701,16.72096,82.21247,72.42302,19.38764,4.77736,59.16325,15.31817,85.60682,23.06460,30.11246,68.80560,19.20594,88.64322,50.94223,43.35234,4.22744,51.22358,76.58264,9.85003,14.07609,78.62883,50.06736,62.78752,14.36587,64.31293,44.08064,68.60052,29.22610,20.38107,27.77829,18.56785,45.07414,17.50603,28.41352,10.64202,25.79210,81.70675,23.03978,67.22829,16.58026,37.36205,6.59214,11.84615,35.22934,28.17268,11.99568,5.70532,11.41271,34.03917,50.74757,72.34885,48.63222,13.00060,75.65238,28.90139,35.77068,22.05915,5.62694,62.55131,0.00000,83.73936,84.30387,29.07569,34.68880,32.38658,72.26169,11.49948,15.79369,81.98695,68.61892,63.71760,9.08102,32.05191,46.23252,64.96971,69.20616,59.16448,75.10097,11.26410,82.92755,29.58759,10.14671,19.59976,87.81835,7.42378
85.02533,16.65317,99.07827,14.46453,43.99484,11.55014,83.80180,53.23101,38.69452,53.39271,14.78821,83.36800,24.89001,70.75983,78.68013,81.00262,68.50103,27.44159,28.35014,78.22407,85.60000,36.50381,83.50862,25.93387,60.68289,89.95216,25.63661,89.83105,22.81233,33.87400,40.46580,85.17021,43.75692,9.01568,73.90609,90.86215,5.25702,49.05574,30.21947,69.37374,28.50795,42.50651,29.07447,69.68103,63.51359,98.66494,89.41153,43.77517,72.83203,62.10478,93.67909,69.34318,9.81892,60.82269,18.13591,78.00552,47.21915,82.85688,91.66767,55.92551,76.72438,76.64522,79.40411,83.50932,50.09387,33.01095,25.96114,51.56337,93.23366,8.82334,77.37589,64.81790,80.64467,85.03180,26.68352,83.73936,0.00000,9.38579,87.38833,50.35282,78.87936,20.29584,83.17858,69.66834,3.40193,31.93537,32.56419,74.66305,76.88843,41.03782,21.84034,20.06379,25.68156,27.72386,88.14114,5.07352,54.53199,93.32654,64.43864,19.98908,85.02533
84.77074,26.02530,97.32170,23.66280,42.76289,13.82000,83.93884,52.28363,42.71939,56.10598,24.17391,84.12164,28.57286,68.62832,81.33904,78.93504,70.01960,18.41209,21.11057,80.92117,85.66728,31.70146,85.75738,16.60290,61.36474,87.30071,33.13542,92.28749,13.47852,33.38310,41.98715,86.16392,39.83456,8.46157,74.60768,92.67210,9.68133,44.72276,25.55926,70.05595,35.24656,41.12835,22.77939,67.20358,64.56196,96.73260,88.02526,41.58116,75.08116,65.15578,93.78680,67.37964,2.62548,61.89065,17.09761,80.37220,49.32014,84.15415,93.11862,59.56149,74.14485,78.37176,80.41950,85.33454,50.26570,34.11822,34.14242,47.26883,92.80313,15.15085,74.70041,61.67384,78.73483,84.98130,32.61025,84.30387,9.38579,0.00000,84.77173,52.57583,75.78920,28.12944,82.45639,71.20429,12.40816,25.29597,39.55285,75.25633,73.84640,39.30866,19.55920,26.96280,25.14246,19.89813,89.79612,14.40217,56.01612,94.18765,65.58797,10.66771,84.77074
21.80535,93.17764,14.90977,89.67722,43.80104,76.08578,25.25001,35.56129,61.93418,50.05642,93.22059,30.73241,67.76967,16.92757,47.04079,7.91032,38.01745,76.44447,67.27148,47.30687,24.78863,53.92171,44.27788,80.35622,35.86450,2.57209,80.57158,48.11399,84.59634,54.07506,52.11519,33.16290,45.28682,78.76721,30.78656,42.34254,82.16491,41.22671,59.55221,31.91023,76.61662,45.12521,63.97357,17.70785,36.52865,13.52082,12.01949,43.61544,43.11714,50.04223,27.40626,18.58348,82.20069,37.86041,69.27112,44.37976,49.87309,35.53949,39.23931,54.94830,10.66727,38.80355,32.80309,40.41510,41.02582,56.88570,84.51551,38.82791,22.23803,81.01881,10.07137,23.28713,9.06935,23.65546,73.52803,29.07569,87.38833,84.77173,0.00000,48.80813,9.76659,82.33426,17.62562,37.90162,86.71007,62.70449,77.64472,29.79712,11.39180,46.39888,65.78173,78.63066,61.86237,69.77959,39.98769,88.27990,43.18463,34.31066,36.77217,84.70688,21.80535
37.83120,49.51569,55.70001,46.57162,19.21902,39.42611,35.66562,17.69029,14.27027,4.37321,50.23953,33.99372,25.64237,33.26151,28.78260,40.94821,18.42527,55.49406,46.43927,28.37725,37.54029,36.19138,33.24863,58.07229,13.37023,51.16808,34.25928,39.72144,59.83453,21.63442,10.87256,35.40369,32.01454,44.29420,25.00671,40.51125,45.50033,34.86460,36.74486,20.83604,29.82831,20.28462,42.75957,34.25715,14.57226,55.96736,45.50717,23.75664,22.55463,13.28874,45.20498,31.42205,50.12315,12.15962,35.82360,27.81353,3.27653,32.78805,41.42591,10.69141,39.93072,26.33574,29.72605,33.16116,11.27176,18.69736,37.92500,35.32199,46.05109,41.84698,40.91000,34.73854,39.95224,37.29377,27.86918,34.68880,50.35282,52.57583,48.80813,0.00000,44.17030,37.57346,37.55530,19.55193,48.22122,44.07032,29.78456,25.96348,42.39590,22.26311,34.79530,34.54769,28.35862,48.87337,37.82317,48.91603,5.74135,43.60081,15.16536,58.33985,37.83120
26.01376,85.65997,24.51224,82.09241,36.04154,67.75223,28.80422,28.81264,56.24861,46.17308,85.55832,33.84128,60.51779,10.93303,48.27031,9.29331,36.96705,66.85030,57.78881,48.43290,28.96627,44.59204,46.64567,70.78104,32.29034,12.01668,73.95219,51.49031,75.09747,46.18091,45.69030,36.61292,36.05468,70.11685,31.02864,46.39944,73.70106,31.73346,50.38143,30.73038,70.23149,37.19686,54.57532,10.20260,33.94799,23.23115,19.23066,35.22960,43.20122,47.90857,33.66869,12.76511,73.24733,34.62879,60.74698,45.57228,44.66208,38.24971,43.74532,51.77828,4.75559,39.84461,34.70506,43.00861,34.95702,49.56247,77.92305,29.28592,29.08232,72.91458,3.78896,14.12314,10.51086,27.72910,66.86582,32.38658,78.87936,75.78920,9.76659,44.17030,0.00000,75.24804,21.34517,37.15853,78.40230,53.19230,71.69160,30.25175,2.01324,38.21035,57.11116,71.46023,53.62563,60.26164,43.65055,80.07075,38.88755,39.68236,34.49444,75.29424,26.01376
75.10609,12.01148,91.77665,9.53185,39.38360,17.21977,73.15228,46.77907,23.60600,39.37944,13.02018,71.54153,14.77028,65.44907,63.56340,75.01954,55.83725,42.83408,39.35515,63.05589,75.02290,40.89130,68.95764,42.75106,50.14445,84.87799,5.45120,74.77246,41.06229,29.82265,30.49660,72.83053,45.02092,21.50061,62.55860,76.88398,18.48851,50.52502,35.72128,58.28965,9.25935,38.46184,38.04690,65.19350,52.04607,91.74731,81.64369,41.28100,58.62590,46.92918,82.76705,63.75461,27.07887,49.49577,22.47944,63.41185,35.02389,70.02775,78.30521,40.03294,72.06416,63.24268,67.22374,69.70145,41.60904,25.70567,6.16305,52.66256,83.39083,13.09370,72.89452,62.13889,74.33809,74.70696,9.72914,72.26169,20.29584,28.12944,82.33426,37.57346,75.24804,0.00000,74.27451,56.91450,16.93748,41.02981,12.66195,63.49262,73.24795,38.01495,26.05601,3.87242,24.69658,40.06215,74.50606,16.07329,42.86042,80.99662,52.71424,38.39486,75.10609
4.67340,85.89857,18.37883,82.65336,39.69391,71.62884,7.70572,30.17765,51.72582,37.49784,86.31782,13.12788,60.62552,17.49529,29.61969,12.13685,22.62789,77.90976,68.17991,29.92110,7.62832,54.55384,26.65269,81.54949,24.29249,18.82546,71.52071,30.67077,85.08602,49.40127,44.00353,15.66263,46.06426,75.30862,14.66492,25.20646,77.94498,43.80384,59.05081,17.36663,67.19625,41.33706,64.47448,20.28856,23.30064,18.95521,8.49562,41.35252,26.39712,35.14388,13.42537,17.63174,79.83101,25.44535,65.71237,27.00260,39.54317,17.91468,22.42271,41.10128,17.52721,21.59816,15.34096,22.79086,33.29588,50.50463,75.29885,41.96691,10.57462,75.68537,18.11533,27.36760,10.84473,6.39712,64.79665,11.49948,83.17858,82.45639,17.62562,37.55530,21.34517,74.27451,0.00000,22.18479,81.84746,64.00769,67.33981,13.56155,21.28827,43.23628,62.89731,70.88156,57.71506,70.84575,22.62251,83.06471,31.86887,18.46568,23.07520,84.61032,4.67340
20.70165,68.90726,40.30523,66.04624,31.67177,58.51180,17.70383,23.97443,33.33504,17.64556,69.70361,14.81102,45.13857,27.40164,13.30042,30.36767,1.18585,71.57553,61.96326,13.19706,19.50824,49.64405,15.43043,74.62523,11.18660,39.73840,53.24530,22.16554,77.07339,38.44685,29.31848,15.91605,42.88655,63.13284,7.52230,21.49879,64.70485,43.37662,52.06981,6.45949,48.72752,33.30199,58.12263,29.79561,7.31744,41.05661,30.67863,35.37416,6.61745,13.06723,26.43082,25.96277,68.66948,9.68546,54.15961,11.07082,22.52204,13.24096,22.00558,19.55513,32.40317,7.24797,10.38123,14.21744,22.09407,37.10924,56.71447,42.66452,28.28891,61.28249,33.37664,34.17935,29.03111,19.62678,47.18536,15.79369,69.66834,71.20429,37.90162,19.55193,37.15853,56.91450,22.18479,0.00000,67.65653,58.71669,47.98008,8.63123,36.00046,35.57110,52.45771,54.01839,46.25890,64.58071,18.59195,68.41722,15.20822,24.09048,6.12209,75.90864,20.70165
83.53362,13.73904,98.06350,11.25625,43.05917,10.65012,82.18578,52.11361,36.11338,51.09719,12.01731,81.55705,22.60228,69.96214,76.31397,80.14465,66.49859,29.95701,29.95757,75.84824,84.00182,36.98986,81.24825,28.73302,58.97590,89.27984,22.30821,87.49933,25.88650,32.82143,38.63668,83.28016,43.80982,9.83021,72.13908,88.71419,5.25696,49.21577,30.76651,67.62889,25.30657,41.63936,30.28045,69.01306,61.67671,97.71303,88.29002,43.18547,70.59792,59.67530,92.04896,68.49145,12.38227,58.99198,17.84561,75.72386,45.14611,80.87942,89.62451,53.35682,76.06593,74.55450,77.52220,81.37217,48.61999,31.42194,22.56241,51.68796,91.77991,6.37539,76.75029,64.41897,79.73166,83.47331,23.68835,81.98695,3.40193,12.40816,86.71007,48.22122,78.40230,16.93748,81.84746,67.65653,0.00000,33.22998,29.29771,72.92790,76.40028,40.31365,21.78956,16.89216,24.84770,29.59773,86.04429,2.25942,52.60353,91.45955,62.56610,23.07515,83.53362
67.22256,45.61798,76.42497,42.19153,27.04526,24.81746,67.29343,35.60313,41.18210,48.39556,44.41495,68.88832,31.02436,47.97020,71.06375,57.97703,57.58412,13.94637,4.64812,70.77473,68.78827,9.48980,74.14114,17.73654,47.62153,65.12155,43.79227,80.87995,21.90521,22.77213,33.81920,71.39958,17.99392,23.40375,59.79753,79.59754,28.00988,21.47827,7.49604,55.52427,43.17507,25.42071,3.03655,45.95871,51.41911,75.54313,68.04560,23.63739,64.14585,57.26816,76.67974,47.11465,23.23130,49.07136,18.55042,69.38277,41.05986,70.22544,79.14029,53.96085,52.43911,65.85410,66.00985,72.65639,36.71148,27.49647,46.75100,23.90641,74.58085,30.68547,52.81146,39.48643,58.07448,67.87102,39.05980,68.61892,31.93537,25.29597,62.70449,44.07032,53.19230,41.02981,64.00769,58.71669,33.22998,0.00000,47.25382,60.14385,51.37897,23.15066,15.21664,37.77488,19.43208,7.07518,76.46735,35.45041,45.00400,78.76380,52.60314,22.23322,67.22256
67.49281,23.40712,85.44191,21.77880,37.62633,26.83371,65.11894,42.92559,15.76739,30.42113,24.89598,62.79095,16.36372,61.19230,52.90074,69.95524,47.00533,52.02385,46.68850,52.37078,66.98913,44.59737,58.54683,52.64067,43.10468,80.10688,7.25039,63.97502,51.73327,30.10944,26.08970,63.72347,46.43448,31.95773,54.38075,66.69319,29.92324,51.56346,40.69674,50.45226,4.40206,37.22171,44.51473,61.48929,44.22896,85.65346,75.24149,40.72061,48.65605,36.66798,74.35435,59.39247,38.09002,41.92179,29.63393,53.07855,28.00796,60.67138,68.46303,29.53551,67.96030,53.67896,58.35313,59.73544,36.78196,24.64612,9.34000,53.30434,75.63447,24.48040,68.87553,59.76710,69.08677,66.84299,8.21165,63.71760,32.56419,39.55285,77.64472,29.78456,71.69160,12.66195,67.33981,47.98008,29.29771,47.25382,0.00000,55.40183,69.75810,37.53300,32.16991,12.62748,28.32898,47.97506,64.56015,28.64207,35.48539,71.73939,44.67973,49.23401,67.49281
12.29075,75.38377,31.70021,72.34470,33.57370,63.24987,9.72400,24.54142,40.19895,25.03403,76.02212,8.90453,50.78397,21.70641,18.03207,22.58332,9.15003,73.58997,63.81920,18.18332,11.59787,50.74838,17.20193,76.91011,13.98403,31.48468,60.20800,23.15860,79.82566,41.91573,34.30131,11.26105,43.09331,67.50908,1.11383,20.02239,69.54899,42.46885,54.09272,5.30053,55.75200,35.27925,59.98076,24.44443,11.45450,32.42885,22.05176,36.51501,13.32746,21.65550,19.29696,20.64128,72.66328,14.06347,58.17270,15.33949,28.49448,10.43366,19.06322,27.88568,25.57157,9.61958,6.06779,14.16704,25.00500,41.66751,63.82992,41.28100,20.25137,66.60017,26.48298,30.06977,21.20027,11.45829,53.81270,9.08102,74.66305,75.25633,29.79712,25.96348,30.25175,63.49262,13.56155,8.63123,72.92790,60.14385,55.40183,0.00000,29.37516,37.46880,55.96598,60.35951,50.11408,66.48986,16.83642,73.88826,20.67252,18.97902,10.79945,78.93552,12.29075
25.95790,83.64824,25.91000,80.08000,34.03011,65.75037,28.56582,26.85854,54.34695,44.48834,83.54527,33.44915,58.51428,9.26300,47.40644,9.56066,35.75693,65.07932,55.96397,47.54890,28.85751,42.71280,46.00985,69.00000,30.70388,13.75009,71.97380,51.03700,73.28142,44.16767,43.73786,36.26557,34.14671,68.13550,30.10308,46.11482,71.70671,29.90549,48.46599,29.54878,68.26815,35.18367,52.71955,8.28070,32.50416,24.71408,19.98049,33.22395,42.15259,46.46897,33.97562,11.06854,71.29995,33.07992,58.75468,44.71465,42.82173,37.73634,43.57357,50.17590,3.89423,38.99252,34.06073,42.43848,33.04921,47.55892,75.94520,27.47955,29.57707,70.90524,3.17539,12.17256,10.61514,27.61634,64.88703,32.05191,76.88843,73.84640,11.39180,42.39590,2.01324,73.24795,21.28827,36.00046,76.40028,51.37897,69.75810,29.37516,0.00000,36.19946,55.12926,69.45773,51.61832,58.45196,43.29717,78.06498,37.17026,39.73195,33.09567,73.44652,25.95790
45.80640,47.69961,58.18428,44.08497,3.92659,29.68717,45.34275,13.22847,25.00211,26.62041,47.47516,46.33369,23.35262,29.72319,47.97542,39.98165,34.43549,36.19079,26.47491,47.70105,46.97630,14.31313,50.99208,39.44776,24.51302,48.96791,37.78149,57.73150,42.41474,8.20811,14.13475,48.71163,10.17426,32.59210,37.02514,56.58226,35.79743,14.40965,16.65026,32.63335,34.86432,2.27005,22.62615,28.69941,28.28278,57.69819,48.74199,3.27843,41.03246,34.94615,55.05053,28.32898,36.68544,25.92070,22.99503,46.24793,19.73140,47.31554,56.29338,32.83169,35.75229,42.72730,43.18250,49.56502,13.58257,12.94855,41.67977,15.86862,53.67849,34.71241,36.44109,24.46554,39.66365,46.18540,30.90554,46.23252,41.03782,39.30866,46.39888,22.26311,38.21035,38.01495,43.23628,35.57110,40.31365,23.15066,37.53300,37.46880,36.19946,0.00000,19.80134,34.14657,15.46819,29.12353,53.47847,41.91304,22.14866,56.34954,29.46257,41.66294,45.80640
65.23782,32.14866,77.94963,28.54042,23.20436,11.46909,64.47787,32.72485,28.17341,38.75436,31.30484,64.86110,16.20141,49.35804,63.41201,59.65629,51.27321,21.68600,14.63152,63.03647,66.18761,15.61426,67.41599,23.65441,42.20096,68.33501,28.58699,74.06735,25.04522,14.08301,23.92416,67.00196,22.02192,13.00637,55.36543,73.94962,16.77507,27.43287,9.81252,50.82963,28.01968,21.57513,12.37510,48.10307,45.56864,77.42261,68.54328,22.24455,56.85247,47.93559,74.30429,48.03775,16.93393,42.93787,4.08450,62.18517,31.53080,65.15983,74.16728,43.28017,55.11668,59.69213,61.29459,66.67011,30.97201,16.17531,31.62519,29.89916,73.24985,17.38111,55.73160,43.01989,59.39344,65.47931,23.95862,64.96971,21.84034,19.55920,65.78173,34.79530,57.11116,26.05601,62.89731,52.45771,21.78956,15.21664,32.16991,55.96598,55.12926,19.80134,0.00000,22.65855,6.45528,16.25325,70.98720,23.72615,37.44925,74.93881,46.64527,23.57971,65.23782
71.83706,15.04697,88.25863,12.02833,35.55225,14.81924,69.97600,43.06937,20.90804,36.62623,15.69214,68.53986,10.94763,61.72901,61.21530,71.36412,52.91921,40.47002,36.35913,60.71936,71.84184,37.22775,66.48737,40.69123,46.85719,81.17945,6.45765,72.44351,39.40911,25.95200,26.96638,69.92016,41.18719,19.62373,59.44877,74.30640,17.30876,46.68279,32.20350,55.12183,8.45059,34.61158,34.82855,61.42822,48.90507,88.19527,78.15050,37.41136,56.03720,44.51917,79.65399,60.04736,25.59742,46.31820,19.27312,60.93288,31.86575,67.19746,75.60258,37.78079,68.32085,60.50013,64.26726,67.06618,38.03085,21.90036,8.97622,48.80830,80.13268,11.85551,69.14323,58.29979,70.70478,71.49028,7.22154,69.20616,20.06379,26.96280,78.63066,34.54769,71.46023,3.87242,70.88156,54.01839,16.89216,37.77488,12.62748,60.35951,69.45773,34.14657,22.65855,0.00000,20.92882,37.23712,71.84882,16.53421,39.69032,78.10701,49.61770,36.83684,71.83706
59.80929,32.94428,73.39753,29.28566,18.31367,14.23747,58.85754,27.61797,22.18689,32.30033,32.49625,58.98011,11.97080,45.13336,57.02134,55.34693,45.07311,27.89293,20.00483,56.63981,60.60454,16.50373,61.10485,30.04227,36.23107,64.43218,26.03763,67.73388,31.49643,8.32560,17.49346,61.03902,20.49373,17.60028,49.46669,67.75738,20.42550,26.04133,12.43408,44.91579,24.52862,16.83302,17.02946,44.16669,39.48301,72.98598,63.76105,18.40015,50.50765,41.48181,68.72231,43.68737,22.55341,36.82638,8.07256,55.83674,25.09015,59.08777,68.07621,36.86224,51.21969,53.47441,55.30299,60.45222,25.13058,9.72008,29.54075,28.30354,67.92649,19.30871,51.90892,39.73616,54.97090,59.95036,20.30376,59.16448,25.68156,25.14246,61.86237,28.35862,53.62563,24.69658,57.71506,46.25890,24.84770,19.43208,28.32898,50.11408,51.61832,15.46819,6.45528,20.92882,0.00000,21.98693,64.82790,26.45280,31.16433,69.04794,40.53203,29.98588,59.80929
73.96152,42.80979,83.47973,39.62203,33.05001,22.96700,73.91120,41.98550,44.16889,53.10373,41.36558,75.30150,32.38433,54.97866,76.59690,65.02048,63.42766,7.11324,2.68060,76.28005,75.44407,16.31198,79.95425,10.72710,53.61094,72.19561,43.57035,86.69193,14.84082,27.24295,38.23586,77.74968,24.95738,20.11231,66.09059,85.70276,24.62958,28.55316,12.51124,61.73784,43.68942,31.37082,6.50942,53.00176,57.33638,82.60790,75.03873,30.02704,69.75480,62.15970,83.39029,54.08873,18.24503,54.89729,18.34315,75.04413,45.73230,76.43101,85.39628,58.27881,59.50778,71.78100,72.27360,78.65609,42.48737,31.17154,46.07828,30.97625,81.42000,28.33392,59.88421,46.55870,65.10088,74.55489,39.80204,75.10097,27.72386,19.89813,69.77959,48.87337,60.26164,40.06215,70.84575,64.58071,29.59773,7.07518,47.97506,66.48986,58.45196,29.12353,16.25325,37.23712,21.98693,0.00000,82.60179,31.85715,50.39155,85.24603,58.50272,15.31162,73.96152
18.19430,86.51257,35.20988,83.83127,49.55190,77.05789,14.93457,40.97159,50.95447,35.23411,87.45091,9.86043,63.46027,37.18361,12.90283,34.65510,19.77652,89.65986,79.95244,13.44547,15.19944,67.17299,7.09551,92.83312,29.03990,40.80441,70.43913,8.15035,95.45408,56.93760,47.89013,7.03784,59.76166,81.71659,16.92345,3.18689,83.22219,59.29672,70.11357,20.96850,65.89957,51.23244,76.10369,40.06950,25.45993,36.69405,28.79175,52.85715,15.92612,27.89316,15.85599,36.47455,87.26003,28.05800,72.74698,11.76372,40.92314,6.40283,3.96878,35.03721,39.41193,11.49592,10.76897,4.82597,40.30465,55.69862,73.65837,58.11586,20.65903,79.66983,40.15359,46.31502,33.30625,16.34939,64.82504,11.26410,88.14114,89.79612,39.98769,37.82317,43.65055,74.50606,22.62251,18.59195,86.04429,76.46735,64.56015,16.83642,43.29717,53.47847,70.98720,71.84882,64.82790,82.60179,0.00000,86.72104,33.79298,9.15181,24.35509,94.36579,18.19430
84.64915,11.63105,99.45414,9.41040,44.54742,12.40363,83.22040,53.48715,36.42878,51.64606,9.83962,82.45606,23.27973,71.48413,76.76628,81.62845,67.26792,32.15575,32.20895,76.29208,85.04710,39.04465,81.79105,30.85006,59.97205,90.85124,21.51421,87.97439,27.86276,34.27822,39.59028,84.11975,45.72117,12.04681,73.07767,89.34722,7.44501,51.15694,32.84754,68.58780,24.81456,43.16574,32.49143,70.59951,62.57680,99.13786,89.62626,44.84116,71.17298,60.08707,93.06757,69.98729,14.54521,59.90026,19.72684,76.25261,45.89560,81.65447,90.34194,53.64124,77.65168,75.24540,78.37239,82.01938,49.78806,32.56871,21.40006,53.61464,92.91451,7.38161,78.35124,66.13177,81.18707,84.54535,23.56259,82.92755,5.07352,14.40217,88.27990,48.91603,80.07075,16.07329,83.06471,68.41722,2.25942,35.45041,28.64207,73.88826,78.06498,41.91304,23.72615,16.53421,26.45280,31.85715,86.72104,0.00000,53.44971,92.31081,63.43884,25.04201,84.64915
32.30175,54.72148,49.97155,51.67219,18.53662,43.31935,30.29547,14.22157,19.86668,7.40950,55.34960,29.03173,30.22649,27.95461,26.22168,35.30390,14.02752,57.24667,47.84480,25.89445,32.16467,36.45540,29.96962,60.09946,7.63217,45.52017,39.76761,36.63941,62.27815,23.59258,14.11553,30.67785,31.04901,47.92521,19.77840,36.65622,49.53265,33.04960,37.96789,15.43454,35.38483,19.94373,44.05418,29.16013,9.22198,50.22873,39.77579,22.86714,19.47102,13.20388,39.96940,26.12356,53.49115,6.63537,38.99908,24.80077,7.83661,28.33060,37.19833,13.69318,34.53825,22.35605,24.92429,29.32338,8.98906,21.90675,43.49042,33.10734,40.56258,46.23947,35.52872,30.34877,34.28258,31.85099,33.21774,29.58759,54.53199,56.01612,43.18463,5.74135,38.88755,42.86042,31.86887,15.20822,52.60353,45.00400,35.48539,20.67252,37.17026,22.14866,37.44925,39.69032,31.16433,50.39155,33.79298,53.44971,0.00000,38.86330,10.00450,60.99308,32.30175
13.83079,92.99390,27.15879,90.13519,52.47811,81.99637,12.03965,43.26752,57.40271,41.65715,93.79361,10.07782,69.06470,35.33194,21.79111,30.39351,25.18894,92.35715,82.56834,22.31505,11.12407,69.30527,16.18110,95.74383,32.82806,34.65870,77.24494,16.18464,98.75004,60.87882,52.86263,8.20034,61.32968,86.36853,19.58268,9.68081,88.26631,60.03676,72.92265,24.13216,72.71405,54.18571,78.74469,38.22444,29.81394,28.80401,22.42171,55.21961,23.43514,35.36207,7.53496,35.06641,91.60134,32.50543,77.09404,20.24174,46.47501,11.06890,6.05005,42.47906,35.99195,18.10478,13.93902,13.13947,43.96963,60.42043,80.63958,58.52183,12.87619,85.09942,36.56434,45.06565,29.18472,12.33321,71.26800,10.14671,93.32654,94.18765,34.31066,43.60081,39.68236,80.99662,18.46568,24.09048,91.45955,78.76380,71.73939,18.97902,39.73195,56.34954,74.93881,78.10701,69.04794,85.24603,9.15181,92.31081,38.86330,0.00000,28.89604,97.89491,13.83079
22.81991,64.62608,41.44516,61.62066,25.55800,53.14623,20.51208,17.95420,29.40213,14.46291,65.29581,19.02778,40.22947,24.02520,19.13508,28.92811,5.02357,65.51279,55.87866,18.96582,22.38708,43.52196,21.55175,68.59756,5.09313,38.86915,49.40974,28.28500,71.12305,32.58527,23.97297,20.73163,36.81639,57.62392,9.84505,27.36162,59.39721,37.47374,45.99169,5.79180,44.95799,27.19453,52.03538,26.07045,1.20208,41.92738,31.38579,29.25579,12.18978,13.44442,30.05292,22.38472,63.03022,3.70785,48.50292,17.07434,17.76295,18.56618,27.54425,18.30910,29.79657,13.27830,14.96563,20.18330,16.03366,31.60721,53.04075,36.87264,30.96324,56.20901,30.80065,29.56092,27.70570,22.17973,43.02416,19.59976,64.43864,65.58797,36.77217,15.16536,34.49444,52.71424,23.07520,6.12209,62.56610,52.60314,44.67973,10.79945,33.09567,29.46257,46.64527,49.61770,40.53203,58.50272,24.35509,63.43884,10.00450,28.89604,0.00000,70.01265,22.81991
87.40411,36.64077,98.11224,34.33043,45.46785,22.52271,87.00562,54.88650,50.29827,62.22621,34.75022,87.83627,36.50449,69.42850,86.99149,79.61275,74.72727,10.39351,17.58710,86.61505,88.63590,30.80913,90.96196,7.11521,65.41239,87.15832,43.18109,97.62756,2.82500,37.46387,47.47905,90.10122,39.50155,17.27681,78.40992,97.36749,19.95014,43.56771,25.60734,73.91892,44.85399,43.76267,20.73332,67.62618,68.90701,97.32526,89.35449,43.27023,80.42183,71.40298,96.69955,68.40406,11.31606,66.31443,22.83699,85.75541,55.06820,88.42800,97.44603,66.42620,74.30059,83.15433,84.45547,90.12560,54.12154,39.65783,44.49365,46.04457,95.14195,25.30194,74.73032,61.42453,79.60015,87.83257,41.80691,87.81835,19.98908,10.66771,84.70688,58.33985,75.29424,38.39486,84.61032,75.90864,23.07515,22.23322,49.23401,78.93552,73.44652,41.66294,23.57971,36.83684,29.98588,15.31162,94.36579,25.04201,60.99308,97.89491,70.01265,0.00000,87.40411
0,0,0,0,0,0,0,0,0,0,0,0,0,0,0,0,0,0,0,0,0,0,0,0,0,0,0,0,0,0,0,0,0,0,0,0,0,0,0,0,0,0,0,0,0,0,0,0,0,0,0,0,0,0,0,0,0,0,0,0,0,0,0,0,0,0,0,0,0,0,0,0,0,0,0,0,0,0,0,0,0,0,0,0,0,0,0,0,0,0,0,0,0,0,0,0,0,0,0,0,0