0.00000,28.35866,10.53166,8.98217,13.02501,15.66848,17.45881,1.38400,12.46285,13.67954,14.71415,8.11611,5.81046,6.96224,3.23894,18.97240,18.39621,2.19323,20.85458,12.90623,6.42097,13.77978,26.25191,18.98125,20.62207,12.80454,16.39158,20.08297,22.84360,11.14363,21.95693,9.76400,12.99797,16.43660,23.92774,12.54214,20.43423,19.95214,21.16593,19.19161,15.02441,18.35128,19.77929,21.65917,19.66927,18.81780,13.65807,9.43319,6.49631,18.72158,6.02326,17.35563,14.77553,20.61922,21.65243,18.65734,14.34462,24.23865,20.35659,0.54150,14.14492,2.34249,3.97687,9.25437,7.88106,20.94939,4.56393,5.34432,2.57298,21.01409,3.26806,19.60564,18.90210,13.14943,7.03420,21.85977,20.53024,11.95416,14.64388,9.36721,10.07027,7.19276,6.10725,23.23961,7.36554,4.31354,4.31249,23.13006,28.73947,5.48470,7.78523,16.72373,21.61503,17.34670,19.87632,22.15964,4.15736,19.16110,13.58990,20.50118,0.00000
28.35866,0.00000,20.18277,23.83435,18.98295,15.08313,18.81254,27.47633,25.19995,18.97438,16.03686,26.83419,23.20372,27.20584,26.19356,9.46073,23.10549,30.19768,18.26457,22.88337,24.93050,20.61446,2.18495,21.82101,21.76084,24.18123,19.07909,15.29874,9.29358,23.81801,6.83896,24.27418,19.98567,18.13478,7.92975,16.05746,16.01165,22.26982,13.53983,18.13193,20.43029,20.24091,21.05669,8.54644,8.87416,18.99542,15.01831,25.13798,24.13349,19.07848,25.36806,11.79312,14.99901,20.68825,16.12893,18.41011,14.01800,7.68877,12.44811,27.96278,17.89620,28.96306,25.64363,19.13423,23.71689,8.81688,24.69046,28.08827,25.95515,24.30981,30.20313,23.84942,19.70043,23.24612,24.52856,9.21920,13.45467,22.86829,16.15835,23.30308,21.63631,25.28839,26.12912,5.92658,26.23049,25.57200,28.64886,6.27827,2.70438,24.85262,21.56674,19.83897,13.33200,12.18594,12.73053,13.23258,25.45238,10.37270,16.07784,10.36145,28.35866
10.53166,20.18277,0.00000,3.68105,12.93684,5.55813,17.39586,10.40739,6.40129,3.24509,12.33909,6.65690,4.82080,7.05947,7.42634,10.99313,9.56132,11.59860,10.54152,4.79312,5.02823,15.02918,18.33861,20.39068,21.72749,5.76151,6.17770,9.55215,17.74938,14.91805,13.35051,4.31021,2.86264,15.97463,18.30660,8.15206,9.91348,10.63456,18.12013,18.63723,16.09731,19.01757,20.67639,15.88225,12.77716,8.63304,5.68313,14.44736,4.41650,8.55423,11.81559,11.98800,5.20801,10.79325,19.89412,8.35710,7.90516,14.54847,10.08351,10.39937,13.30552,10.01287,6.69652,6.16351,11.88385,11.68515,5.97213,13.57577,9.16390,12.28853,13.53424,10.91160,8.87917,5.26388,4.51003,12.15384,10.10001,4.05716,4.42757,12.91742,12.08386,5.16610,12.58153,14.41345,6.06370,6.44864,9.00167,14.17144,19.86622,10.78254,9.05759,6.74093,11.15872,8.05325,9.59970,18.96842,6.49447,9.93652,4.10592,15.54349,10.53166
8.98217,23.83435,3.68105,0.00000,15.21696,8.97707,19.89067,9.34217,4.04025,5.62049,15.17708,3.00963,4.62219,3.61985,5.77071,14.67394,9.43437,9.40254,12.18525,3.92696,2.56210,17.06791,22.01064,22.59857,24.05043,4.01597,7.78064,12.06497,21.25440,16.19870,16.99644,1.05933,4.66815,18.51567,21.87969,11.19089,12.20740,10.97004,21.29975,21.29238,18.23986,21.38019,23.02687,19.44837,16.41793,10.08805,9.30530,15.29722,2.66988,9.98207,12.14082,15.42868,8.83653,11.69273,22.85234,10.03325,11.38171,17.94218,13.19727,9.03792,15.81159,7.73041,5.06780,8.47072,12.81651,15.24813,4.84541,13.22887,8.52289,12.09450,12.23348,10.67624,10.07371,4.19653,1.95057,15.57797,12.99332,2.97239,7.83903,14.10919,13.67441,2.00246,12.76953,18.02548,2.59952,4.70270,6.18112,17.76515,23.43291,11.11125,10.44529,7.93964,13.96692,11.66783,12.72386,22.19150,4.91885,13.53264,7.77344,18.99795,8.98217
13.02501,18.98295,12.93684,15.21696,0.00000,13.70413,4.74798,11.69687,19.02274,15.21067,2.95454,17.01902,11.14862,16.49369,12.83164,11.56486,22.19606,15.21820,21.30383,17.71866,14.10511,2.32400,16.82021,7.45647,8.84457,18.57818,17.93969,18.78734,11.05714,4.83524,14.47879,16.24729,15.43363,3.49921,12.41264,5.64601,19.57140,22.90214,8.37395,6.33933,3.18920,6.16334,7.81271,10.67837,10.51135,20.02604,9.75535,6.28656,13.30111,19.99648,7.70641,7.36952,12.22998,22.51784,8.62910,19.51101,7.85464,18.31063,17.12390,12.49015,1.25052,14.81294,12.78859,6.83067,5.65577,14.94453,12.04279,10.23519,10.54536,24.82443,13.30788,23.53348,20.53996,18.18360,14.21679,16.53729,18.00703,16.91434,13.49977,4.66895,3.20036,15.07642,8.22318,15.79660,16.01495,13.00468,15.81270,15.94685,20.38777,7.74481,5.45803,18.77386,19.01069,12.82510,16.79539,9.35961,12.70802,13.70902,11.77822,9.01745,13.02501
15.66848,15.08313,5.55813,8.97707,13.70413,0.00000,17.28003,15.28827,10.16315,3.91850,11.92961,11.97708,9.86568,12.53384,12.75734,6.67665,9.75053,16.97763,7.61447,7.87363,10.58558,16.02305,13.42872,20.67485,21.71287,9.17300,5.07016,5.21550,14.58027,17.14184,8.29556,9.27612,4.90995,15.87176,14.75308,8.05901,5.92577,9.85667,16.17591,18.07379,16.80173,19.07136,20.65901,12.48471,9.03258,6.57514,3.94937,17.28594,9.94318,6.57349,15.47963,9.59292,1.47477,9.07951,18.49655,5.99130,6.18388,8.99893,4.69173,15.44697,13.55742,15.45053,12.06120,8.40695,14.86702,6.32872,11.23028,17.73528,13.87261,11.98195,18.41218,10.93132,7.19638,8.27101,10.06491,6.61407,5.01362,7.79007,1.14132,15.45548,14.15085,10.68154,16.31479,9.17887,11.51827,11.86014,14.55239,8.87811,14.48633,14.54781,11.87978,5.99366,6.12424,3.03256,4.21444,16.83531,11.85614,4.71553,2.27911,12.74101,15.66848
17.45881,18.81254,17.39586,19.89067,4.74798,17.28003,0.00000,16.09330,23.61963,19.36941,5.35687,21.76181,15.89466,21.24142,17.52627,13.49521,26.36108,19.64100,24.85282,22.18746,18.84948,3.76493,16.80851,3.50387,4.44196,23.11679,21.91448,22.06002,9.72855,7.27159,15.89812,20.90780,19.71735,1.43548,11.18761,9.49957,22.90269,26.89591,5.77565,1.76992,2.65321,1.81369,3.38289,10.30898,11.64525,23.81190,13.42134,9.22971,18.04003,23.79776,11.72420,8.81481,15.84791,26.32418,4.64313,23.25146,11.10530,20.03059,19.96756,16.91777,4.09916,19.38063,17.51269,11.43572,9.68031,16.99774,16.78278,13.90490,15.07293,28.90645,17.27320,27.67484,24.38634,22.65939,18.95073,18.68758,20.99257,21.42991,17.29736,8.31771,7.38887,19.81536,12.03992,17.06570,20.75936,17.73751,20.49028,17.32991,20.72914,12.01154,10.15073,22.79222,21.88982,15.75319,19.71874,6.55557,17.43778,16.15912,15.64119,8.49678,17.45881
1.38400,27.47633,10.40739,9.34217,11.69687,15.28827,16.09330,0.00000,13.04414,13.62519,13.47815,8.89478,5.58816,7.79830,3.62880,18.15777,18.77020,3.54781,20.88475,13.25535,6.82987,12.40433,25.34839,17.59745,19.23812,13.28506,16.44080,19.90348,21.68783,9.76786,21.19004,10.21516,13.02830,15.08786,22.80500,11.53136,20.30969,20.25444,19.89168,17.83084,13.64684,16.97083,18.39574,20.57097,18.71508,18.89167,12.98350,8.08147,6.72521,18.80097,4.64748,16.29257,14.29591,20.81071,20.31791,18.68629,13.46484,23.65424,19.97695,0.84848,12.83418,3.62310,4.28407,8.34335,6.49822,20.30492,4.60443,4.24079,1.52561,21.43642,3.13941,20.01841,19.02808,13.53869,7.40399,21.29832,20.22859,12.28387,14.31264,7.98325,8.70734,7.71748,4.77179,22.49448,8.05338,4.65807,5.43122,22.40820,27.96218,4.10405,6.54698,16.84351,21.32651,16.75977,19.50184,20.88613,4.42429,18.53222,13.13278,19.35800,1.38400
12.46285,25.19995,6.40129,4.04025,19.02274,10.16315,23.61963,13.04414,0.00000,6.24490,18.68973,4.58445,8.66132,5.77180,9.41547,16.64366,6.33129,12.39293,10.50929,2.32457,6.26436,20.96442,23.59031,26.45590,27.86647,1.05780,6.79330,11.46067,23.96044,20.22815,18.45329,2.99534,5.27043,22.21738,24.40253,14.53828,11.30233,8.10698,24.51590,24.93784,22.10795,25.17386,26.82939,22.00878,18.73463,8.46197,11.84937,19.33599,6.62657,8.34245,16.15078,18.29649,10.59647,9.28740,26.28516,8.66263,14.22013,18.49605,13.40838,12.61674,19.52114,10.77428,8.79013,12.19950,16.85639,16.38809,8.75538,17.09222,12.39847,8.71742,15.72345,7.36255,8.16788,2.02159,5.76266,16.29835,12.85480,2.47705,9.16483,18.14092,17.65859,5.32738,16.75650,19.27462,5.12621,8.41122,8.83252,18.94060,24.37724,15.12796,14.44154,6.46200,13.62442,13.17116,12.98840,25.35576,8.67752,14.86704,9.82464,21.82089,12.46285
13.67954,18.97438,3.24509,5.62049,15.21067,3.91850,19.36941,13.62519,6.24490,0.00000,14.08548,8.49061,8.04954,9.23579,10.50523,10.48168,6.99977,14.58460,7.29658,3.96021,7.74187,17.43030,17.34566,22.56864,23.78968,5.25751,2.98502,6.52102,18.11062,17.74913,12.20965,5.66131,1.03680,17.93395,18.41923,9.87263,6.77855,7.74990,19.20459,20.42279,18.39956,21.08422,22.72839,16.07663,12.69851,5.41525,6.28598,17.44930,7.32398,5.34247,14.97911,12.71251,4.50100,7.67530,21.28616,5.11528,8.79585,12.52482,7.62266,13.57906,15.37133,12.95051,9.76252,8.77024,14.89683,10.17779,9.11926,16.81048,12.40495,9.61525,16.74055,8.32826,5.71630,4.37008,7.13882,10.22791,7.37306,3.90243,2.95842,15.81964,14.82498,7.54624,15.76161,13.05483,8.21823,9.47697,11.67642,12.73382,18.25618,13.95619,11.97807,3.66811,8.35150,6.93522,7.15842,19.95829,9.56685,8.62460,4.01133,16.10502,13.67954
14.71415,16.03686,12.33909,15.17708,2.95454,11.92961,5.35687,13.47815,18.68973,14.08548,0.00000,17.38710,11.69743,17.05384,13.90764,8.82110,21.05725,16.87600,19.51733,17.09385,14.54626,4.90202,13.87054,8.75597,9.79766,18.10008,16.57254,16.77999,8.42412,7.78647,11.63205,16.14301,14.49313,3.94220,9.70318,4.23500,17.60919,21.55095,6.53000,6.34480,5.23309,7.14186,8.73962,7.81427,7.58524,18.45507,8.06540,9.14739,13.68289,18.44090,10.04134,4.44158,10.49257,20.96734,7.68551,17.89553,5.77028,15.56141,14.83331,14.20274,2.01842,16.21673,13.71090,6.80215,8.10675,12.27740,12.85027,12.70619,12.14819,23.57555,15.50340,22.36109,19.03019,17.56994,14.52960,13.91755,15.80489,16.39624,11.94296,7.39616,5.77339,15.42450,10.67492,12.92940,16.42361,13.85670,16.89241,13.10248,17.43721,9.84841,6.93346,17.45656,16.74933,10.55649,14.54975,7.51187,13.59218,11.19139,10.29690,6.23980,14.71415
8.11611,26.83419,6.65690,3.00963,17.01902,11.97708,21.76181,8.89478,4.58445,8.49061,17.38710,0.00000,5.87605,1.19823,5.37343,17.62748,10.87372,7.83293,14.50636,5.82440,2.91641,18.64402,24.99502,24.20592,25.73179,5.21408,10.28068,14.77788,23.95814,17.22578,19.99796,2.85650,7.48677,20.44381,24.65420,13.62914,14.82837,12.60416,23.70732,23.27141,19.86856,23.12649,24.74227,22.22168,19.28768,12.39689,12.18280,16.02544,3.72903,12.28279,12.62170,18.10188,11.84024,13.63177,25.06221,12.44820,14.12094,20.92135,16.11048,8.34791,17.76466,6.24550,4.91868,10.58495,13.72416,18.25728,5.27037,13.09575,8.55449,13.30185,11.32741,11.94350,12.25348,5.87132,2.85766,18.56706,15.83567,5.10837,10.84133,15.14845,15.02754,1.96376,13.10179,21.03403,1.01433,4.56443,4.25436,20.77471,26.44152,11.66833,11.83116,10.25480,16.76924,14.67511,15.64297,24.63062,4.87895,16.54186,10.76188,21.66191,8.11611
5.81046,23.20372,4.82080,4.62219,11.14862,9.86568,15.89466,5.58816,8.66132,8.04954,11.69743,5.87605,0.00000,5.38067,3.01623,13.74301,13.65411,7.19442,15.33091,8.21945,2.95966,12.78229,21.17493,18.34497,19.86100,8.58091,10.91102,14.32735,18.89109,11.61847,16.57603,5.66844,7.50457,14.59030,19.76413,8.30135,14.72254,14.99301,18.14805,17.42581,14.00001,17.25059,18.86808,17.36851,14.85712,13.37032,8.21524,10.67504,2.20126,13.28409,7.56287,13.07699,9.03129,15.39233,19.31949,13.13630,9.44293,18.55356,14.54989,5.62355,11.92669,5.79737,2.44119,4.98189,8.20264,15.35565,1.48743,8.93170,4.36924,16.38128,8.72015,14.96207,13.55010,8.58485,3.14455,16.15844,14.72286,7.24525,8.83369,9.52550,9.22212,3.95646,8.23274,17.80283,4.86816,2.40757,5.57574,17.64969,23.33297,6.52374,5.99621,11.37202,15.81057,11.69914,14.06893,19.10135,2.25361,13.55709,7.83494,16.53895,5.81046
6.96224,27.20584,7.05947,3.61985,16.49369,12.53384,21.24142,7.79830,5.77180,9.23579,17.05384,1.19823,5.38067,0.00000,4.36985,17.89720,12.03710,6.63503,15.52283,6.88274,2.53923,18.01627,25.31657,23.56682,25.11745,6.36093,11.22556,15.63705,23.92087,16.41527,20.38708,3.76280,8.26677,19.95486,24.67935,13.45656,15.73471,13.75091,23.45820,22.79443,19.25505,22.54714,24.14474,22.25216,19.43041,13.41151,12.37353,15.13438,3.42320,13.29938,11.69019,18.06081,12.26567,14.73503,24.69507,13.43023,14.15933,21.52358,16.81560,7.21679,17.30172,5.04943,4.01198,10.27749,12.90269,18.74189,4.52292,12.02291,7.56447,14.48792,10.15302,13.12369,13.30186,6.96842,2.74613,19.14707,16.60850,6.10116,11.39256,14.35575,14.34163,1.92082,12.12882,21.46942,1.02209,3.68914,3.06093,21.23063,26.92501,10.76717,11.19279,11.25951,17.57322,15.11143,16.34140,24.39845,4.00924,16.99596,11.14084,21.59877,6.96224
3.23894,26.19356,7.42634,5.77071,12.83164,12.75734,17.52627,3.62880,9.41547,10.50523,13.90764,5.37343,3.01623,4.36985,0.00000,16.73431,15.20282,4.22172,17.63346,9.69749,3.22366,14.09089,24.14975,19.57684,21.16863,9.66883,13.16959,16.96309,21.53884,12.16991,19.58844,6.60347,9.78819,16.33085,22.48770,10.95608,17.27885,16.73304,20.43512,19.16849,15.34804,18.68680,20.23542,20.12386,17.75861,15.58801,11.22573,10.80112,3.25912,15.49081,7.33407,15.80289,12.00229,17.38109,21.32994,15.43847,12.34146,21.53846,17.41291,3.26723,13.78658,2.78164,0.74501,7.55539,8.66303,18.36524,1.54617,7.74665,3.19490,17.84668,6.46673,16.43223,15.66497,9.95853,3.82038,19.13901,17.50733,8.73720,11.68731,10.14953,10.33770,4.08869,7.75899,20.81851,4.47303,1.07579,2.99599,20.66590,26.34839,6.43880,7.37884,13.48794,18.57631,14.70247,16.92947,21.41178,0.93840,16.56644,10.80260,19.17734,3.23894
18.97240,9.46073,10.99313,14.67394,11.56486,6.67665,13.49521,18.15777,16.64366,10.48168,8.82110,17.62748,13.74301,17.89720,16.73431,0.00000,16.20741,20.76318,12.80021,14.42130,15.54876,13.70635,7.45618,16.98830,17.62462,15.70503,11.59532,9.62527,8.14670,16.14273,3.12491,15.24091,11.39075,12.29347,8.13913,7.11766,10.51568,15.99660,10.60417,13.71147,14.02319,15.27795,16.64723,6.00315,2.55578,12.52954,5.57745,17.03857,14.73059,12.56680,16.55816,4.68079,6.04942,14.85207,13.25663,11.89422,4.76013,6.74922,6.95209,18.59738,10.83183,19.50623,16.18310,9.84105,15.17424,3.50511,15.22972,19.22182,16.63216,18.16589,21.00129,17.28238,13.23407,14.84601,15.18112,5.19238,8.11665,14.19111,7.52347,15.10796,13.47576,15.97679,17.36887,4.48216,16.95008,16.11420,19.20474,4.52039,9.81791,15.90319,12.64577,12.49745,8.80367,3.72085,6.85014,11.04730,15.99214,2.95854,6.94359,6.69694,18.97240
18.39621,23.10549,9.56132,9.43437,22.19606,9.75053,26.36108,18.77020,6.33129,6.99977,21.05725,10.87372,13.65411,12.03710,15.20282,16.20741,0.00000,18.58294,5.44962,5.51512,11.98281,24.39427,21.92757,29.56801,30.78600,5.68474,4.68078,7.85611,24.27920,24.47887,16.97598,8.64046,6.80631,24.92591,24.34607,16.86156,7.26237,1.83843,25.87966,27.38012,25.38514,28.08210,29.72451,22.15894,18.68391,4.12289,13.10783,23.96846,12.05363,4.03358,21.14739,19.30377,10.92376,3.39651,28.10179,4.69559,15.60024,15.60773,10.65992,18.46959,22.37107,16.93088,14.50201,15.62326,21.40696,14.63139,14.21631,22.54793,17.87103,2.74094,21.65745,1.35138,3.44217,5.24694,11.38305,13.89723,9.67218,6.48965,9.31429,22.47605,21.62609,11.22739,21.85884,17.38809,11.27951,14.13689,15.07928,16.96738,21.67245,20.10262,18.61749,3.75691,9.99347,12.49585,10.40357,26.56662,14.35084,13.63017,10.81416,22.48993,18.39621
2.19323,30.19768,11.59860,9.40254,15.21820,16.97763,19.64100,3.54781,12.39293,14.58460,16.87600,7.83293,7.19442,6.63503,4.22172,20.76318,18.58294,0.00000,21.55358,13.22049,6.91905,15.94941,28.11689,21.09773,22.74282,12.90254,17.10798,21.08762,24.94608,13.21515,23.68512,10.00256,13.79588,18.62770,26.00308,14.54839,21.35964,20.23951,23.34380,21.37743,17.18949,20.50745,21.91630,23.70805,21.59939,19.47020,15.33146,11.43708,7.26098,19.36672,8.11317,19.39037,16.21583,21.07571,23.84565,19.37783,16.22321,25.74628,21.62653,2.73003,16.33604,1.67239,4.92046,11.20082,10.03042,22.54204,5.76008,7.01539,4.72967,21.09474,4.01538,19.71532,19.47529,13.39280,7.54750,23.34932,21.69694,12.32249,15.90296,11.50181,12.25428,7.44012,8.10243,24.93932,7.30609,5.15011,3.59237,24.80370,30.46190,7.64558,9.95711,17.33098,22.75719,18.89205,21.14277,24.33697,5.12523,20.74435,15.01692,22.59612,2.19323
20.85458,18.26457,10.54152,12.18525,21.30383,7.61447,24.85282,20.88475,10.50929,7.29658,19.51733,14.50636,15.33091,15.52283,17.63346,12.80021,5.44962,21.55358,0.00000,8.69189,14.63552,23.61752,17.34817,28.27164,29.27189,9.54985,4.46387,3.22065,20.90482,24.51968,12.74435,11.77027,7.86346,23.45577,20.70143,15.66438,2.35956,4.12875,23.23093,25.56442,24.41420,26.65293,28.22339,18.76172,15.35516,2.11133,11.55865,24.44767,14.38350,2.22410,22.18939,16.75594,9.08243,2.43626,25.72959,2.19927,13.74951,10.60045,6.16497,20.79261,21.17145,19.88697,16.88903,15.55911,21.93349,10.39298,16.32667,24.09777,19.69473,6.05709,23.97961,5.79350,2.35253,8.71338,14.00640,9.27922,4.99289,9.42167,7.85924,22.71041,21.53448,14.18415,22.98839,12.86529,14.58655,16.57386,18.34773,12.41406,16.58216,21.18120,18.95457,4.26512,4.93279,9.40683,6.08973,23.76932,16.70223,9.89709,9.58667,19.46390,20.85458
12.90623,22.88337,4.79312,3.92696,17.71866,7.87363,22.18746,13.25535,2.32457,3.96021,17.09385,5.82440,8.21945,6.88274,9.69749,14.42130,5.51512,13.22049,8.69189,0.00000,6.48542,19.77982,21.29081,25.17477,26.51964,1.30051,4.63115,9.28261,21.89738,19.42379,16.15146,3.21912,3.03500,20.76473,22.27837,12.87710,9.20217,7.05119,22.67893,23.41187,20.86810,23.81018,25.46906,19.90595,16.57900,6.58723,9.84580,18.73917,6.53957,6.47159,15.76955,16.33058,8.39429,7.87618,24.57705,6.68145,12.28949,16.18362,11.11070,12.96463,18.09844,11.55235,8.99104,10.91330,16.19733,14.06913,8.70622,17.05945,12.36982,8.20245,16.16012,6.78086,6.42926,0.47698,5.87753,13.97590,10.59804,0.98022,6.90844,17.36895,16.69332,5.79066,16.45168,16.95718,6.00077,8.62819,9.82166,16.62029,22.05348,14.72641,13.55299,4.46624,11.40841,10.89523,10.68425,23.48620,8.83769,12.56426,7.71298,19.81199,12.90623
6.42097,24.93050,5.02823,2.56210,14.10511,10.58558,18.84948,6.82987,6.26436,7.74187,14.54626,2.91641,2.95966,2.53923,3.22366,15.54876,11.98281,6.91905,14.63552,6.48542,0.00000,15.73296,22.99575,21.29553,22.81740,6.45540,10.18921,14.26281,21.39480,14.41416,18.14822,3.38531,6.90223,17.53727,22.17090,10.91734,14.48730,13.53184,20.92857,20.36857,16.95492,20.21011,21.82651,19.74717,16.98354,12.55621,9.98568,13.31207,0.88453,12.45383,9.99669,15.53671,10.12790,14.23826,22.20461,12.45880,11.66822,19.56807,15.07824,6.48790,14.86412,5.25636,2.54684,7.75548,10.93554,16.62749,2.53790,10.82808,6.13602,14.62303,9.67610,13.20866,12.58088,6.73684,0.63021,17.16948,15.01490,5.53449,9.45573,12.32639,12.13675,1.04134,10.55438,19.28006,1.90989,2.17181,3.98320,19.06740,24.77895,9.00080,8.92772,10.42362,16.03983,12.95814,14.59584,21.86588,2.41987,14.85178,8.95928,19.06815,6.42097
13.77978,20.61446,15.02918,17.06791,2.32400,16.02305,3.76493,12.40433,20.96442,17.43030,4.90202,18.64402,12.78229,18.01627,14.09089,13.70635,24.39427,15.94941,23.61752,19.77982,15.73296,0.00000,18.48724,5.56277,7.10210,20.58038,20.19990,21.11134,12.15015,3.68017,16.53233,18.11523,17.60623,3.13843,13.57659,7.96725,21.89495,25.14856,8.81319,5.53446,1.25991,4.60855,6.14665,12.13225,12.44366,22.31613,12.07531,5.56164,14.97560,22.28437,7.96955,9.31321,14.54852,24.80159,8.30970,21.80790,10.16527,20.45334,19.42827,13.23831,2.88366,15.77507,14.15405,8.86931,5.94152,17.13507,13.50105,10.15159,11.46191,27.04433,13.50827,25.73708,22.81992,20.23794,15.91121,18.75224,20.32222,18.94321,15.80027,4.55412,3.76944,16.73874,8.27505,17.82395,17.63077,14.41080,17.00599,18.00269,22.19113,8.30442,6.82404,21.02216,21.32024,15.12762,19.10528,9.73409,14.10049,15.95858,14.07505,10.36716,13.77978
26.25191,2.18495,18.33861,22.01064,16.82021,13.42872,16.80851,25.34839,23.59031,17.34566,13.87054,24.99502,21.17493,25.31657,24.14975,7.45618,21.92757,28.11689,17.34817,21.29081,22.99575,18.48724,0.00000,19.90272,19.93138,22.59132,17.70855,14.25295,7.50139,21.65533,5.14021,22.50149,18.33620,16.07351,6.24751,13.89838,15.02815,21.23420,11.71179,16.21913,18.33950,18.29118,19.18333,6.50159,6.70047,17.86413,13.03361,22.95988,22.18316,17.93803,23.18781,9.60908,13.20576,19.73302,14.38414,17.25628,11.90765,7.06977,11.31240,25.84840,15.74618,26.91065,23.61612,17.01189,21.53210,7.35252,22.65915,25.90888,23.82977,23.32963,28.05043,22.76097,18.58127,21.67368,22.61535,8.09111,12.40611,21.21089,14.46271,21.12115,19.45392,23.39599,23.94699,4.54012,24.35529,23.55710,26.65832,4.96878,4.02041,22.67938,19.39490,18.51338,12.45208,10.45136,11.53108,11.50211,23.42745,8.72705,14.23721,8.31844,26.25191
18.98125,21.82101,20.39068,22.59857,7.45647,20.67485,3.50387,17.59745,26.45590,22.56864,8.75597,24.20592,18.34497,23.56682,19.57684,16.98830,29.56801,21.09773,28.27164,25.17477,21.29553,5.56277,19.90272,0.00000,1.65055,26.02990,25.20212,25.52169,12.55988,7.93579,19.32979,23.64051,22.84604,4.83193,13.98670,12.75925,26.35740,30.18404,8.34335,3.68909,4.35953,1.71232,1.12621,13.45900,15.07875,27.16862,16.77519,9.85788,20.53755,27.14975,12.98564,12.30771,19.22710,29.67871,6.18654,26.62039,14.52625,23.48039,23.46480,18.44465,7.20342,21.09409,19.67554,14.28155,11.11959,20.48797,19.04688,14.68807,16.80972,32.15796,18.20560,30.89567,27.72499,25.63998,21.47232,22.18016,24.48233,24.36968,20.63363,9.61884,9.24683,22.30141,13.08445,20.46645,23.19244,19.94258,22.44722,20.74676,23.88120,13.51920,12.38019,26.06379,25.38702,19.23807,23.21119,8.86691,19.62966,19.66299,18.94984,11.68400,18.98125
20.62207,21.76084,21.72749,24.05043,8.84457,21.71287,4.44196,19.23812,27.86647,23.78968,9.79766,25.73179,19.86100,25.11745,21.16863,17.62462,30.78600,22.74282,29.27189,26.51964,22.81740,7.10210,19.93138,1.65055,0.00000,27.40899,26.35432,26.44299,12.46850,9.58630,19.78261,25.08544,24.11321,5.87028,13.84567,13.92864,27.29351,31.33630,8.22593,3.92951,5.86440,2.71263,1.06171,13.60692,15.56195,28.25160,17.86284,11.50568,22.04599,28.23807,14.63191,12.97298,20.28543,30.76390,5.72059,27.68921,15.53261,23.95618,24.26836,20.08482,8.44057,22.72415,21.25047,15.66961,12.75372,21.09721,20.60314,16.33414,18.43306,33.34196,19.85362,32.10363,28.82778,26.98839,22.97607,22.79524,25.32122,25.73580,21.73926,11.25649,10.83119,23.81511,14.73489,20.85652,24.71971,21.51083,24.05454,21.16432,23.94224,15.15446,13.92467,27.23011,26.18806,20.10305,24.04012,8.57757,21.19970,20.39258,20.08211,11.89783,20.62207
12.80454,24.18123,5.76151,4.01597,18.57818,9.17300,23.11679,13.28506,1.05780,5.25751,18.10008,5.21408,8.58091,6.36093,9.66883,15.70503,5.68474,12.90254,9.54985,1.30051,6.45540,20.58038,22.59132,26.02990,27.40899,0.00000,5.74438,10.41295,23.12325,20.02410,17.45197,3.07099,4.31431,21.70314,23.52877,13.90982,10.26982,7.39150,23.80517,24.38889,21.69839,24.70623,26.36457,21.14743,17.84003,7.48052,11.03817,19.22721,6.68301,7.36164,16.13440,17.51222,9.66881,8.45341,25.64347,7.65419,13.45151,17.44302,12.35198,12.91677,19.01899,11.25568,9.00213,11.74853,16.71385,15.36606,8.85417,17.23605,12.52925,8.22017,16.07258,6.82369,7.22367,0.96414,5.89585,15.25300,11.79757,1.70667,8.20002,17.94849,17.37437,5.61186,16.77648,18.25481,5.59683,8.62709,9.39554,17.91613,23.33409,15.09948,14.18581,5.44322,12.57146,12.19264,11.93324,24.62780,8.87019,13.86476,8.95031,21.01428,12.80454
16.39158,19.07909,6.17770,7.78064,17.93969,5.07016,21.91448,16.44080,6.79330,2.98502,16.57254,10.28068,10.91102,11.22556,13.16959,11.59532,4.68078,17.10798,4.46387,4.63115,10.18921,20.19990,17.70855,25.20212,26.35432,5.74438,0.00000,4.66867,19.62148,20.68101,12.63440,7.46487,3.41271,20.48404,19.72960,12.44347,4.57670,4.98305,21.21202,22.85369,21.11828,23.66699,25.29322,17.50981,14.03982,2.46051,8.53711,20.42337,9.92042,2.37795,17.95954,14.63199,6.26723,4.70385,23.46858,2.27192,10.99750,11.93961,6.80768,16.33408,18.00184,15.44501,12.42517,11.68136,17.87431,10.35604,11.87003,19.75081,15.28016,7.01802,19.52570,5.88595,2.73283,4.79860,9.56171,9.91119,6.11668,5.18054,4.68136,18.77424,17.73665,9.78302,18.73841,13.21071,10.25616,12.11037,13.96101,12.82192,17.95242,16.93422,14.94352,0.92421,6.83614,7.87451,6.43842,21.89048,12.23850,9.15578,6.27567,17.81075,16.39158
20.08297,15.29874,9.55215,12.06497,18.78734,5.21550,22.06002,19.90348,11.46067,6.52102,16.77999,14.77788,14.32735,15.63705,16.96309,9.62527,7.85611,21.08762,3.22065,9.28261,14.26281,21.11134,14.25295,25.52169,26.44299,10.41295,4.66867,0.00000,17.70151,22.35370,9.54486,11.92450,7.40322,20.69018,17.48207,13.15546,0.89067,6.98686,20.13260,22.66741,21.82056,23.87086,25.40566,15.56068,12.17513,3.73490,9.07725,22.49097,13.82895,3.82892,20.56781,13.73267,6.65789,5.50266,22.68101,3.20017,11.03076,7.75164,2.97033,19.93984,18.53512,19.46278,16.22611,13.59112,20.05224,7.18554,15.52419,22.70782,18.58084,9.07822,23.04165,8.55071,4.41999,9.46641,13.65813,6.16189,1.85002,9.74782,5.83661,20.66879,19.36376,14.03250,21.39433,9.73416,14.63511,15.95709,18.18648,9.29131,13.81713,19.60534,17.05928,5.10036,2.21993,6.38104,2.86942,20.63932,16.02660,6.69812,7.44393,16.31131,20.08297
22.84360,9.29358,17.74938,21.25440,11.05714,14.58027,9.72855,21.68783,23.96044,18.11062,8.42412,23.95814,18.89109,23.92087,21.53884,8.14670,24.27920,24.94608,20.90482,21.89738,21.39480,12.15015,7.50139,12.55988,12.46850,23.12325,19.62148,17.70151,0.00000,15.69171,8.75545,22.03191,18.89406,9.29155,1.46001,10.60071,18.58728,24.13578,4.24651,8.87675,11.69305,11.02415,11.76821,2.14540,5.61033,20.67314,12.11763,17.32355,20.51232,20.70860,18.46470,5.86096,13.62659,22.99559,6.88280,20.03837,9.87314,12.70239,14.88598,22.35710,9.82562,24.08617,21.19196,13.98917,16.52247,10.80832,20.25419,21.12770,20.27477,26.30425,23.88705,25.39096,21.37500,22.35383,21.20074,12.35492,16.08072,21.48680,15.23555,15.71075,14.14444,22.08435,19.09608,9.41984,23.10936,21.25356,24.41555,9.82955,11.52178,18.23903,15.18008,20.53767,16.60745,11.80105,14.86276,4.00736,21.03817,11.00773,14.18530,2.36172,22.84360
11.14363,23.81801,14.91805,16.19870,4.83524,17.14184,7.27159,9.76786,20.22815,17.74913,7.78647,17.22578,11.61847,16.41527,12.16991,16.14273,24.47887,13.21515,24.51968,19.42379,14.41416,3.68017,21.65533,7.93579,9.58630,20.02410,20.68101,22.35370,15.69171,0.00000,19.14906,17.25622,17.70939,6.81606,17.09204,9.48096,23.06118,25.47197,12.48878,9.01628,4.61979,7.60988,8.83758,15.47550,15.29424,22.97839,13.33494,1.98308,13.78446,22.92858,5.12064,12.16545,15.69761,25.37949,11.90218,22.53832,11.95793,22.83539,21.08589,10.61563,5.95774,13.34231,12.40970,9.00391,3.51358,19.39603,11.95544,6.79512,9.16182,27.20163,10.28784,25.82947,23.39402,19.84967,14.72466,20.91383,21.84057,18.50533,16.68401,2.09308,2.99233,15.45464,5.15247,20.48703,16.22275,12.72614,14.87270,20.60708,25.20020,5.79911,5.87685,21.41686,22.90180,16.86602,20.70816,13.41378,12.40604,18.00643,14.97639,13.77189,11.14363
21.95693,6.83896,13.35051,16.99644,14.47879,8.29556,15.89812,21.19004,18.45329,12.20965,11.63205,19.99796,16.57603,20.38708,19.58844,3.12491,16.97598,23.68512,12.74435,16.15146,18.14822,16.53233,5.14021,19.32979,19.78261,17.45197,12.63440,9.54486,8.75545,19.14906,0.00000,17.43826,13.20531,14.81475,8.21234,10.24160,10.38519,16.42884,12.12884,15.85714,16.73163,17.62191,18.86335,6.76105,4.25327,12.98942,8.36328,20.11341,17.36937,13.05294,19.68289,7.25070,8.16036,15.03887,14.90354,12.36487,7.87158,4.17660,6.58012,21.59959,13.64922,22.36960,19.00188,12.91161,18.28970,2.36740,18.06143,22.34414,19.66559,18.56828,24.07409,17.88823,13.71162,16.53350,17.72810,3.65419,7.75600,16.08368,9.34539,18.18859,16.54505,18.47295,20.49378,1.35949,19.40557,18.90385,21.92904,1.47043,6.78286,19.02309,15.76953,13.46425,8.07198,5.35173,6.70084,12.34488,18.80569,3.58722,9.24886,8.09386,21.95693
9.76400,24.27418,4.31021,1.05933,16.24729,9.27612,20.90780,10.21516,2.99534,5.66131,16.14301,2.85650,5.66844,3.76280,6.60347,15.24091,8.64046,10.00256,11.77027,3.21912,3.38531,18.11523,22.50149,23.64051,25.08544,3.07099,7.46487,11.92450,22.03191,17.25622,17.43826,0.00000,4.64505,19.52655,22.61218,12.10820,11.99027,10.24805,22.20250,22.29283,19.28275,22.41048,24.05922,20.18563,17.08391,9.65968,9.99305,16.34184,3.64786,9.54868,13.16123,16.23479,9.29577,11.08994,23.80688,9.66822,12.16499,18.15000,13.28336,9.85923,16.82249,8.33571,5.93162,9.47700,13.86804,15.59691,5.80308,14.17654,9.47105,11.25166,13.02991,9.84176,9.57563,3.40338,2.82764,15.81716,12.98488,2.35877,8.15634,15.16622,14.73261,2.58843,13.77647,18.41691,2.81765,5.55711,6.61726,18.13606,23.76233,12.13599,11.50413,7.50522,13.91345,12.08825,12.81974,23.08277,5.79922,13.92233,8.30018,19.80080,9.76400
12.99797,19.98567,2.86264,4.66815,15.43363,4.90995,19.71735,13.02830,5.27043,1.03680,14.49313,7.48677,7.50457,8.26677,9.78819,11.39075,6.80631,13.79588,7.86346,3.03500,6.90223,17.60623,18.33620,22.84604,24.11321,4.31431,3.41271,7.40322,18.89406,17.70939,13.20531,4.64505,0.00000,18.28342,19.25208,10.25920,7.58771,7.78533,19.82301,20.83779,18.61942,21.40172,23.05413,16.88743,13.54704,5.86806,6.91605,17.29483,6.55770,5.78042,14.67350,13.39444,5.35929,7.94366,21.82496,5.66428,9.40249,13.56069,8.64129,12.92948,15.67455,12.14611,9.04318,8.81711,14.73231,11.19849,8.46324,16.37688,11.87351,9.50423,16.11671,8.15607,6.05615,3.47393,6.28574,11.26454,8.35261,2.88265,3.89441,15.73342,14.83180,6.62934,15.43414,14.07054,7.25466,8.73867,10.78964,13.75442,19.28918,13.63832,11.87402,3.89395,9.30659,7.90303,8.18039,20.60289,8.85309,9.62475,4.71503,16.83968,12.99797
16.43660,18.13478,15.97463,18.51567,3.49921,15.87176,1.43548,15.08786,22.21738,17.93395,3.94220,20.44381,14.59030,19.95486,16.33085,12.29347,24.92591,18.62770,23.45577,20.76473,17.53727,3.13843,16.07351,4.83193,5.87028,21.70314,20.48404,20.69018,9.29155,6.81606,14.81475,19.52655,18.28342,0.00000,10.74457,8.06452,21.52714,25.46607,5.70636,2.84426,2.41391,3.19967,4.80929,9.58859,10.57741,22.39348,11.99973,8.69300,16.71681,22.37823,10.86352,7.63193,14.43398,24.90557,5.27866,21.83612,9.70634,18.90918,18.65032,15.89792,2.70417,18.28309,16.28343,10.04973,8.79516,15.79814,15.52696,13.19228,13.99531,27.47343,16.46400,26.24014,22.96402,21.23725,17.61937,17.47861,19.65775,20.01347,15.87328,7.53383,6.40444,18.49085,11.25764,16.02232,19.44607,16.49494,19.31118,16.26387,19.92652,11.05188,8.95595,21.36029,20.57198,14.41088,18.38956,6.60816,16.20028,14.88772,14.21216,7.77369,16.43660
23.92774,7.92975,18.30660,21.87969,12.41264,14.75308,11.18761,22.80500,24.40253,18.41923,9.70318,24.65420,19.76413,24.67935,22.48770,8.13913,24.34607,26.00308,20.70143,22.27837,22.17090,13.57659,6.24751,13.98670,13.84567,23.52877,19.72960,17.48207,1.46001,17.09204,8.21234,22.61218,19.25208,10.74457,0.00000,11.53275,18.35754,24.09244,5.65026,10.31028,13.14231,12.46742,13.17331,2.43288,5.72837,20.61749,12.62886,18.69312,21.29337,20.66094,19.72175,6.69067,13.91825,22.87061,8.19938,19.98116,10.53407,11.95250,14.59336,23.45165,11.19285,25.08449,22.10735,14.93438,17.80949,10.41482,21.15940,22.40361,21.36783,26.26110,25.08773,25.41082,21.32950,22.72516,21.94267,11.86383,15.79074,21.92556,15.49510,17.04692,15.45913,22.81523,20.37352,8.69187,23.83626,22.14910,25.32072,9.12727,10.25208,19.45452,16.33993,20.63460,16.22959,11.85694,14.61727,5.30315,21.94660,10.84993,14.58106,3.48187,23.92774
12.54214,16.05746,8.15206,11.19089,5.64601,8.05901,9.49957,11.53136,14.53828,9.87263,4.23500,13.62914,8.30135,13.45656,10.95608,7.11766,16.86156,14.54839,15.66438,12.87710,10.91734,7.96725,13.89838,12.75925,13.92864,13.90982,12.44347,13.15546,10.60071,9.48096,10.24160,12.10820,10.25920,8.06452,11.53275,0.00000,13.93086,17.42605,10.11210,10.57887,8.75542,11.23112,12.86694,9.18452,7.21327,14.43905,4.10974,10.08573,10.03354,14.41522,9.45132,4.85808,6.58546,16.94312,11.74696,13.90772,2.51239,13.55366,11.63884,12.09823,5.56418,13.56281,10.59245,3.40162,8.07727,10.06846,9.65348,12.13487,10.03435,19.41526,14.15435,18.17590,14.97855,13.35379,10.79637,11.50500,12.45353,12.20340,7.89847,8.15054,6.59675,11.69439,10.25600,11.59970,12.71675,10.65336,13.81507,11.62596,16.82764,8.83963,5.55762,13.30947,13.48834,7.38884,11.27929,11.01589,10.43764,8.57171,6.19688,8.24344,12.54214
20.43423,16.01165,9.91348,12.20740,19.57140,5.92577,22.90269,20.30969,11.30233,6.77855,17.60919,14.82837,14.72254,15.73471,17.27885,10.51568,7.26237,21.35964,2.35956,9.20217,14.48730,21.89495,15.02815,26.35740,27.29351,10.26982,4.57670,0.89067,18.58728,23.06118,10.38519,11.99027,7.58771,21.52714,18.35754,13.93086,0.00000,6.26032,21.02073,23.52884,22.62333,24.71213,26.25392,16.44722,13.06508,3.19413,9.83559,23.14875,14.10075,3.30127,21.14028,14.61128,7.38883,4.70488,23.56443,2.75295,11.84977,8.39942,3.80547,20.31227,19.34475,19.71971,16.53735,14.23582,20.68856,8.03350,15.87031,23.22491,19.01879,8.31061,23.44250,7.86397,3.82638,9.34342,13.87287,6.94364,2.63888,9.74613,6.44613,21.34494,20.06915,14.19547,21.96115,10.52731,14.74623,16.25493,18.36867,10.07925,14.44205,20.16462,17.69404,4.85287,2.73653,7.25494,3.74031,21.52946,16.34054,7.58633,8.10461,17.20197,20.43423
19.95214,22.26982,10.63456,10.97004,22.90214,9.85667,26.89591,20.25444,8.10698,7.74990,21.55095,12.60416,14.99301,13.75091,16.73304,15.99660,1.83843,20.23951,4.12875,7.05119,13.53184,25.14856,21.23420,30.18404,31.33630,7.39150,4.98305,6.98686,24.13578,25.47197,16.42884,10.24805,7.78533,25.46607,24.09244,17.42605,6.26032,0.00000,26.02025,27.81817,26.08520,28.64992,30.27534,21.99624,18.52593,3.47576,13.50194,25.07918,13.53036,3.43181,22.38984,19.44103,11.16831,1.76959,28.35105,4.11192,15.93695,14.65274,9.92529,19.99745,22.98273,18.57771,16.01707,16.51571,22.51620,14.06221,15.66598,23.92212,19.28360,2.16948,23.19958,1.67471,2.76349,6.84788,12.91846,13.14535,8.83686,7.99804,9.62729,23.51214,22.56540,12.83324,23.12734,16.70591,12.95547,15.65981,16.77324,16.26783,20.67398,21.34800,19.65486,4.12830,8.97393,12.35004,9.74091,26.65535,15.85669,13.26006,11.25503,22.47332,19.95214
21.16593,13.53983,18.12013,21.29975,8.37395,16.17591,5.77565,19.89168,24.51590,19.20459,6.53000,23.70732,18.14805,23.45820,20.43512,10.60417,25.87966,23.34380,23.23093,22.67893,20.92857,8.81319,11.71179,8.34335,8.22593,23.80517,21.21202,20.13260,4.24651,12.48878,12.12884,22.20250,19.82301,5.70636,5.65026,10.11210,21.02073,26.02025,0.00000,4.68526,8.08640,6.86658,7.52488,5.53262,8.17178,22.65210,12.92237,14.30804,20.05223,22.66720,16.07959,6.58318,14.95669,25.09952,2.78868,22.03497,10.42146,16.26909,17.55331,20.64481,7.14696,22.73543,20.22467,13.18402,14.02873,13.82780,19.35010,18.58849,18.61550,28.15597,21.67412,27.09534,23.31455,23.15308,20.85795,15.49201,18.70797,22.10737,16.57345,12.95158,11.57232,21.75727,16.58864,13.04132,22.77226,20.35933,23.41639,13.39989,15.72778,16.07054,13.38768,22.13473,19.40589,13.83046,17.43088,0.99458,20.10103,13.55628,15.19677,4.03945,21.16593
19.19161,18.13193,18.63723,21.29238,6.33933,18.07379,1.76992,17.83084,24.93784,20.42279,6.34480,23.27141,17.42581,22.79443,19.16849,13.71147,27.38012,21.37743,25.56442,23.41187,20.36857,5.53446,16.21913,3.68909,3.92951,24.38889,22.85369,22.66741,8.87675,9.01628,15.85714,22.29283,20.83779,2.84426,10.31028,10.57887,23.52884,27.81817,4.68526,0.00000,4.40913,2.19207,3.02131,9.79637,11.63273,24.64398,14.31762,10.98291,19.54293,24.63754,13.48839,9.08062,16.68044,27.15215,2.98441,24.06503,11.89982,20.02927,20.41408,18.65113,5.50775,21.08362,19.12672,12.82194,11.43987,17.17521,18.37112,15.67346,16.78339,29.86897,19.04253,28.67532,25.24502,23.88691,20.44018,18.87339,21.48662,22.69047,18.19122,10.08613,9.12355,21.31551,13.80951,16.94313,22.27629,19.33910,22.14515,17.24506,20.20465,13.75893,11.79070,23.74850,22.32954,16.29953,20.20146,5.29664,19.04420,16.50769,16.58630,8.04274,19.19161
15.02441,20.43029,16.09731,18.23986,3.18920,16.80173,2.65321,13.64684,22.10795,18.39956,5.23309,19.86856,14.00001,19.25505,15.34804,14.02319,25.38514,17.18949,24.41420,20.86810,16.95492,1.25991,18.33950,4.35953,5.86440,21.69839,21.11828,21.82056,11.69305,4.61979,16.73163,19.28275,18.61942,2.41391,13.14231,8.75542,22.62333,26.08520,8.08640,4.40913,0.00000,3.34888,4.89474,11.89196,12.55682,23.18121,12.85562,6.57678,16.18842,23.15412,9.17595,9.48107,15.33180,25.67879,7.28417,22.65769,10.80532,20.73993,20.01126,14.48307,3.30316,17.03128,15.40541,9.95779,7.16813,17.49833,14.74380,11.27554,12.71872,28.01281,14.67597,26.72267,23.70500,21.33009,17.12101,19.14631,20.94754,20.04782,16.64539,5.74758,5.02930,17.95544,9.44338,17.98925,18.85617,15.65918,18.26555,18.19712,22.13339,9.54405,8.06277,21.95696,21.91879,15.71591,19.70927,8.95860,15.34977,16.42148,14.93096,10.08943,15.02441
18.35128,20.24091,19.01757,21.38019,6.16334,19.07136,1.81369,16.97083,25.17386,21.08422,7.14186,23.12649,17.25059,22.54714,18.68680,15.27795,28.08210,20.50745,26.65293,23.81018,20.21011,4.60855,18.29118,1.71232,2.71263,24.70623,23.66699,23.87086,11.02415,7.60988,17.62191,22.41048,21.40172,3.19967,12.46742,11.23112,24.71213,28.64992,6.86658,2.19207,3.34888,0.00000,1.65896,11.82126,13.36999,25.59119,15.19631,9.59004,19.42432,25.57534,12.44858,10.59772,17.63336,28.10309,5.03167,25.03501,12.90353,21.77010,21.77977,17.81041,5.72815,20.37648,18.72956,12.97448,10.47714,18.77680,18.04830,14.39772,16.06501,30.64637,17.86245,29.40198,26.15913,24.27940,20.34856,20.46946,22.80614,23.03025,19.06732,9.02139,8.37796,21.19737,12.65376,18.76466,22.11707,18.97611,21.61154,19.04172,22.25296,12.86687,11.36846,24.53859,23.70199,17.56685,21.53206,7.48761,18.66899,17.96299,17.39951,10.03176,18.35128
19.77929,21.05669,20.67639,23.02687,7.81271,20.65901,3.38289,18.39574,26.82939,22.72839,8.73962,24.74227,18.86808,24.14474,20.23542,16.64723,29.72451,21.91630,28.22339,25.46906,21.82651,6.14665,19.18333,1.12621,1.06171,26.36457,25.29322,25.40566,11.76821,8.83758,18.86335,24.05922,23.05413,4.80929,13.17331,12.86694,26.25392,30.27534,7.52488,3.02131,4.89474,1.65896,0.00000,12.79760,14.62867,27.19443,16.80421,10.78923,21.04788,27.18049,13.81843,11.98307,19.22943,29.70672,5.20324,26.63317,14.48054,23.03172,23.25305,19.24013,7.38335,21.85003,20.29975,14.63048,11.89928,20.12972,19.63671,15.62262,17.54771,32.28033,19.12522,31.04197,27.76921,25.93832,21.97515,21.82696,24.29882,24.68904,20.67999,10.41503,9.90170,22.81920,13.96258,19.95995,23.73138,20.55391,23.13954,20.25820,23.18212,14.29942,12.95479,26.16867,25.17385,19.07390,23.01938,7.97089,20.24451,19.39273,19.02141,11.05739,19.77929
21.65917,8.54644,15.88225,19.44837,10.67837,12.48471,10.30898,20.57097,22.00878,16.07663,7.81427,22.22168,17.36851,22.25216,20.12386,6.00315,22.15894,23.70805,18.76172,19.90595,19.74717,12.13225,6.50159,13.45900,13.60692,21.14743,17.50981,15.56068,2.14540,15.47550,6.76105,20.18563,16.88743,9.58859,2.43288,9.18452,16.44722,21.99624,5.53262,9.79637,11.89196,11.82126,12.79760,0.00000,3.47661,18.53164,10.20935,16.94733,18.87086,18.56789,17.69285,4.32644,11.57953,20.85040,8.31672,17.89659,8.10225,10.82081,12.75846,21.19367,9.51777,22.74732,19.72723,12.58132,15.84892,8.72045,18.77559,20.40126,19.11230,24.16511,22.95188,23.26114,19.23467,20.35689,19.51396,10.30229,13.95142,19.53190,13.17528,15.20981,13.57753,20.38516,18.38134,7.55774,21.40568,19.76027,22.93362,7.93858,10.43288,17.35613,14.17543,18.42344,14.49919,9.67065,12.72685,5.61908,19.56348,8.86490,12.19721,1.81799,21.65917
19.66927,8.87416,12.77716,16.41793,10.51135,9.03258,11.64525,18.71508,18.73463,12.69851,7.58524,19.28768,14.85712,19.43041,17.75861,2.55578,18.68391,21.59939,15.35516,16.57900,16.98354,12.44366,6.70047,15.07875,15.56195,17.84003,14.03982,12.17513,5.61033,15.29424,4.25327,17.08391,13.54704,10.57741,5.72837,7.21327,13.06508,18.52593,8.17178,11.63273,12.55682,13.36999,14.62867,3.47661,0.00000,15.06521,7.11351,16.44654,16.12768,15.09973,16.49833,3.14416,8.19922,17.40289,10.88605,14.43092,5.41853,8.40563,9.45634,19.24710,9.57857,20.47888,17.28104,10.41582,14.88409,5.66465,16.31917,19.21661,17.20487,20.69420,21.36669,19.78462,15.76576,17.02088,16.68542,7.34402,10.63446,16.26068,9.76794,14.56496,12.89654,17.52735,17.26543,5.44685,18.53193,17.26390,20.42026,5.68913,9.92913,15.97925,12.69444,14.95166,11.26999,6.19405,9.38016,8.55133,17.10225,5.48745,8.91379,4.18785,19.66927
18.81780,18.99542,8.63304,10.08805,20.02604,6.57514,23.81190,18.89167,8.46197,5.41525,18.45507,12.39689,13.37032,13.41151,15.58801,12.52954,4.12289,19.47020,2.11133,6.58723,12.55621,22.31613,17.86413,27.16862,28.25160,7.48052,2.46051,3.73490,20.67314,22.97839,12.98942,9.65968,5.86806,22.39348,20.61749,14.43905,3.19413,3.47576,22.65210,24.64398,23.18121,25.59119,27.19443,18.53164,15.06521,0.00000,10.39561,22.79124,12.33158,0.11992,20.39192,16.08870,7.96994,2.51230,25.03882,0.63633,12.74576,11.48577,6.56273,18.77174,19.99770,17.80146,14.84493,13.97670,20.25224,10.62690,14.31207,22.20833,17.73955,5.64366,21.96848,4.90319,0.72226,6.62339,11.92631,9.80163,5.55084,7.31035,6.54086,21.10756,20.01309,12.08429,21.17642,13.32527,12.47638,14.52301,16.24279,12.89629,17.55201,19.37064,17.30007,2.15544,5.89729,8.90631,6.33506,23.26181,14.66111,9.78480,8.25030,19.04520,18.81780
13.65807,15.01831,5.68313,9.30530,9.75535,3.94937,13.42134,12.98350,11.84937,6.28598,8.06540,12.18280,8.21524,12.37353,11.22573,5.57745,13.10783,15.33146,11.55865,9.84580,9.98568,12.07531,13.03361,16.77519,17.86284,11.03817,8.53711,9.07725,12.11763,13.33494,8.36328,9.99305,6.91605,11.99973,12.62886,4.10974,9.83559,13.50194,12.92237,14.31762,12.85562,15.19631,16.80421,10.20935,7.11351,10.39561,0.00000,13.64646,9.15873,10.37908,12.24940,6.48626,2.47666,12.90714,15.01809,9.84530,2.51125,10.71195,7.82536,13.32850,9.62439,14.00659,10.64652,5.06118,11.34389,7.32279,9.70181,14.72211,11.47356,15.55438,15.97985,14.38201,10.96500,10.31264,9.63995,8.40767,8.51309,9.38075,3.87949,11.76105,10.36064,10.45851,13.09123,9.60786,11.45078,10.56074,13.63184,9.47898,15.13209,11.41460,8.42997,9.43626,9.58698,3.88640,7.41936,13.68967,10.45203,5.56166,2.29840,9.97674,13.65807
9.43319,25.13798,14.44736,15.29722,6.28656,17.28594,9.22971,8.08147,19.33599,17.44930,9.14739,16.02544,10.67504,15.13438,10.80112,17.03857,23.96846,11.43708,24.44767,18.73917,13.31207,5.56164,22.95988,9.85788,11.50568,19.22721,20.42337,22.49097,17.32355,1.98308,20.11341,16.34184,17.29483,8.69300,18.69312,10.08573,23.14875,25.07918,14.30804,10.98291,6.57678,9.59004,10.78923,16.94733,16.44654,22.79124,13.64646,0.00000,12.76379,22.73220,3.49927,13.37214,15.88780,25.12373,13.84579,22.39285,12.59810,23.62354,21.46981,8.92014,7.50066,11.69764,11.12842,8.91593,2.56363,20.14589,10.79260,4.83374,7.67213,26.70719,8.34794,25.31152,23.15493,19.14242,13.68553,21.58881,22.13749,17.79117,16.70927,1.93705,3.56976,14.35052,3.33595,21.46703,15.04212,11.46890,13.35088,21.54982,26.37506,4.36737,5.49498,21.10354,23.22318,17.35581,21.06573,15.25188,11.15132,18.65163,15.04954,15.30334,9.43319
6.49631,24.13349,4.41650,2.66988,13.30111,9.94318,18.04003,6.72521,6.62657,7.32398,13.68289,3.72903,2.20126,3.42320,3.25912,14.73059,12.05363,7.26098,14.38350,6.53957,0.88453,14.97560,22.18316,20.53755,22.04599,6.68301,9.92042,13.82895,20.51232,13.78446,17.36937,3.64786,6.55770,16.71681,21.29337,10.03354,14.10075,13.53036,20.05223,19.54293,16.18842,19.42432,21.04788,18.87086,16.12768,12.33158,9.15873,12.76379,0.00000,12.23375,9.52693,14.65492,9.40752,14.13201,21.34833,12.19128,10.79811,18.89484,14.49996,6.48943,14.03589,5.63568,2.51958,6.88626,10.33622,15.89840,2.17691,10.55942,5.85418,14.73680,9.69875,13.31613,12.40604,6.84237,0.94464,16.49220,14.49273,5.56406,8.82585,11.69197,11.42295,1.77539,10.13094,18.51877,2.74410,2.19144,4.62349,18.31621,24.02909,8.50888,8.19739,10.22883,15.53673,12.22141,14.01618,20.98773,2.34387,14.11435,8.22566,18.18462,6.49631
18.72158,19.07848,8.55423,9.98207,19.99648,6.57349,23.79776,18.80097,8.34245,5.34247,18.44090,12.28279,13.28409,13.29938,15.49081,12.56680,4.03358,19.36672,2.22410,6.47159,12.45383,22.28437,17.93803,27.14975,28.23807,7.36164,2.37795,3.82892,20.70860,22.92858,13.05294,9.54868,5.78042,22.37823,20.66094,14.41522,3.30127,3.43181,22.66720,24.63754,23.15412,25.57534,27.18049,18.56789,15.09973,0.11992,10.37908,22.73220,12.23375,0.00000,20.32099,16.10074,7.96016,2.52903,25.04665,0.68845,12.73827,11.57804,6.64128,18.67762,19.97546,17.69763,14.74799,13.92584,20.19152,10.69181,14.21917,22.12848,17.65330,5.60111,21.87540,4.83610,0.66860,6.50575,11.82384,9.88046,5.63860,7.19828,6.51844,21.05317,19.96537,11.97749,21.10407,13.39861,12.36567,14.42511,16.13435,12.97088,17.64522,19.29865,17.24220,2.04614,5.99844,8.93456,6.40750,23.28096,14.56461,9.83334,8.22342,19.07069,18.72158
6.02326,25.36806,11.81559,12.14082,7.70641,15.47963,11.72420,4.64748,16.15078,14.97911,10.04134,12.62170,7.56287,11.69019,7.33407,16.55816,21.14739,8.11317,22.18939,15.76955,9.99669,7.96955,23.18781,12.98564,14.63191,16.13440,17.95954,20.56781,18.46470,5.12064,19.68289,13.16123,14.67350,10.86352,19.72175,9.45132,21.14028,22.38984,16.07959,13.48839,9.17595,12.44858,13.81843,17.69285,16.49833,20.39192,12.24940,3.49927,9.52693,20.32099,0.00000,13.66150,14.19794,22.60794,16.14211,20.05612,11.83667,22.78665,19.95901,5.49506,8.93569,8.23603,7.70481,7.19570,2.07097,19.30526,7.45901,2.72467,4.17822,23.88534,5.61279,22.47187,20.68115,16.14382,10.41956,20.58070,20.47205,14.79994,14.73249,3.43060,4.51621,11.02372,0.84224,21.03844,11.65560,8.05747,9.85250,21.04613,26.26816,1.04484,3.92168,18.55601,21.57990,16.12272,19.51885,17.06598,7.74434,17.65676,13.20052,16.24229,6.02326
17.35563,11.79312,11.98800,15.42868,7.36952,9.59292,8.81481,16.29257,18.29649,12.71251,4.44158,18.10188,13.07699,18.06081,15.80289,4.68079,19.30377,19.39037,16.75594,16.33058,15.53671,9.31321,9.60908,12.30771,12.97298,17.51222,14.63199,13.73267,5.86096,12.16545,7.25070,16.23479,13.39444,7.63193,6.69067,4.85808,14.61128,19.44103,6.58318,9.08062,9.48107,10.59772,11.98307,4.32644,3.14416,16.08870,6.48626,13.37214,14.65492,16.10074,13.66150,0.00000,8.38670,18.55172,8.97587,15.47627,4.08401,11.28955,11.35329,16.89717,6.44045,18.42088,15.41687,8.25582,11.94054,8.18303,14.46873,16.38586,14.81968,21.57388,18.76153,20.51363,16.74415,16.79827,15.33979,9.87308,12.44980,15.84063,10.00950,11.51680,9.84829,16.22373,14.39595,8.51938,17.24889,15.45897,18.63020,8.71716,13.03638,13.23344,9.99086,15.55525,13.26222,7.35998,11.16196,7.26934,15.25593,7.42718,8.70431,3.56929,17.35563
14.77553,14.99901,5.20801,8.83653,12.22998,1.47477,15.84791,14.29591,10.59647,4.50100,10.49257,11.84024,9.03129,12.26567,12.00229,6.04942,10.92376,16.21583,9.08243,8.39429,10.12790,14.54852,13.20576,19.22710,20.28543,9.66881,6.26723,6.65789,13.62659,15.69761,8.16036,9.29577,5.35929,14.43398,13.91825,6.58546,7.38883,11.16831,14.95669,16.68044,15.33180,17.63336,19.22943,11.57953,8.19922,7.96994,2.47666,15.88780,9.40752,7.96016,14.19794,8.38670,0.00000,10.48153,17.20337,7.40378,4.78095,9.53980,5.78345,14.51675,12.09424,14.74884,11.33818,7.05678,13.49845,6.50015,10.45792,16.52640,12.84099,13.26301,17.39231,12.15269,8.56458,8.82957,9.66174,7.13798,6.28673,8.14169,1.62775,14.04015,12.70909,10.36398,15.03737,9.20549,11.27171,11.17420,14.02758,8.96579,14.66740,13.29213,10.52357,7.18657,7.38993,2.84579,5.33130,15.65530,11.13421,4.73373,1.20004,11.67243,14.77553
20.61922,20.68825,10.79325,11.69273,22.51784,9.07951,26.32418,20.81071,9.28740,7.67530,20.96734,13.63177,15.39233,14.73503,17.38109,14.85207,3.39651,21.07571,2.43626,7.87618,14.23826,24.80159,19.73302,29.67871,30.76390,8.45341,4.70385,5.50266,22.99559,25.37949,15.03887,11.08994,7.94366,24.90557,22.87061,16.94312,4.70488,1.76959,25.09952,27.15215,25.67879,28.10309,29.70672,20.85040,17.40289,2.51230,12.90714,25.12373,14.13201,2.52903,22.60794,18.55172,10.48153,0.00000,27.51445,3.09006,15.25551,13.03266,8.47263,20.62060,22.50403,19.40427,16.64828,16.37681,22.57210,12.67443,16.20649,24.30449,19.74378,3.62348,23.82981,3.44032,1.98941,7.76693,13.61198,11.64698,7.33465,8.75341,9.04725,23.47793,22.42837,13.63559,23.37444,15.22836,13.87503,16.30581,17.69762,14.78191,19.01822,21.57575,19.64670,4.05237,7.35801,11.30081,8.34093,25.68926,16.47573,12.02225,10.74948,21.43917,20.61922
21.65243,16.12893,19.89412,22.85234,8.62910,18.49655,4.64313,20.31791,26.28516,21.28616,7.68551,25.06221,19.31949,24.69507,21.32994,13.25663,28.10179,23.84565,25.72959,24.57705,22.20461,8.30970,14.38414,6.18654,5.72059,25.64347,23.46858,22.68101,6.88280,11.90218,14.90354,23.80688,21.82496,5.27866,8.19938,11.74696,23.56443,28.35105,2.78868,2.98441,7.28417,5.03167,5.20324,8.31672,10.88605,25.03882,15.01809,13.84579,21.34833,25.04665,16.14211,8.97587,17.20337,27.51445,0.00000,24.43228,12.51072,19.05162,20.18106,21.11663,7.56064,23.42300,21.21120,14.48079,14.07335,16.55067,20.39498,18.44733,19.17186,30.46263,21.74173,29.35083,25.68269,25.05390,22.20587,18.22600,21.31861,23.93696,18.79343,12.80127,11.67082,23.09863,16.52960,15.82891,24.09185,21.38904,24.32539,16.18532,18.40448,16.31266,14.02551,24.38509,22.05515,16.32643,20.03467,2.89636,21.10914,16.18899,17.31588,6.80970,21.65243
18.65734,18.41011,8.35710,10.03325,19.51101,5.99130,23.25146,18.68629,8.66263,5.11528,17.89553,12.44820,13.13630,13.43023,15.43847,11.89422,4.69559,19.37783,2.19927,6.68145,12.45880,21.80790,17.25628,26.62039,27.68921,7.65419,2.27192,3.20017,20.03837,22.53832,12.36487,9.66822,5.66428,21.83612,19.98116,13.90772,2.75295,4.11192,22.03497,24.06503,22.65769,25.03501,26.63317,17.89659,14.43092,0.63633,9.84530,22.39285,12.19128,0.68845,20.05612,15.47627,7.40378,3.09006,24.43228,0.00000,12.17123,10.93427,5.96685,18.59362,19.46006,17.71379,14.69382,13.54495,19.86288,10.00417,14.12752,21.92534,17.50201,6.27998,21.78035,5.52368,1.35351,6.76205,11.83075,9.20563,4.98471,7.34154,6.01253,20.68812,19.56509,12.03526,20.84843,12.71645,12.47595,14.38066,16.20873,12.29008,17.00333,19.04130,16.89828,2.21912,5.39696,8.27623,5.72520,22.63965,14.50634,9.14916,7.73328,18.41678,18.65734
14.34462,14.01800,7.90516,11.38171,7.85464,6.18388,11.10530,13.46484,14.22013,8.79585,5.77028,14.12094,9.44293,14.15933,12.34146,4.76013,15.60024,16.22321,13.74951,12.28949,11.66822,10.16527,11.90765,14.52625,15.53261,13.45151,10.99750,11.03076,9.87314,11.95793,7.87158,12.16499,9.40249,9.70634,10.53407,2.51239,11.84977,15.93695,10.42146,11.89982,10.80532,12.90353,14.48054,8.10225,5.41853,12.74576,2.51125,12.59810,10.79811,12.73827,11.83667,4.08401,4.78095,15.25551,12.51072,12.17123,0.00000,11.05076,9.27121,13.94498,7.50998,15.06929,11.86326,5.12216,10.55824,7.56247,10.90147,14.47972,11.94154,18.01329,16.25915,16.86365,13.34541,12.76068,11.41732,8.99342,10.15851,11.77124,6.31718,10.66290,9.10206,12.28491,12.65672,9.21956,13.30440,11.85041,15.01224,9.21222,14.56790,11.15429,7.91583,11.90576,11.15615,4.97716,8.94090,11.20397,11.68526,6.06302,4.80623,7.63969,14.34462
24.23865,7.68877,14.54847,17.94218,18.31063,8.99893,20.03059,23.65424,18.49605,12.52482,15.56141,20.92135,18.55356,21.52358,21.53846,6.74922,15.60773,25.74628,10.60045,16.18362,19.56807,20.45334,7.06977,23.48039,23.95618,17.44302,11.93961,7.75164,12.70239,22.83539,4.17660,18.15000,13.56069,18.90918,11.95250,13.55366,8.39942,14.65274,16.26909,20.02927,20.73993,21.77010,23.03172,10.82081,8.40563,11.48577,10.71195,23.62354,18.89484,11.57804,22.78665,11.28955,9.53980,13.03266,19.05162,10.93427,11.05076,0.00000,5.13219,23.94701,17.57580,24.28860,20.87782,15.70048,21.60423,3.49062,19.99298,25.35256,22.15746,16.65604,26.68264,16.26331,12.17022,16.48076,19.05840,2.40429,5.95488,16.36798,10.13889,21.68650,20.08884,19.67989,23.62009,3.28258,20.50522,20.71271,23.51688,2.88269,6.06930,22.02235,18.87784,12.59555,5.68031,6.89665,5.52081,16.43738,20.67391,5.15818,10.73974,12.24580,24.23865
20.35659,12.44811,10.08351,13.19727,17.12390,4.69173,19.96756,19.97695,13.40838,7.62266,14.83331,16.11048,14.54989,16.81560,17.41291,6.95209,10.65992,21.62653,6.16497,11.11070,15.07824,19.42827,11.31240,23.46480,24.26836,12.35198,6.80768,2.97033,14.88598,21.08589,6.58012,13.28336,8.64129,18.65032,14.59336,11.63884,3.80547,9.92529,17.55331,20.41408,20.01126,21.77977,23.25305,12.75846,9.45634,6.56273,7.82536,21.46981,14.49996,6.64128,19.95901,11.35329,5.78345,8.47263,20.18106,5.96685,9.27121,5.13219,0.00000,20.13839,16.70869,20.07406,16.70608,12.78123,19.16031,4.22924,15.89616,22.30955,18.55305,12.03679,23.09723,11.45088,7.27586,11.38799,14.52048,3.23918,1.19770,11.36264,5.72635,19.57693,18.13859,15.04789,20.80008,6.78066,15.79383,16.48900,19.06144,6.34408,11.15882,19.06668,16.21960,7.47930,1.92226,4.30100,0.48416,17.99512,16.50130,3.99708,6.87883,13.63695,20.35659
0.54150,27.96278,10.39937,9.03792,12.49015,15.44697,16.91777,0.84848,12.61674,13.57906,14.20274,8.34791,5.62355,7.21679,3.26723,18.59738,18.46959,2.73003,20.79261,12.96463,6.48790,13.23831,25.84840,18.44465,20.08482,12.91677,16.33408,19.93984,22.35710,10.61563,21.59959,9.85923,12.92948,15.89792,23.45165,12.09823,20.31227,19.99745,20.64481,18.65113,14.48307,17.81041,19.24013,21.19367,19.24710,18.77174,13.32850,8.92014,6.48943,18.67762,5.49506,16.89717,14.51675,20.62060,21.11663,18.59362,13.94498,23.94701,20.13839,0.00000,13.61404,2.80478,3.98145,8.83926,7.34137,20.63498,4.46696,4.93553,2.08386,21.10855,3.20934,19.69550,18.87657,13.22450,7.08760,21.57559,20.34122,12.00336,14.43957,8.82918,9.52938,7.31180,5.60171,22.89031,7.55545,4.33792,4.69319,22.78892,28.38016,4.94415,7.27061,16.69420,21.43147,17.05108,19.65979,21.63879,4.14740,18.85146,13.33811,20.01823,0.54150
14.14492,17.89620,13.30552,15.81159,1.25052,13.55742,4.09916,12.83418,19.52114,15.37133,2.01842,17.76466,11.92669,17.30172,13.78658,10.83183,22.37107,16.33604,21.17145,18.09844,14.86412,2.88366,15.74618,7.20342,8.44057,19.01899,18.00184,18.53512,9.82562,5.95774,13.64922,16.82249,15.67455,2.70417,11.19285,5.56418,19.34475,22.98273,7.14696,5.50775,3.30316,5.72815,7.38335,9.51777,9.57857,19.99770,9.62439,7.50066,14.03589,19.97546,8.93569,6.44045,12.09424,22.50403,7.56064,19.46006,7.50998,17.57580,16.70869,13.61404,0.00000,15.86663,13.69690,7.34586,6.89399,14.27561,12.91127,11.48172,11.63535,24.95483,14.52719,23.69607,20.54193,18.56936,14.93243,15.90539,17.64510,17.33385,13.45711,5.91721,4.44232,15.80804,9.46649,14.94340,16.77087,13.89221,16.77947,15.11963,19.38250,8.93557,6.46518,18.86108,18.61570,12.41281,16.40612,8.13622,13.60413,13.14531,11.76078,7.82476,14.14492
2.34249,28.96306,10.01287,7.73041,14.81294,15.45053,19.38063,3.62310,10.77428,12.95051,16.21673,6.24550,5.79737,5.04943,2.78164,19.50623,16.93088,1.67239,19.88697,11.55235,5.25636,15.77507,26.91065,21.09409,22.72415,11.25568,15.44501,19.46278,24.08617,13.34231,22.36960,8.33571,12.14611,18.28309,25.08449,13.56281,19.71971,18.57771,22.73543,21.08362,17.03128,20.37648,21.85003,22.74732,20.47888,17.80146,14.00659,11.69764,5.63568,17.69763,8.23603,18.42088,14.74884,19.40427,23.42300,17.71379,15.06929,24.28860,20.07406,2.80478,15.86663,0.00000,3.41108,10.16940,9.97634,21.13777,4.31926,7.68209,4.31382,19.46011,5.20722,18.07492,17.80352,11.72998,5.88330,21.88661,20.11138,10.65135,14.36052,11.48234,12.01744,5.76883,8.39484,23.60006,5.66487,3.59043,2.10034,23.44646,29.13001,7.58201,9.40561,15.66079,21.16329,17.47029,19.58993,23.72292,3.61475,19.33900,13.54887,21.72619,2.34249
3.97687,25.64363,6.69652,5.06780,12.78859,12.06120,17.51269,4.28407,8.79013,9.76252,13.71090,4.91868,2.44119,4.01198,0.74501,16.18310,14.50201,4.92046,16.88903,8.99104,2.54684,14.15405,23.61612,19.67554,21.25047,9.00213,12.42517,16.22611,21.19196,12.40970,19.00188,5.93162,9.04318,16.28343,22.10735,10.59245,16.53735,16.01707,20.22467,19.12672,15.40541,18.72956,20.29975,19.72723,17.28104,14.84493,10.64652,11.12842,2.51958,14.74799,7.70481,15.41687,11.33818,16.64828,21.21120,14.69382,11.86326,20.87782,16.70608,3.98145,13.69690,3.41108,0.00000,7.20678,8.89619,17.73261,0.96191,8.31470,3.66487,17.15753,7.18843,15.74087,14.92524,9.26259,3.12265,18.47610,16.78578,8.02598,10.98291,10.35878,10.42927,3.47084,8.18732,20.21852,3.96798,0.37905,3.22613,20.05663,25.74925,6.76311,7.37010,12.74718,17.85165,14.06227,16.22231,21.19431,0.20507,15.93411,10.13817,18.83276,3.97687
9.25437,19.13423,6.16351,8.47072,6.83067,8.40695,11.43572,8.34335,12.19950,8.77024,6.80215,10.58495,4.98189,10.27749,7.55539,9.84105,15.62326,11.20082,15.55911,10.91330,7.75548,8.86931,17.01189,14.28155,15.66961,11.74853,11.68136,13.59112,13.98917,9.00391,12.91161,9.47700,8.81711,10.04973,14.93438,3.40162,14.23582,16.51571,13.18402,12.82194,9.95779,12.97448,14.63048,12.58132,10.41582,13.97670,5.06118,8.91593,6.88626,13.92584,7.19570,8.25582,7.05678,16.37681,14.48079,13.54495,5.12216,15.70048,12.78123,8.83926,7.34586,10.16940,7.20678,0.00000,6.46205,12.24949,6.27831,9.66824,6.82106,18.31543,11.16335,16.97318,14.39060,11.37366,7.72745,13.44075,13.34326,10.09075,7.79363,7.15132,6.05703,8.62249,8.03794,14.23821,9.62367,7.28472,10.43264,14.18544,19.65839,6.35402,3.47286,12.43210,14.44496,8.94456,12.34845,14.13039,7.05763,10.54491,6.14792,11.62870,9.25437
7.88106,23.71689,11.88385,12.81651,5.65577,14.86702,9.68031,6.49822,16.85639,14.89683,8.10675,13.72416,8.20264,12.90269,8.66303,15.17424,21.40696,10.03042,21.93349,16.19733,10.93554,5.94152,21.53210,11.11959,12.75372,16.71385,17.87431,20.05224,16.52247,3.51358,18.28970,13.86804,14.73231,8.79516,17.80949,8.07727,20.68856,22.51620,14.02873,11.43987,7.16813,10.47714,11.89928,15.84892,14.88409,20.25224,11.34389,2.56363,10.33622,20.19152,2.07097,11.94054,13.49845,22.57210,14.07335,19.86288,10.55824,21.60423,19.16031,7.34137,6.89399,9.97634,8.89619,6.46205,0.00000,18.11381,8.45580,4.61066,5.71536,24.14522,7.68275,22.75073,20.60675,16.60557,11.27023,19.48408,19.77617,15.25472,14.24258,1.50965,2.45649,11.97687,2.58166,19.64918,12.72449,9.21373,11.40944,19.69213,24.75146,2.40112,2.99452,18.54697,20.87167,15.13834,18.74226,15.01267,8.89362,16.54213,12.60984,14.34017,7.88106
20.94939,8.81688,11.68515,15.24813,14.94453,6.32872,16.99774,20.30492,16.38809,10.17779,12.27740,18.25728,15.35565,18.74189,18.36524,3.50511,14.63139,22.54204,10.39298,14.06913,16.62749,17.13507,7.35252,20.48797,21.09721,15.36606,10.35604,7.18554,10.80832,19.39603,2.36740,15.59691,11.19849,15.79814,10.41482,10.06846,8.03350,14.06221,13.82780,17.17521,17.49833,18.77680,20.12972,8.72045,5.66465,10.62690,7.32279,20.14589,15.89840,10.69181,19.30526,8.18303,6.50015,12.67443,16.55067,10.00417,7.56247,3.49062,4.22924,20.63498,14.27561,21.13777,17.73261,12.24949,18.11381,0.00000,16.82073,21.88426,18.79626,16.20089,23.29844,15.52783,11.34891,14.42948,16.16058,1.69818,5.41577,14.07899,7.44059,18.20897,16.62040,16.85065,20.13726,2.89107,17.73894,17.59548,20.51170,2.55607,8.18620,18.55193,15.39293,11.16415,5.81709,3.68032,4.33449,14.15968,17.53108,1.79882,7.67293,9.81089,20.94939
4.56393,24.69046,5.97213,4.84541,12.04279,11.23028,16.78278,4.60443,8.75538,9.11926,12.85027,5.27037,1.48743,4.52292,1.54617,15.22972,14.21631,5.76008,16.32667,8.70622,2.53790,13.50105,22.65915,19.04688,20.60314,8.85417,11.87003,15.52419,20.25419,11.95544,18.06143,5.80308,8.46324,15.52696,21.15940,9.65348,15.87031,15.66598,19.35010,18.37112,14.74380,18.04830,19.63671,18.77559,16.31917,14.31207,9.70181,10.79260,2.17691,14.21917,7.45901,14.46873,10.45792,16.20649,20.39498,14.12752,10.90147,19.99298,15.89616,4.46696,12.91127,4.31926,0.96191,6.27831,8.45580,16.82073,0.00000,8.38357,3.67753,16.90728,7.65647,15.48608,14.43217,9.01659,2.99276,17.59394,16.01590,7.72815,10.16992,9.87876,9.81872,3.56651,8.02066,19.28487,4.26869,1.01074,4.16267,19.12833,24.81539,6.46644,6.68205,12.24789,17.09189,13.15673,15.41328,20.31524,0.78812,15.02191,9.25848,17.89634,4.56393
5.34432,28.08827,13.57577,13.22887,10.23519,17.73528,13.90490,4.24079,17.09222,16.81048,12.70619,13.09575,8.93170,12.02291,7.74665,19.22182,22.54793,7.01539,24.09777,17.05945,10.82808,10.15159,25.90888,14.68807,16.33414,17.23605,19.75081,22.70782,21.12770,6.79512,22.34414,14.17654,16.37688,13.19228,22.40361,12.13487,23.22491,23.92212,18.58849,15.67346,11.27554,14.39772,15.62262,20.40126,19.21661,22.20833,14.72211,4.83374,10.55942,22.12848,2.72467,16.38586,16.52640,24.30449,18.44733,21.92534,14.47972,25.35256,22.30955,4.93553,11.48172,7.68209,8.31470,9.66824,4.61066,21.88426,8.38357,0.00000,4.70682,25.25891,3.53258,23.83722,22.43264,17.38684,11.35095,23.10818,22.74854,16.07924,16.90725,5.66480,7.04145,11.78486,2.03164,23.69634,12.21853,8.69328,9.62872,23.69104,28.96164,3.33357,6.57941,20.26673,23.85918,18.60839,21.85696,19.56539,8.41747,20.20384,15.46795,18.92834,5.34432
2.57298,25.95515,9.16390,8.52289,10.54536,13.87261,15.07293,1.52561,12.39847,12.40495,12.14819,8.55449,4.36924,7.56447,3.19490,16.63216,17.87103,4.72967,19.69473,12.36982,6.13602,11.46191,23.82977,16.80972,18.43306,12.52925,15.28016,18.58084,20.27477,9.16182,19.66559,9.47105,11.87351,13.99531,21.36783,10.03435,19.01879,19.28360,18.61550,16.78339,12.71872,16.06501,17.54771,19.11230,17.20487,17.73955,11.47356,7.67213,5.85418,17.65330,4.17822,14.81968,12.84099,19.74378,19.17186,17.50201,11.94154,22.15746,18.55305,2.08386,11.63535,4.31382,3.66487,6.82106,5.71536,18.79626,3.67753,4.70682,0.00000,20.57221,4.55135,19.15054,17.91516,12.68895,6.64725,19.80869,18.84022,11.39013,12.92309,7.22489,7.70377,7.11401,4.56532,20.97136,7.62575,4.03815,5.71129,20.88724,26.43696,3.36337,5.22797,15.73483,19.94291,15.26661,18.08084,19.60839,3.74613,17.02763,11.68950,17.93488,2.57298
21.01409,24.30981,12.28853,12.09450,24.82443,11.98195,28.90645,21.43642,8.71742,9.61525,23.57555,13.30185,16.38128,14.48792,17.84668,18.16589,2.74094,21.09474,6.05709,8.20245,14.62303,27.04433,23.32963,32.15796,33.34196,8.22017,7.01802,9.07822,26.30425,27.20163,18.56828,11.25166,9.50423,27.47343,26.26110,19.41526,8.31061,2.16948,28.15597,29.86897,28.01281,30.64637,32.28033,24.16511,20.69420,5.64366,15.55438,26.70719,14.73680,5.60111,23.88534,21.57388,13.26301,3.62348,30.46263,6.27998,18.01329,16.65604,12.03679,21.10855,24.95483,19.46011,17.15753,18.31543,24.14522,16.20089,16.90728,25.25891,20.57221,0.00000,24.28097,1.42175,4.93291,7.89850,14.03488,15.23879,10.92353,9.18208,11.69612,25.20584,24.33564,13.82408,24.59371,18.81194,13.79526,16.78828,17.54763,18.36953,22.63380,22.84052,21.34612,6.12081,10.98111,14.51543,11.87132,28.80085,17.01238,15.42581,13.28419,24.63214,21.01409
3.26806,30.20313,13.53424,12.23348,13.30788,18.41218,17.27320,3.13941,15.72345,16.74055,15.50340,11.32741,8.72015,10.15302,6.46673,21.00129,21.65745,4.01538,23.97961,16.16012,9.67610,13.50827,28.05043,18.20560,19.85362,16.07258,19.52570,23.04165,23.88705,10.28784,24.07409,13.02991,16.11671,16.46400,25.08773,14.15435,23.44250,23.19958,21.67412,19.04253,14.67597,17.86245,19.12522,22.95188,21.36669,21.96848,15.97985,8.34794,9.69875,21.87540,5.61279,18.76153,17.39231,23.82981,21.74173,21.78035,16.25915,26.68264,23.09723,3.20934,14.52719,5.20722,7.18843,11.16335,7.68275,23.29844,7.65647,3.53258,4.55135,24.28097,0.00000,22.87163,22.08131,16.41056,10.28314,24.34396,23.36302,15.20280,17.44591,8.95815,10.12697,10.46077,5.23410,25.39681,10.61369,7.54099,7.30679,25.33290,30.81918,5.65499,8.77921,19.89813,24.46215,19.79960,22.62366,22.66315,7.35630,21.54095,16.23922,21.60914,3.26806
19.60564,23.84942,10.91160,10.67624,23.53348,10.93132,27.67484,20.01841,7.36255,8.32826,22.36109,11.94350,14.96207,13.12369,16.43223,17.28238,1.35138,19.71532,5.79350,6.78086,13.20866,25.73708,22.76097,30.89567,32.10363,6.82369,5.88595,8.55071,25.39096,25.82947,17.88823,9.84176,8.15607,26.24014,25.41082,18.17590,7.86397,1.67471,27.09534,28.67532,26.72267,29.40198,31.04197,23.26114,19.78462,4.90319,14.38201,25.31152,13.31613,4.83610,22.47187,20.51363,12.15269,3.44032,29.35083,5.52368,16.86365,16.26331,11.45088,19.69550,23.69607,18.07492,15.74087,16.97318,22.75073,15.52783,15.48608,23.83722,19.15054,1.42175,22.87163,0.00000,4.18267,6.47977,12.61833,14.68547,10.39683,7.76041,10.55772,23.82507,22.97745,12.41868,23.17753,18.22388,12.41101,15.37228,16.18015,17.79224,22.30081,21.42703,19.96696,4.96638,10.59292,13.59067,11.23633,27.76586,15.59472,14.62738,12.09494,23.64963,19.60564
18.90210,19.70043,8.87917,10.07371,20.53996,7.19638,24.38634,19.02808,8.16788,5.71630,19.03019,12.25348,13.55010,13.30186,15.66497,13.23407,3.44217,19.47529,2.35253,6.42926,12.58088,22.81992,18.58127,27.72499,28.82778,7.22367,2.73283,4.41999,21.37500,23.39402,13.71162,9.57563,6.05615,22.96402,21.32950,14.97855,3.82638,2.76349,23.31455,25.24502,23.70500,26.15913,27.76921,19.23467,15.76576,0.72226,10.96500,23.15493,12.40604,0.66860,20.68115,16.74415,8.56458,1.98941,25.68269,1.35351,13.34541,12.17022,7.27586,18.87657,20.54193,17.80352,14.92524,14.39060,20.60675,11.34891,14.43217,22.43264,17.91516,4.93291,22.08131,4.18267,0.00000,6.41427,11.95091,10.51385,6.24924,7.21687,7.09240,21.49857,20.44068,12.05536,21.45554,14.04303,12.39107,14.59394,16.18647,13.61296,18.23253,19.65312,17.67276,2.18457,6.55273,9.59698,7.05399,23.93355,14.74605,10.50151,8.78186,19.73020,18.90210
13.14943,23.24612,5.26388,4.19653,18.18360,8.27101,22.65939,13.53869,2.02159,4.37008,17.56994,5.87132,8.58485,6.96842,9.95853,14.84601,5.24694,13.39280,8.71338,0.47698,6.73684,20.23794,21.67368,25.63998,26.98839,0.96414,4.79860,9.46641,22.35383,19.84967,16.53350,3.40338,3.47393,21.23725,22.72516,13.35379,9.34342,6.84788,23.15308,23.88691,21.33009,24.27940,25.93832,20.35689,17.02088,6.62339,10.31264,19.14242,6.84237,6.50575,16.14382,16.79827,8.82957,7.76693,25.05390,6.76205,12.76068,16.48076,11.38799,13.22450,18.56936,11.72998,9.26259,11.37366,16.60557,14.42948,9.01659,17.38684,12.68895,7.89850,16.41056,6.47977,6.41427,0.00000,6.14078,14.29643,10.83613,1.35125,7.32620,17.79027,17.13281,5.99150,16.81669,17.31959,6.12578,8.89526,9.95074,16.97688,22.37882,15.10201,13.98276,4.54369,11.61711,11.29853,10.96980,23.95892,9.11524,12.94682,8.16854,20.27513,13.14943
7.03420,24.52856,4.51003,1.95057,14.21679,10.06491,18.95073,7.40399,5.76266,7.13882,14.52960,2.85766,3.14455,2.74613,3.82038,15.18112,11.38305,7.54750,14.00640,5.87753,0.63021,15.91121,22.61535,21.47232,22.97607,5.89585,9.56171,13.65813,21.20074,14.72466,17.72810,2.82764,6.28574,17.61937,21.94267,10.79637,13.87287,12.91846,20.85795,20.44018,17.12101,20.34856,21.97515,19.51396,16.68542,11.92631,9.63995,13.68553,0.94464,11.82384,10.41956,15.33979,9.66174,13.61198,22.20587,11.83075,11.41732,19.05840,14.52048,7.08760,14.93243,5.88330,3.12265,7.72745,11.27023,16.16058,2.99276,11.35095,6.64725,14.03488,10.28314,12.61833,11.95091,6.14078,0.00000,16.66374,14.43523,4.92049,8.92997,12.63255,12.36666,0.89937,11.00408,18.84081,1.92063,2.75448,4.55277,18.61851,24.32634,9.40942,9.13988,9.79342,15.45332,12.50127,14.03902,21.78512,2.98039,14.39349,8.50704,18.88726,7.03420
21.85977,9.21920,12.15384,15.57797,16.53729,6.61407,18.68758,21.29832,16.29835,10.22791,13.91755,18.56706,16.15844,19.14707,19.13901,5.19238,13.89723,23.34932,9.27922,13.97590,17.16948,18.75224,8.09111,22.18016,22.79524,15.25300,9.91119,6.16189,12.35492,20.91383,3.65419,15.81716,11.26454,17.47861,11.86383,11.50500,6.94364,13.14535,15.49201,18.87339,19.14631,20.46946,21.82696,10.30229,7.34402,9.80163,8.40767,21.58881,16.49220,9.88046,20.58070,9.87308,7.13798,11.64698,18.22600,9.20563,8.99342,2.40429,3.23918,21.57559,15.90539,21.88661,18.47610,13.44075,19.48408,1.69818,17.59394,23.10818,19.80869,15.23879,24.34396,14.68547,10.51385,14.29643,16.66374,0.00000,4.31537,14.10385,7.75532,19.65482,18.09267,17.29441,21.41863,3.58608,18.13053,18.30942,21.11474,3.13580,8.08402,19.78629,16.69263,10.64035,4.46386,4.54486,3.51218,15.79901,18.27208,2.94239,8.33802,11.46440,21.85977
20.53024,13.45467,10.10001,12.99332,18.00703,5.01362,20.99257,20.22859,12.85480,7.37306,15.80489,15.83567,14.72286,16.60850,17.50733,8.11665,9.67218,21.69694,4.99289,10.59804,15.01490,20.32222,12.40611,24.48233,25.32122,11.79757,6.11668,1.85002,16.08072,21.84057,7.75600,12.98488,8.35261,19.65775,15.79074,12.45353,2.63888,8.83686,18.70797,21.48662,20.94754,22.80614,24.29882,13.95142,10.63446,5.55084,8.51309,22.13749,14.49273,5.63860,20.47205,12.44980,6.28673,7.33465,21.31861,4.98471,10.15851,5.95488,1.19770,20.34122,17.64510,20.11138,16.78578,13.34326,19.77617,5.41577,16.01590,22.74854,18.84022,10.92353,23.36302,10.39683,6.24924,10.83613,14.43523,4.31537,0.00000,10.94360,5.91773,20.26621,18.87218,14.90198,21.30964,7.89381,15.59128,16.54695,18.98800,7.44829,12.02371,19.55113,16.80774,6.69345,1.11065,5.24979,1.28790,19.16382,16.58234,5.15811,7.28351,14.80955,20.53024
11.95416,22.86829,4.05716,2.97239,16.91434,7.79007,21.42991,12.28387,2.47705,3.90243,16.39624,5.10837,7.24525,6.10116,8.73720,14.19111,6.48965,12.32249,9.42167,0.98022,5.53449,18.94321,21.21089,24.36968,25.73580,1.70667,5.18054,9.74782,21.48680,18.50533,16.08368,2.35877,2.88265,20.01347,21.92556,12.20340,9.74613,7.99804,22.10737,22.69047,20.04782,23.03025,24.68904,19.53190,16.26068,7.31035,9.38075,17.79117,5.56406,7.19828,14.79994,15.84063,8.14169,8.75341,23.93696,7.34154,11.77124,16.36798,11.36264,12.00336,17.33385,10.65135,8.02598,10.09075,15.25472,14.07899,7.72815,16.07924,11.39013,9.18208,15.20280,7.76041,7.21687,1.35125,4.92049,14.10385,10.94360,0.00000,6.75257,16.44344,15.80163,4.88252,15.47799,16.95284,5.17493,7.66555,8.97350,16.63505,22.15126,13.75744,12.64194,5.15899,11.81277,10.76752,10.91803,22.93462,7.87000,12.50556,7.34884,19.35603,11.95416
14.64388,16.15835,4.42757,7.83903,13.49977,1.14132,17.29736,14.31264,9.16483,2.95842,11.94296,10.84133,8.83369,11.39256,11.68731,7.52347,9.31429,15.90296,7.85924,6.90844,9.45573,15.80027,14.46271,20.63363,21.73926,8.20002,4.68136,5.83661,15.23555,16.68401,9.34539,8.15634,3.89441,15.87328,15.49510,7.89847,6.44613,9.62729,16.57345,18.19122,16.64539,19.06732,20.67999,13.17528,9.76794,6.54086,3.87949,16.70927,8.82585,6.51844,14.73249,10.00950,1.62775,9.04725,18.79343,6.01253,6.31718,10.13889,5.72635,14.43957,13.45711,14.36052,10.98291,7.79363,14.24258,7.44059,10.16992,16.90725,12.92309,11.69612,17.44591,10.55772,7.09240,7.32620,8.92997,7.75532,5.91773,6.75257,0.00000,14.92165,13.69387,9.54107,15.56033,10.27144,10.37713,10.77184,13.42750,9.98223,15.61134,13.77474,11.24808,5.59339,7.01987,4.01502,5.24337,17.27877,10.77801,5.78636,1.72980,13.29797,14.64388
9.36721,23.30308,12.91742,14.10919,4.66895,15.45548,8.31771,7.98325,18.14092,15.81964,7.39616,15.14845,9.52550,14.35575,10.14953,15.10796,22.47605,11.50181,22.71041,17.36895,12.32639,4.55412,21.12115,9.61884,11.25649,17.94849,18.77424,20.66879,15.71075,2.09308,18.18859,15.16622,15.73342,7.53383,17.04692,8.15054,21.34494,23.51214,12.95158,10.08613,5.74758,9.02139,10.41503,15.20981,14.56496,21.10756,11.76105,1.93705,11.69197,21.05317,3.43060,11.51680,14.04015,23.47793,12.80127,20.68812,10.66290,21.68650,19.57693,8.82918,5.91721,11.48234,10.35878,7.15132,1.50965,18.20897,9.87876,5.66480,7.22489,25.20584,8.95815,23.82507,21.49857,17.79027,12.63255,19.65482,20.26621,16.44344,14.92165,0.00000,1.66932,13.36638,3.73036,19.54355,14.14316,10.66779,12.91587,19.62173,24.48844,3.90167,3.86049,19.48616,21.34635,15.43982,19.17851,13.92182,10.34789,16.71879,13.24037,13.61473,9.36721
10.07027,21.63631,12.08386,13.67441,3.20036,14.15085,7.38887,8.70734,17.65859,14.82498,5.77339,15.02754,9.22212,14.34163,10.33770,13.47576,21.62609,12.25428,21.53448,16.69332,12.13675,3.76944,19.45392,9.24683,10.83119,17.37437,17.73665,19.36376,14.14444,2.99233,16.54505,14.73261,14.83180,6.40444,15.45913,6.59675,20.06915,22.56540,11.57232,9.12355,5.02930,8.37796,9.90170,13.57753,12.89654,20.01309,10.36064,3.56976,11.42295,19.96537,4.51621,9.84829,12.70909,22.42837,11.67082,19.56509,9.10206,20.08884,18.13859,9.52938,4.44232,12.01744,10.42927,6.05703,2.45649,16.62040,9.81872,7.04145,7.70377,24.33564,10.12697,22.97745,20.44068,17.13281,12.36666,18.09267,18.87218,15.80163,13.69387,1.66932,0.00000,13.16104,5.02417,17.89807,14.01339,10.69976,13.23949,17.98357,22.82123,4.64793,3.23468,18.48865,19.93952,13.94970,17.75325,12.55618,10.38572,15.16509,11.98461,12.00911,10.07027
7.19276,25.28839,5.16610,2.00246,15.07642,10.68154,19.81536,7.71748,5.32738,7.54624,15.42450,1.96376,3.95646,1.92082,4.08869,15.97679,11.22739,7.44012,14.18415,5.79066,1.04134,16.73874,23.39599,22.30141,23.81511,5.61186,9.78302,14.03250,22.08435,15.45464,18.47295,2.58843,6.62934,18.49085,22.81523,11.69439,14.19547,12.83324,21.75727,21.31551,17.95544,21.19737,22.81920,20.38516,17.52735,12.08429,10.45851,14.35052,1.77539,11.97749,11.02372,16.22373,10.36398,13.63559,23.09863,12.03526,12.28491,19.67989,15.04789,7.31180,15.80804,5.76883,3.47084,8.62249,11.97687,16.85065,3.56651,11.78486,7.11401,13.82408,10.46077,12.41868,12.05536,5.99150,0.89937,17.29441,14.90198,4.88252,9.54107,13.36638,13.16104,0.00000,11.56946,19.56344,1.02595,3.09195,4.18009,19.32968,25.02946,10.03287,9.94493,9.93316,15.89602,13.20935,14.56957,22.68447,3.37037,15.09700,9.23026,19.77459,7.19276
6.10725,26.12912,12.58153,12.76953,8.22318,16.31479,12.03992,4.77179,16.75650,15.76161,10.67492,13.10179,8.23274,12.12882,7.75899,17.36887,21.85884,8.10243,22.98839,16.45168,10.55438,8.27505,23.94699,13.08445,14.73489,16.77648,18.73841,21.39433,19.09608,5.15247,20.49378,13.77647,15.43414,11.25764,20.37352,10.25600,21.96115,23.12734,16.58864,13.80951,9.44338,12.65376,13.96258,18.38134,17.26543,21.17642,13.09123,3.33595,10.13094,21.10407,0.84224,14.39595,15.03737,23.37444,16.52960,20.84843,12.65672,23.62009,20.80008,5.60171,9.46649,8.39484,8.18732,8.03794,2.58166,20.13726,8.02066,2.03164,4.56532,24.59371,5.23410,23.17753,21.45554,16.81669,11.00408,21.41863,21.30964,15.47799,15.56033,3.73036,5.02417,11.56946,0.00000,21.85037,12.15428,8.55046,10.12455,21.86271,27.06062,1.80730,4.74701,19.32208,22.41779,16.96376,20.35944,17.56915,8.24397,18.49318,14.03579,16.89930,6.10725
23.23961,5.92658,14.41345,18.02548,15.79660,9.17887,17.06570,22.49448,19.27462,13.05483,12.92940,21.03403,17.80283,21.46942,20.81851,4.48216,17.38809,24.93932,12.86529,16.95718,19.28006,17.82395,4.54012,20.46645,20.85652,18.25481,13.21071,9.73416,9.41984,20.48703,1.35949,18.41691,14.07054,16.02232,8.69187,11.59970,10.52731,16.70591,13.04132,16.94313,17.98925,18.76466,19.95995,7.55774,5.44685,13.32527,9.60786,21.46703,18.51877,13.39861,21.03844,8.51938,9.20549,15.22836,15.82891,12.71645,9.21956,3.28258,6.78066,22.89031,14.94340,23.60006,20.21852,14.23821,19.64918,2.89107,19.28487,23.69634,20.97136,18.81194,25.39681,18.22388,14.04303,17.31959,18.84081,3.58608,7.89381,16.95284,10.27144,19.54355,17.89807,19.56344,21.85037,0.00000,20.47713,20.10897,23.10253,0.46292,5.53073,20.37335,17.12358,13.99909,8.02351,6.36160,6.99129,13.17681,20.02057,4.49598,10.33566,9.04288,23.23961
7.36554,26.23049,6.06370,2.59952,16.01495,11.51827,20.75936,8.05338,5.12621,8.21823,16.42361,1.01433,4.86816,1.02209,4.47303,16.95008,11.27951,7.30609,14.58655,6.00077,1.90989,17.63077,24.35529,23.19244,24.71971,5.59683,10.25616,14.63511,23.10936,16.22275,19.40557,2.81765,7.25466,19.44607,23.83626,12.71675,14.74623,12.95547,22.77226,22.27629,18.85617,22.11707,23.73138,21.40568,18.53193,12.47638,11.45078,15.04212,2.74410,12.36567,11.65560,17.24889,11.27171,13.87503,24.09185,12.47595,13.30440,20.50522,15.79383,7.55545,16.77087,5.66487,3.96798,9.62367,12.72449,17.73894,4.26869,12.21853,7.62575,13.79526,10.61369,12.41101,12.39107,6.12578,1.92063,18.13053,15.59128,5.17493,10.37713,14.14316,14.01339,1.02595,12.15428,20.47713,0.00000,3.60405,3.82522,20.23388,25.92378,10.69181,10.81702,10.32145,16.55985,14.11680,15.31949,23.70168,3.91318,15.99838,10.15680,20.80034,7.36554
4.31354,25.57200,6.44864,4.70270,13.00468,11.86014,17.73751,4.65807,8.41122,9.47697,13.85670,4.56443,2.40757,3.68914,1.07579,16.11420,14.13689,5.15011,16.57386,8.62819,2.17181,14.41080,23.55710,19.94258,21.51083,8.62709,12.11037,15.95709,21.25356,12.72614,18.90385,5.55711,8.73867,16.49494,22.14910,10.65336,16.25493,15.65981,20.35933,19.33910,15.65918,18.97611,20.55391,19.76027,17.26390,14.52301,10.56074,11.46890,2.19144,14.42511,8.05747,15.45897,11.17420,16.30581,21.38904,14.38066,11.85041,20.71271,16.48900,4.33792,13.89221,3.59043,0.37905,7.28472,9.21373,17.59548,1.01074,8.69328,4.03815,16.78828,7.54099,15.37228,14.59394,8.89526,2.75448,18.30942,16.54695,7.66555,10.77184,10.66779,10.69976,3.09195,8.55046,20.10897,3.60405,0.00000,3.17375,19.93930,25.63885,7.10681,7.60898,12.41838,17.60735,13.91999,16.00496,21.32505,0.32011,15.79810,9.97504,18.89680,4.31354
4.31249,28.64886,9.00167,6.18112,15.81270,14.55239,20.49028,5.43122,8.83252,11.67642,16.89241,4.25436,5.57574,3.06093,2.99599,19.20474,15.07928,3.59237,18.34773,9.82166,3.98320,17.00599,26.65832,22.44722,24.05454,9.39554,13.96101,18.18648,24.41555,14.87270,21.92904,6.61726,10.78964,19.31118,25.32072,13.81507,18.36867,16.77324,23.41639,22.14515,18.26555,21.61154,23.13954,22.93362,20.42026,16.24279,13.63184,13.35088,4.62349,16.13435,9.85250,18.63020,14.02758,17.69762,24.32539,16.20873,15.01224,23.51688,19.06144,4.69319,16.77947,2.10034,3.22613,10.43264,11.40944,20.51170,4.16267,9.62872,5.71129,17.54763,7.30679,16.18015,16.18647,9.95074,4.55277,21.11474,18.98800,8.97350,13.42750,12.91587,13.23949,4.18009,10.12455,23.10253,3.82522,3.17375,0.00000,22.91133,28.62274,9.07466,10.35530,14.08826,20.00454,16.83230,18.57903,24.39036,3.37743,18.72349,12.84175,22.05698,4.31249
23.13006,6.27827,14.17144,17.76515,15.94685,8.87811,17.32991,22.40820,18.94060,12.73382,13.10248,20.77471,17.64969,21.23063,20.66590,4.52039,16.96738,24.80370,12.41406,16.62029,19.06740,18.00269,4.96878,20.74676,21.16432,17.91613,12.82192,9.29131,9.82955,20.60708,1.47043,18.13606,13.75442,16.26387,9.12727,11.62596,10.07925,16.26783,13.39989,17.24506,18.19712,19.04172,20.25820,7.93858,5.68913,12.89629,9.47898,21.54982,18.31621,12.97088,21.04613,8.71716,8.96579,14.78191,16.18532,12.29008,9.21222,2.88269,6.34408,22.78892,15.11963,23.44646,20.05663,14.18544,19.69213,2.55607,19.12833,23.69104,20.88724,18.36953,25.33290,17.79224,13.61296,16.97688,18.61851,3.13580,7.44829,16.63505,9.98223,19.62173,17.98357,19.32968,21.86271,0.46292,20.23388,19.93930,22.91133,0.00000,5.71288,20.36319,17.12679,13.60139,7.56463,6.12036,6.56562,13.55605,19.85757,4.23572,10.11176,9.38727,23.13006
28.73947,2.70438,19.86622,23.43291,20.38777,14.48633,20.72914,27.96218,24.37724,18.25618,17.43721,26.44152,23.33297,26.92501,26.34839,9.81791,21.67245,30.46190,16.58216,22.05348,24.77895,22.19113,4.02041,23.88120,23.94224,23.33409,17.95242,13.81713,11.52178,25.20020,6.78286,23.76233,19.28918,19.92652,10.25208,16.82764,14.44205,20.67398,15.72778,20.20465,22.13339,22.25296,23.18212,10.43288,9.92913,17.55201,15.13209,26.37506,24.02909,17.64522,26.26816,13.03638,14.66740,19.01822,18.40448,17.00333,14.56790,6.06930,11.15882,28.38016,19.38250,29.13001,25.74925,19.65839,24.75146,8.18620,24.81539,28.96164,26.43696,22.63380,30.81918,22.30081,18.23253,22.37882,24.32634,8.08402,12.02371,22.15126,15.61134,24.48844,22.82123,25.02946,27.06062,5.53073,25.92378,25.63885,28.62274,5.71288,0.00000,25.66412,22.38521,18.63800,11.70838,11.82510,11.51406,15.52124,25.55126,9.93373,15.82127,12.23517,28.73947
5.48470,24.85262,10.78254,11.11125,7.74481,14.54781,12.01154,4.10405,15.12796,13.95619,9.84841,11.66833,6.52374,10.76717,6.43880,15.90319,20.10262,7.64558,21.18120,14.72641,9.00080,8.30442,22.67938,13.51920,15.15446,15.09948,16.93422,19.60534,18.23903,5.79911,19.02309,12.13599,13.63832,11.05188,19.45452,8.83963,20.16462,21.34800,16.07054,13.75893,9.54405,12.86687,14.29942,17.35613,15.97925,19.37064,11.41460,4.36737,8.50888,19.29865,1.04484,13.23344,13.29213,21.57575,16.31266,19.04130,11.15429,22.02235,19.06668,4.94415,8.93557,7.58201,6.76311,6.35402,2.40112,18.55193,6.46644,3.33357,3.36337,22.84052,5.65499,21.42703,19.65312,15.10201,9.40942,19.78629,19.55113,13.75744,13.77474,3.90167,4.64793,10.03287,1.80730,20.37335,10.69181,7.10681,9.07466,20.36319,25.66412,0.00000,3.28794,17.52347,20.66056,15.29857,18.62106,17.06300,6.79035,16.87644,12.27027,15.97333,5.48470
7.78523,21.56674,9.05759,10.44529,5.45803,11.87978,10.15073,6.54698,14.44154,11.97807,6.93346,11.83116,5.99621,11.19279,7.37884,12.64577,18.61749,9.95711,18.95457,13.55299,8.92772,6.82404,19.39490,12.38019,13.92467,14.18581,14.94352,17.05928,15.18008,5.87685,15.76953,11.50413,11.87402,8.95595,16.33993,5.55762,17.69404,19.65486,13.38768,11.79070,8.06277,11.36846,12.95479,14.17543,12.69444,17.30007,8.42997,5.49498,8.19739,17.24220,3.92168,9.99086,10.52357,19.64670,14.02551,16.89828,7.91583,18.87784,16.21960,7.27061,6.46518,9.40561,7.37010,3.47286,2.99452,15.39293,6.68205,6.57941,5.22797,21.34612,8.77921,19.96696,17.67276,13.98276,9.13988,16.69263,16.80774,12.64194,11.24808,3.86049,3.23468,9.94493,4.74701,17.12358,10.81702,7.60898,10.35530,17.12679,22.38521,3.28794,0.00000,15.64106,17.90695,12.27248,15.79411,14.38046,7.30357,13.76058,9.61834,12.87114,7.78523
16.72373,19.83897,6.74093,7.93964,18.77386,5.99366,22.79222,16.84351,6.46200,3.66811,17.45656,10.25480,11.37202,11.25951,13.48794,12.49745,3.75691,17.33098,4.26512,4.46624,10.42362,21.02216,18.51338,26.06379,27.23011,5.44322,0.92421,5.10036,20.53767,21.41686,13.46425,7.50522,3.89395,21.36029,20.63460,13.30947,4.85287,4.12830,22.13473,23.74850,21.95696,24.53859,26.16867,18.42344,14.95166,2.15544,9.43626,21.10354,10.22883,2.04614,18.55601,15.55525,7.18657,4.05237,24.38509,2.21912,11.90576,12.59555,7.47930,16.69420,18.86108,15.66079,12.74718,12.43210,18.54697,11.16415,12.24789,20.26673,15.73483,6.12081,19.89813,4.96638,2.18457,4.54369,9.79342,10.64035,6.69345,5.15899,5.59339,19.48616,18.48865,9.93316,19.32208,13.99909,10.32145,12.41838,14.08826,13.60139,18.63800,17.52347,15.64106,0.00000,7.31306,8.77770,7.13933,22.81443,12.56683,10.01669,7.16340,18.73369,16.72373
21.61503,13.33200,11.15872,13.96692,19.01069,6.12424,21.88982,21.32651,13.62442,8.35150,16.74933,16.76924,15.81057,17.57322,18.57631,8.80367,9.99347,22.75719,4.93279,11.40841,16.03983,21.32024,12.45208,25.38702,26.18806,12.57146,6.83614,2.21993,16.60745,22.90180,8.07198,13.91345,9.30659,20.57198,16.22959,13.48834,2.73653,8.97393,19.40589,22.32954,21.91879,23.70199,25.17385,14.49919,11.26999,5.89729,9.58698,23.22318,15.53673,5.99844,21.57990,13.26222,7.38993,7.35801,22.05515,5.39696,11.15615,5.68031,1.92226,21.43147,18.61570,21.16329,17.85165,14.44496,20.87167,5.81709,17.09189,23.85918,19.94291,10.98111,24.46215,10.59292,6.55273,11.61711,15.45332,4.46386,1.11065,11.81277,7.01987,21.34635,19.93952,15.89602,22.41779,8.02351,16.55985,17.60735,20.00454,7.56463,11.70838,20.66056,17.90695,7.31306,0.00000,6.20291,2.21533,19.82091,17.64870,5.86873,8.39381,15.45772,21.61503
17.34670,12.18594,8.05325,11.66783,12.82510,3.03256,15.75319,16.75977,13.17116,6.93522,10.55649,14.67511,11.69914,15.11143,14.70247,3.72085,12.49585,18.89205,9.40683,10.89523,12.95814,15.12762,10.45136,19.23807,20.10305,12.19264,7.87451,6.38104,11.80105,16.86602,5.35173,12.08825,7.90303,14.41088,11.85694,7.38884,7.25494,12.35004,13.83046,16.29953,15.71591,17.56685,19.07390,9.67065,6.19405,8.90631,3.88640,17.35581,12.22141,8.93456,16.12272,7.35998,2.84579,11.30081,16.32643,8.27623,4.97716,6.89665,4.30100,17.05108,12.41281,17.47029,14.06227,8.94456,15.13834,3.68032,13.15673,18.60839,15.26661,14.51543,19.79960,13.59067,9.59698,11.29853,12.50127,4.54486,5.24979,10.76752,4.01502,15.43982,13.94970,13.20935,16.96376,6.36160,14.11680,13.91999,16.83230,6.12036,11.82510,15.29857,12.27248,8.77770,6.20291,0.00000,3.99506,14.39430,13.86012,1.89370,3.99896,10.14225,17.34670
19.87632,12.73053,9.59970,12.72386,16.79539,4.21444,19.71874,19.50184,12.98840,7.15842,14.54975,15.64297,14.06893,16.34140,16.92947,6.85014,10.40357,21.14277,6.08973,10.68425,14.59584,19.10528,11.53108,23.21119,24.04012,11.93324,6.43842,2.86942,14.86276,20.70816,6.70084,12.81974,8.18039,18.38956,14.61727,11.27929,3.74031,9.74091,17.43088,20.20146,19.70927,21.53206,23.01938,12.72685,9.38016,6.33506,7.41936,21.06573,14.01618,6.40750,19.51885,11.16196,5.33130,8.34093,20.03467,5.72520,8.94090,5.52081,0.48416,19.65979,16.40612,19.58993,16.22231,12.34845,18.74226,4.33449,15.41328,21.85696,18.08084,11.87132,22.62366,11.23633,7.05399,10.96980,14.03902,3.51218,1.28790,10.91803,5.24337,19.17851,17.75325,14.56957,20.35944,6.99129,15.31949,16.00496,18.57903,6.56562,11.51406,18.62106,15.79411,7.13933,2.21533,3.99506,0.00000,17.89624,16.01755,3.89420,6.41388,13.54667,19.87632
22.15964,13.23258,18.96842,22.19150,9.35961,16.83531,6.55557,20.88613,25.35576,19.95829,7.51187,24.63062,19.10135,24.39845,21.41178,11.04730,26.56662,24.33697,23.76932,23.48620,21.86588,9.73409,11.50211,8.86691,8.57757,24.62780,21.89048,20.63932,4.00736,13.41378,12.34488,23.08277,20.60289,6.60816,5.30315,11.01589,21.52946,26.65535,0.99458,5.29664,8.95860,7.48761,7.97089,5.61908,8.55133,23.26181,13.68967,15.25188,20.98773,23.28096,17.06598,7.26934,15.65530,25.68926,2.89636,22.63965,11.20397,16.43738,17.99512,21.63879,8.13622,23.72292,21.19431,14.13039,15.01267,14.15968,20.31524,19.56539,19.60839,28.80085,22.66315,27.76586,23.93355,23.95892,21.78512,15.79901,19.16382,22.93462,17.27877,13.92182,12.55618,22.68447,17.56915,13.17681,23.70168,21.32505,24.39036,13.55605,15.52124,17.06300,14.38046,22.81443,19.82091,14.39430,17.89624,0.00000,21.06890,14.00577,15.94700,4.36355,22.15964
4.15736,25.45238,6.49447,4.91885,12.70802,11.85614,17.43778,4.42429,8.67752,9.56685,13.59218,4.87895,2.25361,4.00924,0.93840,15.99214,14.35084,5.12523,16.70223,8.83769,2.41987,14.10049,23.42745,19.62966,21.19970,8.87019,12.23850,16.02660,21.03817,12.40604,18.80569,5.79922,8.85309,16.20028,21.94660,10.43764,16.34054,15.85669,20.10103,19.04420,15.34977,18.66899,20.24451,19.56348,17.10225,14.66111,10.45203,11.15132,2.34387,14.56461,7.74434,15.25593,11.13421,16.47573,21.10914,14.50634,11.68526,20.67391,16.50130,4.14740,13.60413,3.61475,0.20507,7.05763,8.89362,17.53108,0.78812,8.41747,3.74613,17.01238,7.35630,15.59472,14.74605,9.11524,2.98039,18.27208,16.58234,7.87000,10.77801,10.34789,10.38572,3.37037,8.24397,20.02057,3.91318,0.32011,3.37743,19.85757,25.55126,6.79035,7.30357,12.56683,17.64870,13.86012,16.01755,21.06890,0.00000,15.73266,9.93421,18.67976,4.15736
19.16110,10.37270,9.93652,13.53264,13.70902,4.71553,16.15912,18.53222,14.86704,8.62460,11.19139,16.54186,13.55709,16.99596,16.56644,2.95854,13.63017,20.74435,9.89709,12.56426,14.85178,15.95858,8.72705,19.66299,20.39258,13.86476,9.15578,6.69812,11.00773,18.00643,3.58722,13.92233,9.62475,14.88772,10.84993,8.57171,7.58633,13.26006,13.55628,16.50769,16.42148,17.96299,19.39273,8.86490,5.48745,9.78480,5.56166,18.65163,14.11435,9.83334,17.65676,7.42718,4.73373,12.02225,16.18899,9.14916,6.06302,5.15818,3.99708,18.85146,13.14531,19.33900,15.93411,10.54491,16.54213,1.79882,15.02191,20.20384,17.02763,15.42581,21.54095,14.62738,10.50151,12.94682,14.39349,2.94239,5.15811,12.50556,5.78636,16.71879,15.16509,15.09700,18.49318,4.49598,15.99838,15.79810,18.72349,4.23572,9.93373,16.87644,13.76058,10.01669,5.86873,1.89370,3.89420,14.00577,15.73266,0.00000,5.89266,9.65320,19.16110
13.58990,16.07784,4.10592,7.77344,11.77822,2.27911,15.64119,13.13278,9.82464,4.01133,10.29690,10.76188,7.83494,11.14084,10.80260,6.94359,10.81416,15.01692,9.58667,7.71298,8.95928,14.07505,14.23721,18.94984,20.08211,8.95031,6.27567,7.44393,14.18530,14.97639,9.24886,8.30018,4.71503,14.21216,14.58106,6.19688,8.10461,11.25503,15.19677,16.58630,14.93096,17.39951,19.02141,12.19721,8.91379,8.25030,2.29840,15.04954,8.22566,8.22342,13.20052,8.70431,1.20004,10.74948,17.31588,7.73328,4.80623,10.73974,6.87883,13.33811,11.76078,13.54887,10.13817,6.14792,12.60984,7.67293,9.25848,15.46795,11.68950,13.28419,16.23922,12.09494,8.78186,8.16854,8.50704,8.33802,7.28351,7.34884,1.72980,13.24037,11.98461,9.23026,14.03579,10.33566,10.15680,9.97504,12.84175,10.11176,15.82127,12.27027,9.61834,7.16340,8.39381,3.99896,6.41388,15.94700,9.93421,5.89266,0.00000,12.12605,13.58990
20.50118,10.36145,15.54349,18.99795,9.01745,12.74101,8.49678,19.35800,21.82089,16.10502,6.23980,21.66191,16.53895,21.59877,19.17734,6.69694,22.48993,22.59612,19.46390,19.81199,19.06815,10.36716,8.31844,11.68400,11.89783,21.01428,17.81075,16.31131,2.36172,13.77189,8.09386,19.80080,16.83968,7.77369,3.48187,8.24344,17.20197,22.47332,4.03945,8.04274,10.08943,10.03176,11.05739,1.81799,4.18785,19.04520,9.97674,15.30334,18.18462,19.07069,16.24229,3.56929,11.67243,21.43917,6.80970,18.41678,7.63969,12.24580,13.63695,20.01823,7.82476,21.72619,18.83276,11.62870,14.34017,9.81089,17.89634,18.92834,17.93488,24.63214,21.60914,23.64963,19.73020,20.27513,18.88726,11.46440,14.80955,19.35603,13.29797,13.61473,12.00911,19.77459,16.89930,9.04288,20.80034,18.89680,22.05698,9.38727,12.23517,15.97333,12.87114,18.73369,15.45772,10.14225,13.54667,4.36355,18.67976,9.65320,12.12605,0.00000,20.50118
0,0,0,0,0,0,0,0,0,0,0,0,0,0,0,0,0,0,0,0,0,0,0,0,0,0,0,0,0,0,0,0,0,0,0,0,0,0,0,0,0,0,0,0,0,0,0,0,0,0,0,0,0,0,0,0,0,0,0,0,0,0,0,0,0,0,0,0,0,0,0,0,0,0,0,0,0,0,0,0,0,0,0,0,0,0,0,0,0,0,0,0,0,0,0,0,0,0,0,0,0