0.00000,0.77500,7.73151,30.25026,28.76986,3.75033,4.52528,14.95514,17.41625,7.47517,8.27515,12.20648,31.87783,30.67740,11.82215,19.08666,21.14984,20.47123,17.87544,15.60597,14.48417,15.25363,16.51764,18.66851,21.16727,21.75438,19.33166,17.26362,16.04846,17.91651,18.93126,19.66602,21.23420,36.53726,35.71001,27.10537,28.66716,41.36711,40.78441,30.50948,33.91328,35.21769,35.59573,34.16894,32.93745,37.03827,35.66922,34.49134,33.94591,36.04706,37.17568,38.49118,39.95336,38.68760,37.60439,39.16313,40.20437,41.42380,41.82915,53.07736,52.87109,48.31525,49.30191,51.14915,59.55591,59.47548,53.25547,54.00563,55.70643,56.59144,54.55388,55.66027,56.33601,57.21264,58.15600,57.29381,56.62950,56.72778,57.40005,58.05554,58.90659,57.50240,58.51451,58.59353,60.45106,61.28259,68.59414,68.62115,65.67900,66.46214,67.32502,68.10002,68.90664,75.56458,75.66775,71.07502,71.85002,73.19647,73.92076,79.73485,74.80002,75.60002,14.07680,28.54607,43.57099,0.00000
0.77500,0.00000,7.57071,30.18967,28.68455,2.97542,3.75033,14.69704,17.18724,6.70019,7.50017,11.60350,31.63286,30.40238,11.06097,18.56748,20.67502,19.93466,17.25835,14.89515,13.71534,14.48417,15.80002,18.03666,20.61216,21.18540,18.68907,16.54088,15.27846,17.15920,18.16613,18.89783,20.51062,36.10437,35.24994,26.44434,28.03744,40.83989,40.23462,29.73928,33.20868,34.53522,34.89012,33.43323,32.17359,36.32707,34.93016,33.72648,33.17315,35.28133,36.43368,37.77503,39.23278,37.94300,36.83790,38.39596,39.45745,40.69927,41.05612,52.44112,52.22048,47.57390,48.57243,50.38260,58.88867,58.79679,52.48203,53.23180,54.95656,55.85068,53.77930,54.89000,55.57511,56.46356,57.40606,56.53244,55.85907,55.95316,56.62950,57.29381,58.15600,56.72778,57.74004,57.82011,59.67640,60.51345,67.89873,67.91718,64.92196,65.71176,66.55002,67.32502,68.13627,74.85447,74.95060,70.30002,71.07502,72.43588,73.16557,79.01783,74.02502,74.82502,13.33100,27.79885,42.80769,0.77500
7.73151,7.57071,0.00000,22.66325,21.13377,7.73151,7.94532,7.31249,9.71227,9.32071,9.81405,7.67500,24.17488,23.01561,11.02171,12.79846,14.41885,14.28881,12.79385,12.47878,13.64734,14.35516,13.44549,13.74093,15.14268,15.85373,14.52078,14.24153,15.09273,15.99578,17.32632,18.20388,17.90000,29.37197,28.69549,22.22189,23.28100,34.76583,34.36973,28.64853,29.64634,30.49866,31.31549,30.66223,30.56388,32.85142,32.22931,32.13575,32.25324,33.70791,33.79712,34.39088,35.93342,35.36556,35.28032,36.85296,36.93457,37.47866,40.00673,47.47629,47.46084,44.74959,45.38643,48.62500,54.34503,54.44443,51.34098,52.14670,52.35506,52.92943,52.85823,53.36772,53.44291,53.82037,54.78700,54.41625,54.34240,55.02105,55.11715,55.18997,55.55556,55.79193,56.75038,56.62431,58.72727,58.85000,63.80552,63.99481,62.53871,63.05285,65.78182,66.55179,66.52500,71.03294,71.28650,69.50853,70.27902,70.17667,70.65698,75.33555,73.21275,74.00856,12.19108,25.57500,40.95000,7.73151
30.25026,30.18967,22.66325,0.00000,1.76653,30.19157,30.22716,16.35399,13.87525,30.54270,30.67664,23.67768,7.67500,8.62011,29.34904,19.12812,17.15117,19.41502,22.70222,26.71223,30.64087,30.94321,27.12859,23.21659,20.01406,20.52712,23.66030,27.50928,31.27239,30.25327,31.51005,32.26365,28.39521,17.92500,18.76621,26.07773,24.74703,25.60000,26.42198,38.43542,32.45374,31.44332,33.54666,35.55033,38.60008,34.94986,36.87736,39.82563,41.56430,41.07501,38.22323,36.36713,37.79689,39.58601,42.34611,43.63704,40.96402,39.23778,47.51348,40.95000,41.77970,46.40121,45.76735,52.94001,48.62500,49.45009,57.07066,57.94274,53.66287,53.14462,59.02858,57.80425,56.07478,54.82639,55.76204,56.98993,58.69245,60.94526,59.40039,57.71876,56.50671,61.63236,62.35284,61.66227,64.26607,62.33561,58.87500,59.67079,63.51262,63.10785,71.27735,71.98023,69.54197,66.55000,67.34342,74.69161,75.40120,70.96219,70.62188,71.07500,78.11359,78.85210,28.53315,33.58664,46.11999,30.25026
28.76986,28.68455,21.13377,1.76653,0.00000,28.60070,28.61661,14.68269,12.18208,28.86807,28.98768,21.94005,7.05310,7.67500,27.60735,17.37047,15.41827,17.67714,20.94006,24.94607,28.88046,29.17980,25.36223,21.46033,18.29045,18.81650,21.91040,25.74417,29.50696,28.48827,29.74697,30.50250,26.65823,17.19727,17.90000,24.48543,23.22964,24.84996,25.57500,36.76875,30.99118,30.05999,32.12408,34.02883,36.98592,33.54923,35.37733,38.23026,39.92606,39.49820,36.74386,34.98723,36.43656,38.12648,40.78756,42.09636,39.52349,37.89593,45.96401,40.18088,40.95000,45.11896,44.55346,51.55442,47.85093,48.62500,55.63452,56.50664,52.44112,51.98491,57.57909,56.43273,54.79011,53.62790,54.56980,55.71237,57.32857,59.51322,58.04247,56.44671,55.31931,60.20636,60.94026,60.27467,62.86228,61.02935,58.09635,58.85000,62.35240,62.00227,69.89428,70.60214,68.28366,65.76886,66.52500,73.33202,74.04627,69.83782,69.54747,70.29265,76.77579,77.51879,26.77277,31.93988,44.66034,28.76986
3.75033,2.97542,7.73151,30.19157,28.60070,0.00000,0.77500,14.11316,16.66713,3.72500,4.52500,9.56220,30.90447,29.56071,8.17653,16.80069,19.07965,18.07709,15.06142,12.26402,10.78060,11.54516,13.12945,15.76438,18.66683,19.17422,16.36202,13.84133,12.33575,14.28290,15.24803,15.96316,17.79442,34.59749,33.63406,23.99951,25.72618,38.93187,38.23416,26.79161,30.55852,31.98051,32.23377,30.64443,29.25625,33.64492,32.12547,30.80410,30.21208,32.35457,33.61504,35.07002,36.50744,35.11208,33.90730,35.46200,36.61566,37.95578,38.09331,50.06529,49.78476,44.75434,45.80416,47.45048,56.37971,56.24003,49.51687,50.26461,52.09828,53.03179,50.80779,51.94038,52.66817,53.60850,54.54716,53.62330,52.90865,52.98144,53.67847,54.38301,55.29418,53.75599,54.76920,54.85505,56.70438,57.56893,65.26903,65.25169,62.03129,62.84999,63.57500,64.35000,65.18580,72.16185,72.22857,67.32500,68.10000,69.52921,70.28243,76.29572,71.05000,71.85000,10.52527,24.96128,39.89118,3.75033
4.52528,3.75033,7.94532,30.22716,28.61661,0.77500,0.00000,14.04780,16.60365,2.95000,3.75000,9.10446,30.74639,29.37431,7.43303,16.38677,18.70792,17.63273,14.52509,11.59906,10.01764,10.78060,12.45003,15.20317,18.19536,18.68238,15.78278,13.15154,11.56984,13.53701,14.48898,15.19903,17.09527,34.22504,33.23275,23.37500,25.13843,38.44686,37.72426,26.02307,29.87208,31.32030,31.54510,29.91919,28.49570,32.94869,31.39556,30.04211,29.44003,31.59134,32.88108,34.36714,35.79869,34.37457,33.14300,34.69676,35.87503,37.24182,37.32077,49.44908,49.15242,44.01904,45.08255,46.68545,55.72659,55.57412,48.74372,49.49101,51.35232,52.29618,50.03330,51.17091,51.90949,52.86332,53.80094,52.86404,52.13898,52.20691,52.90865,53.62330,54.54716,52.98144,53.99484,54.08191,55.92978,56.80067,64.58282,64.55599,61.27661,62.10276,62.80000,63.57500,64.41604,71.45860,71.51757,66.55000,67.32500,68.77032,69.52954,75.58453,70.27500,71.07500,9.80577,24.22346,39.13037,4.52528
14.95514,14.69704,7.31249,16.35399,14.68269,14.11316,14.04780,0.00000,2.55600,14.18884,14.33189,7.80741,16.93613,15.72389,13.39853,7.67500,8.27757,9.06987,9.65013,12.01301,15.19021,15.66431,12.74819,10.56992,10.04294,10.84162,11.33151,13.38642,16.17809,15.93432,17.33324,18.20608,15.93589,22.28105,21.73583,17.90000,18.27874,28.12424,27.90825,27.16414,25.57500,25.90083,27.15663,27.35590,28.44201,28.73127,28.91968,29.94914,30.72794,31.46292,30.48463,30.30594,31.88065,32.05056,32.98244,34.50693,33.61733,33.45538,38.03302,41.63488,41.79846,40.92500,41.20398,45.73921,48.79985,49.06478,48.99103,49.83483,48.60000,48.86658,50.69004,50.61636,50.11210,50.00360,50.97853,51.08496,51.57971,52.80370,52.34576,51.85832,51.75348,53.55803,54.44955,54.12934,56.43448,55.87933,58.57058,58.90659,58.85000,59.10503,63.56651,64.32263,63.50851,65.98199,66.37012,67.22918,67.98732,66.52500,66.77371,70.37807,70.87649,71.66084,13.15770,23.15601,38.15770,14.95514
17.41625,17.18724,9.71227,13.87525,12.18208,16.66713,16.60365,2.55600,0.00000,16.69225,16.80569,9.95615,14.46429,13.31827,15.62550,7.92165,7.70000,9.08670,10.65719,13.71015,17.21418,17.62626,14.34235,11.48183,10.04117,10.82705,12.17508,14.90312,18.07664,17.56248,18.93464,19.78132,16.98656,20.37745,19.97506,17.90749,17.92500,26.59102,26.50927,28.10447,25.52768,25.60000,27.04539,27.61269,29.14106,28.61652,29.15326,30.60479,31.60733,32.07906,30.69732,30.18805,31.75992,32.24438,33.56249,35.05390,33.79402,33.33209,38.68503,40.54874,40.81177,40.82971,40.95000,45.99905,47.84847,48.19913,49.43787,50.29176,48.49209,48.62500,51.19583,50.90394,50.17311,49.86314,50.83741,51.14147,51.85866,53.28229,52.61807,51.91137,51.61185,54.02743,54.89072,54.49946,56.87107,56.06031,57.74925,58.15678,58.73039,58.87500,64.00829,64.75717,63.64670,65.23343,65.68509,67.63735,68.38898,66.39898,66.55000,69.66538,71.25462,72.03291,15.13425,23.83495,38.50368,17.41625
7.47517,6.70019,9.32071,30.54270,28.86807,3.72500,2.95000,14.18884,16.69225,0.00000,0.80000,7.83302,30.31886,28.84480,4.69707,15.07403,17.53586,16.17098,12.71085,9.22635,7.13727,7.88900,9.99190,13.26542,16.61043,17.00430,13.75541,10.63382,8.66927,10.73560,11.61898,12.30287,14.50468,32.93586,31.83175,21.08941,23.00289,36.69191,35.87036,23.10157,27.30259,28.85951,28.96361,27.18374,25.60864,30.33350,28.63889,27.14835,26.50284,28.69190,30.10611,31.72244,33.12803,31.58372,30.23869,31.78824,33.07031,34.54824,34.38114,47.14638,46.78473,41.23350,42.35305,43.77661,53.27045,53.06647,45.80137,46.54678,48.52116,49.50710,47.08538,48.24360,49.02630,50.03512,50.96834,49.97836,49.21080,49.25882,49.97982,50.73574,51.71122,50.03330,51.04743,51.13952,52.98144,53.87809,61.98994,61.92508,58.40882,59.26500,59.85000,60.62500,61.48720,68.79579,68.82383,63.60000,64.37500,65.88506,66.66829,72.88932,67.32500,68.12500,7.17361,21.43901,36.23987,7.47517
8.27515,7.50017,9.81405,30.67664,28.98768,4.52500,3.75000,14.33189,16.80569,0.80000,0.00000,7.64959,30.25150,28.75174,4.00780,14.79954,17.29122,15.84615,12.29494,8.64440,6.36715,7.11310,9.37433,12.80669,16.24642,16.61043,13.26542,9.99190,7.88900,9.99065,10.84807,11.52218,13.82699,32.62347,31.48874,20.49886,22.45558,36.24274,35.39326,22.31059,26.61938,28.20835,28.27597,26.44987,24.82826,29.63514,27.89814,26.36576,25.70682,27.90744,29.35946,31.01472,32.41213,30.83198,29.45264,31.00085,32.31417,33.82515,33.58426,46.53452,46.15420,40.48211,41.61804,42.98873,52.61312,52.39437,45.00362,45.74847,47.75587,48.75401,46.28599,47.45024,48.24581,49.27061,50.20250,49.19712,48.41718,48.45938,49.18600,49.95394,50.94439,49.23384,50.24818,50.34174,52.18192,53.08604,61.29236,61.21663,57.63255,58.49736,59.05000,59.82500,60.69330,68.07776,68.09699,62.80000,63.57500,65.10362,65.89371,72.16185,66.52500,67.32500,6.50697,20.69182,35.45769,8.27515
12.20648,11.60350,7.67500,23.67768,21.94005,9.56220,9.10446,7.80741,9.95615,7.83302,7.64959,0.00000,22.66325,21.13377,5.67946,7.31249,9.72137,8.52852,5.67874,4.92804,7.40376,7.92086,5.86350,6.51249,9.10494,9.62601,7.22305,6.64384,8.49588,8.72228,10.11821,11.01263,10.22500,25.19073,24.15358,15.05093,16.48190,29.37197,28.69549,21.08249,22.22189,23.28100,23.90378,23.04134,22.91029,25.41201,24.60249,24.47980,24.69606,26.04998,26.16530,26.92788,28.45018,27.72950,27.62070,29.19189,29.29485,29.97792,32.39261,40.89529,40.72687,37.17271,37.89647,40.95000,47.47629,47.46084,43.69514,44.50563,44.74959,45.38643,45.23556,45.69569,45.78349,46.22354,47.18721,46.75623,46.67026,47.39401,47.44493,47.52950,47.95353,48.16348,49.11452,48.96880,51.09394,51.17500,56.69588,56.80421,54.91107,55.46826,58.16383,58.93240,58.85000,63.80552,63.99481,61.88422,62.65354,62.53871,63.05285,68.05478,65.58314,66.37792,5.42846,17.90000,33.27500,12.20648
31.87783,31.63286,24.17488,7.67500,7.05310,30.90447,30.74639,16.93613,14.46429,30.31886,30.25150,22.66325,0.00000,1.76653,28.00073,16.35399,13.88022,16.04385,19.89604,24.37222,28.62385,28.74105,24.52460,20.11233,16.31129,16.57040,20.32303,24.69770,28.88335,27.33807,28.40698,29.02992,24.54231,10.25000,11.13693,20.60734,18.81382,17.92500,18.76621,33.36032,26.07773,24.74703,26.98157,29.43557,33.05440,28.28327,30.63316,34.12523,36.18164,35.23394,31.86362,29.61153,30.96293,33.12326,36.37707,37.55147,34.40890,32.33458,41.45082,33.27500,34.11138,39.29699,38.50663,46.11999,40.95000,41.77970,50.42149,51.29065,46.40121,45.76735,52.42645,50.92358,48.95161,47.51644,48.43881,49.84742,51.78529,54.26876,52.47307,50.56157,49.17342,54.93109,55.60039,54.82483,57.47802,55.25561,51.20000,51.99886,56.12384,55.63778,64.40606,65.09175,62.33561,58.87500,59.67079,67.74181,68.43655,63.51262,63.10785,63.40000,71.09621,71.82138,26.58726,28.39521,39.61404,31.87783
30.67740,30.40238,23.01561,8.62011,7.67500,29.56071,29.37431,15.72389,13.31827,28.84480,28.75174,21.13377,1.76653,0.00000,26.40303,14.68269,12.18611,14.32561,18.19967,22.69467,26.95966,27.06116,22.82582,18.39351,14.57108,14.81743,18.58928,22.98387,27.18872,25.61192,26.66900,27.28508,22.78109,9.58035,10.22500,18.87937,17.13011,17.19727,17.90000,31.62040,24.48543,23.22964,25.43350,27.80051,31.35068,26.76343,29.02217,32.43891,34.46579,33.56579,30.27649,28.11869,29.49578,31.55957,34.72756,35.92082,32.86804,30.89180,39.81972,32.51317,33.27500,37.93654,37.22098,44.66034,40.18088,40.95000,48.91570,49.78604,45.11896,44.55346,50.90963,49.48548,47.60374,46.26133,47.19170,48.50836,50.35631,52.77193,51.05120,49.22934,47.93249,53.44121,54.12506,53.37456,56.01375,53.89170,50.42460,51.17500,54.91933,54.49333,62.96960,63.66102,61.02935,58.09635,58.85000,66.33236,67.03246,62.35240,62.00227,62.61981,69.71184,70.44218,24.93598,26.65823,38.06633,30.67740
11.82215,11.06097,11.02171,29.34904,27.60735,8.17653,7.43303,13.39853,15.62550,4.69707,4.00780,5.67946,28.00073,26.40303,0.00000,11.90467,14.46103,12.72569,8.91000,4.79251,2.77545,3.54489,5.42938,9.25750,12.97136,13.22332,9.60735,6.00651,4.34123,6.10661,7.12009,7.88515,9.81927,29.40243,28.16897,16.56474,18.59787,32.59335,31.67349,18.73846,22.61319,24.20571,24.27145,22.50662,21.11741,25.63711,23.97303,22.67384,22.22860,24.23267,25.45242,27.02556,28.43345,26.94265,25.79347,27.35590,28.44201,29.85805,30.11063,42.56062,42.16308,36.58854,37.67521,39.33708,48.60723,48.38659,41.54234,42.30756,43.92176,44.86525,42.90164,43.87816,44.51422,45.43204,46.37064,45.47176,44.84928,45.07656,45.62132,46.23341,47.11776,45.85153,46.85000,46.87647,48.80144,49.48733,57.29398,57.22815,53.86402,54.67361,55.74343,56.51783,57.12374,64.10153,64.13550,59.49069,60.26517,61.37492,62.11136,68.20147,63.21329,64.01282,2.50662,16.79170,31.74973,11.82215
19.08666,18.56748,12.79846,19.12812,17.37047,16.80069,16.38677,7.67500,7.92165,15.07403,14.79954,7.31249,16.35399,14.68269,11.90467,0.00000,2.55783,1.50021,3.62120,8.01877,12.27724,12.38800,8.21816,4.09207,2.42539,3.20663,4.59837,8.48163,12.55159,11.20438,12.41131,13.14460,9.46127,17.88094,16.84735,10.22500,10.73234,22.28105,21.73583,20.32354,17.90000,18.27874,19.48424,19.76103,21.23914,21.05855,21.31490,22.69203,23.77505,24.16022,22.87167,22.63295,24.20744,24.43077,25.64109,27.13257,25.99179,25.78198,30.76810,34.68880,34.70851,33.25000,33.54706,38.15770,41.63488,41.79846,41.53207,42.38403,40.92500,41.20398,43.28008,43.05138,42.45737,42.32925,43.30416,43.42940,44.01029,45.37103,44.77300,44.20213,44.07908,46.11795,46.98730,46.61586,48.96908,48.26469,51.23683,51.50525,51.17500,51.43825,56.10621,56.85693,55.87933,58.57058,58.90659,59.74451,60.49812,58.85000,59.10503,62.93253,63.37145,64.15186,10.26612,15.93589,30.62280,19.08666
21.14984,20.67502,14.41885,17.15117,15.41827,19.07965,18.70792,8.27757,7.70000,17.53586,17.29122,9.72137,13.88022,12.18611,14.46103,2.55783,0.00000,2.27665,6.01586,10.51585,14.79673,14.87834,10.64439,6.27953,2.90259,3.53624,6.59640,10.83435,15.00417,13.51094,14.64686,15.32940,11.24536,15.51888,14.58297,10.34423,10.22500,20.35884,19.95511,21.60663,17.88274,17.90000,19.37339,20.15777,22.20532,20.94099,21.66870,23.58544,24.93438,24.98862,23.18816,22.50962,24.07909,24.71457,26.41118,27.85016,26.24673,25.64923,31.59045,33.39476,33.53044,33.14823,33.25000,38.47938,40.52519,40.78788,42.06641,42.92792,40.80476,40.92500,43.87845,43.39581,42.53617,42.17011,43.14409,43.50195,44.34288,45.93270,45.09652,44.26992,43.91831,46.66731,47.50228,47.04961,49.47487,48.47724,50.29852,50.64820,51.03874,51.17500,56.60606,57.34754,56.03564,57.72495,58.13232,60.20171,60.94713,58.70541,58.85000,62.13172,63.79099,64.56385,12.80549,16.96541,31.07214,21.14984
20.47123,19.93466,14.28881,19.41502,17.67714,18.07709,17.63273,9.06987,9.08670,16.17098,15.84615,8.52852,16.04385,14.32561,12.72569,1.50021,2.27665,0.00000,3.95000,8.50000,12.80000,12.82344,8.53090,4.06855,0.97500,1.77500,4.33049,8.65888,12.89654,11.29801,12.40348,13.07158,8.98109,16.77774,15.66385,8.87032,9.25770,20.90701,20.31903,19.50393,16.53589,16.83829,18.10000,18.52600,20.24761,19.67500,20.06759,21.66705,22.88834,23.10667,21.61400,21.25000,22.82500,23.16426,24.56290,26.03297,24.71766,24.40000,29.71806,33.19274,33.20868,31.88065,32.13422,36.91423,40.13480,40.30063,40.36708,41.22309,39.55455,39.79780,42.14098,41.81780,41.14007,40.95000,41.92500,42.11067,42.77302,44.21816,43.53293,42.88231,42.70000,44.96054,45.81693,45.41511,47.79584,46.98949,49.74299,50.01701,49.80361,50.03801,54.93262,55.68003,54.58870,57.08378,57.42639,58.55579,59.30654,57.47813,57.70796,61.45002,62.16970,62.94753,10.87945,14.96632,29.41959,20.47123
17.87544,17.25835,12.79385,22.70222,20.94006,15.06142,14.52509,9.65013,10.65719,12.71085,12.29494,5.67874,19.89604,18.19967,8.91000,3.62120,6.01586,3.95000,0.00000,4.55000,8.85000,8.88387,4.62885,0.97500,4.06855,4.33049,1.77500,4.86068,8.98906,7.58502,8.80972,9.56406,6.33818,20.49244,19.27074,9.46282,10.80336,23.99064,23.21353,17.53078,16.86114,17.73515,18.52600,18.10000,18.81158,20.06759,19.67500,20.33153,21.08272,21.85928,21.25000,21.61400,23.16426,22.82500,23.39329,24.93242,24.40000,24.71766,28.40648,35.21655,35.05455,32.05056,32.61312,36.36170,41.82404,41.83474,39.45157,40.28782,39.69162,40.18548,41.11381,41.19925,40.95000,41.14007,42.11067,41.92500,42.16849,43.24035,42.93909,42.70000,42.88231,43.99923,44.90697,44.63653,46.89270,46.55669,51.11568,51.26116,49.91255,50.34690,54.01535,54.77528,54.21659,58.28384,58.51321,57.69615,58.45794,57.57255,57.97599,62.56638,61.36071,62.14866,6.94622,13.54633,28.72325,17.87544
15.60597,14.89515,12.47878,26.71223,24.94607,12.26402,11.59906,12.01301,13.71015,9.22635,8.64440,4.92804,24.37222,22.69467,4.79251,8.01877,10.51585,8.50000,4.55000,0.00000,4.30000,4.36928,0.97532,4.65329,8.55574,8.68335,4.88397,1.77518,4.57937,3.93001,5.33585,6.22023,5.67539,24.86147,23.56228,11.86307,13.82407,27.81552,26.88286,16.18110,18.31627,19.72126,19.99650,18.66313,18.10913,21.43258,20.19426,19.68340,19.79144,21.25778,21.73166,22.88695,24.35633,23.27409,22.83224,24.40677,24.82061,25.83815,27.52795,37.92569,37.58512,32.83939,33.73438,36.25204,44.12938,43.97688,38.87063,39.67327,40.33128,41.10067,40.37961,40.95001,41.20200,41.82287,42.77798,42.17118,41.92501,42.54287,42.70001,42.94173,43.53780,43.31397,44.27432,44.16257,46.25032,46.47109,53.01853,53.02383,50.42271,51.08035,53.30308,54.07302,54.14310,59.95964,60.06343,57.02987,57.80044,58.01539,58.61406,64.13038,60.73464,61.53061,2.48244,13.24917,28.58431,15.60597
14.48417,13.71534,13.64734,30.64087,28.88046,10.78060,10.01764,15.19021,17.21418,7.13727,6.36715,7.40376,28.62385,26.95966,2.77545,12.27724,14.79673,12.80000,8.85000,4.30000,0.00000,0.77500,4.43354,8.90355,12.83708,12.92249,9.02625,4.67507,1.57500,3.70473,4.48177,5.18327,7.92086,29.04157,27.69397,15.07191,17.30506,31.60733,30.56899,16.02757,20.54058,22.29996,22.16867,20.14777,18.47933,23.47223,21.57378,20.02452,19.49041,21.57402,23.01923,24.80731,26.16908,24.48067,23.12696,24.68270,25.95539,27.55358,27.37523,40.78821,40.30405,34.12998,35.30394,36.67071,46.61247,46.32214,38.80697,39.56745,41.38892,42.39841,40.15000,41.17776,41.89541,42.90388,43.83544,42.84890,42.14749,42.32500,42.91848,43.60748,44.57724,43.10000,44.10159,44.14309,46.05000,46.79842,55.10250,54.98455,51.27260,52.13025,52.98144,53.75599,54.42431,61.81002,61.80122,56.72936,57.50397,58.75556,59.53124,65.86368,60.45255,61.25219,2.10772,14.35516,29.11344,14.48417
15.25363,14.48417,14.35516,30.94321,29.17980,11.54516,10.78060,15.66431,17.62626,7.88900,7.11310,7.92086,28.74105,27.06116,3.54489,12.38800,14.87834,12.82344,8.88387,4.36928,0.77500,0.00000,4.32962,8.85226,12.80156,12.83900,8.90632,4.43910,0.80000,3.07297,3.73940,4.41850,7.40376,28.88335,27.50619,14.63030,16.91266,31.27239,30.20267,15.25652,19.92241,21.72476,21.54056,19.45451,17.72093,22.82652,20.86942,19.26358,18.71605,20.81108,22.30579,24.14675,25.49593,23.75973,22.36243,23.91686,25.22822,26.86970,26.60096,40.23462,39.72812,33.40733,34.60134,35.90533,45.99971,45.69192,38.03263,38.79280,40.64899,41.67269,39.37500,40.40713,41.13822,42.16480,43.09481,42.09091,41.37666,41.55000,42.14749,42.84890,43.83544,42.32500,43.32662,43.36886,45.27500,46.02929,54.43940,54.30896,50.52020,51.38738,52.20691,52.98144,53.65363,61.12238,61.10365,55.95477,56.72936,57.99767,58.78072,65.16501,59.67791,60.47754,2.50662,13.64734,28.35385,15.25363
16.51764,15.80002,13.44549,27.12859,25.36223,13.12945,12.45003,12.74819,14.34235,9.99190,9.37433,5.86350,24.52460,22.82582,5.42938,8.21816,10.64439,8.53090,4.62885,0.97532,4.43354,4.32962,0.00000,4.52500,8.47500,8.51267,4.59517,0.80000,4.36642,3.22044,4.59837,5.46123,4.72930,24.60805,23.26397,11.13693,13.18659,27.31667,26.33919,15.22541,17.43038,18.88764,19.10736,17.71274,17.13551,20.53085,19.23969,18.70962,18.83753,20.28388,20.77381,21.97501,23.43604,22.31363,21.85824,23.43268,23.85804,24.91097,26.56244,37.16077,36.79300,31.88770,32.80077,35.27681,43.30128,43.12868,37.89990,38.70340,39.37063,40.15198,39.41302,39.97500,40.23029,40.86351,41.81780,41.19925,40.95000,41.57557,41.72500,41.96965,42.57700,42.34644,43.30552,43.19035,45.28202,45.49578,52.13997,52.13161,49.45600,50.12117,52.33759,53.10730,53.16778,59.05763,59.15089,56.06334,56.83373,57.04617,57.65042,63.21808,59.76726,60.56307,2.96500,12.27724,27.60926,16.51764
18.66851,18.03666,13.74093,23.21659,21.46033,15.76438,15.20317,10.56992,11.48183,13.26542,12.80669,6.51249,20.11233,18.39351,9.25750,4.09207,6.27953,4.06855,0.97500,4.65329,8.90355,8.85226,4.52500,0.00000,3.95000,4.03020,0.80000,4.59517,8.87032,7.23468,8.37425,9.07899,5.51345,20.21400,18.93451,8.55793,10.00078,23.43608,22.60655,16.64861,15.90676,16.81881,17.57464,17.12500,17.87544,19.11263,18.70000,19.38958,20.18553,20.91271,20.27500,20.65619,22.20417,21.85000,22.44300,23.97908,23.42500,23.75570,27.46901,34.40890,34.22029,31.08106,31.65470,35.39046,40.96402,40.95591,38.49371,39.33111,38.72019,39.22130,40.16221,40.23029,39.97500,40.16968,41.14007,40.95000,41.19925,42.28646,41.96965,41.72500,41.91155,43.04461,43.94987,43.67351,45.93559,45.58397,50.21579,50.34886,48.93979,49.37875,53.05993,53.81931,53.24326,57.36595,57.58586,56.73827,57.49961,56.59923,57.00614,61.64070,60.40081,61.18838,7.12465,12.60010,27.75434,18.66851
21.16727,20.61216,15.14268,20.01406,18.29045,18.66683,18.19536,10.04294,10.04117,16.61043,16.24642,9.10494,16.31129,14.57108,12.97136,2.42539,2.90259,0.97500,4.06855,8.55574,12.83708,12.80156,8.47500,3.95000,0.00000,0.80000,4.03020,8.51267,12.81405,11.06585,12.09806,12.72097,8.41936,16.43649,15.24830,7.89782,8.30711,20.26826,19.62272,18.71500,15.56157,15.87026,17.12500,17.57464,19.38095,18.70000,19.11263,20.78571,22.06469,22.21331,20.65619,20.27500,21.85000,22.20417,23.65963,25.12143,23.75570,23.42500,28.82328,32.33458,32.32682,30.90582,31.16107,35.95793,39.23778,39.38758,39.43147,40.28860,38.57967,38.82400,41.21311,40.86351,40.16968,39.97500,40.95000,41.14007,41.81780,43.28582,42.57700,41.91155,41.72500,44.02676,44.87924,44.46896,46.85718,46.02592,48.81781,49.08160,48.82869,49.06377,53.99344,54.73987,53.62213,56.14628,56.48120,57.61221,58.36215,56.50319,56.73352,60.50726,61.22249,61.99962,10.99423,14.11559,28.47439,21.16727
21.75438,21.18540,15.85373,20.52712,18.81650,19.17422,18.68238,10.84162,10.82705,17.00430,16.61043,9.62601,16.57040,14.81743,13.22332,3.20663,3.53624,1.77500,4.33049,8.68335,12.92249,12.83900,8.51267,4.03020,0.80000,0.00000,3.95000,8.47500,12.80156,10.93678,11.90139,12.48291,8.01783,16.19500,14.94626,7.10040,7.53181,19.76468,19.06964,18.08124,14.76220,15.07664,16.32500,16.79607,18.67783,17.90000,18.33064,20.06902,21.39838,21.48561,19.87154,19.47500,21.05000,21.41740,22.92287,24.37717,22.96722,22.62500,28.09308,31.63550,31.60733,30.10598,30.36268,35.17403,38.50459,38.64067,38.66524,39.52330,37.77976,38.02503,40.45344,40.08125,39.37363,39.17500,40.15000,40.34383,41.03472,42.52226,41.79332,41.11518,40.92500,43.26194,44.11107,43.69357,46.08813,45.23567,48.06015,48.31525,48.02875,48.26441,53.22378,53.96937,52.82928,55.37802,55.70643,56.83877,57.58803,55.70323,55.93400,59.73448,60.44595,61.22249,11.15137,13.43019,27.70037,21.75438
19.33166,18.68907,14.52078,23.66030,21.91040,16.36202,15.78278,11.33151,12.17508,13.75541,13.26542,7.22305,20.32303,18.58928,9.60735,4.59837,6.59640,4.33049,1.77500,4.88397,9.02625,8.90632,4.59517,0.80000,4.03020,3.95000,0.00000,4.52500,8.85226,7.03567,8.08753,8.74232,4.87833,20.01813,18.69213,7.82803,9.36673,23.00196,22.12818,15.93287,15.12564,16.07210,16.79607,16.32500,17.11056,18.33064,17.90000,18.61923,19.45496,20.13805,19.47500,19.87154,21.41740,21.05000,21.66491,23.19819,22.62500,22.96722,26.70180,33.75281,33.54144,30.28585,30.86908,34.59371,40.26227,40.23812,37.70843,38.54681,37.92325,38.43059,39.38227,39.43547,39.17500,39.37363,40.34383,40.15000,40.40418,41.50452,41.17440,40.92500,41.11518,42.26202,43.16516,42.88375,45.15084,44.78591,49.47955,49.60210,48.14170,48.58457,52.27654,53.03544,52.44469,56.61424,56.82615,55.95276,56.71372,55.80065,56.21050,60.88231,59.61357,60.40081,7.36482,11.82719,26.95966,19.33166
17.26362,16.54088,14.24153,27.50928,25.74417,13.84133,13.15154,13.38642,14.90312,10.63382,9.99190,6.64384,24.69770,22.98387,6.00651,8.48163,10.83435,8.65888,4.86068,1.77518,4.67507,4.43910,0.80000,4.59517,8.51267,8.47500,4.52500,0.00000,4.32962,2.74431,4.05278,4.88109,3.97067,24.44742,23.06713,10.58637,12.71244,26.94514,25.92977,14.43929,16.72059,18.22589,18.39378,16.94052,16.33602,19.80494,18.46309,17.91005,18.05249,19.48424,19.99378,21.23914,22.69203,21.53086,21.05855,22.63295,23.07306,24.16022,25.76826,36.55411,36.16248,31.11311,32.04326,34.47743,42.63803,42.44765,37.10206,37.90611,38.58713,39.37996,38.61795,39.17500,39.43547,40.08125,41.03472,40.40418,40.15000,40.78000,40.92500,41.17440,41.79332,41.55071,42.50892,42.39158,44.48574,44.69615,51.43128,51.41075,48.66638,49.33894,51.54322,52.31276,52.36805,58.32772,58.41154,55.26824,56.03849,56.25394,56.86379,62.47885,58.97156,59.76726,3.50303,11.48262,26.81028,17.26362
16.04846,15.27846,15.09273,31.27239,29.50696,12.33575,11.56984,16.17809,18.07664,8.66927,7.88900,8.49588,28.88335,27.18872,4.34123,12.55159,15.00417,12.89654,8.98906,4.57937,1.57500,0.80000,4.36642,8.87032,12.81405,12.80156,8.85226,4.32962,0.00000,2.50662,2.99051,3.63361,6.92067,28.74105,27.33406,14.20442,16.53596,30.94321,29.84093,14.46103,19.29618,21.14438,20.90253,18.74562,16.93964,22.16867,20.14777,18.47933,17.91677,20.02452,21.57378,23.47223,24.80731,23.01923,21.57402,23.12696,24.48067,26.16908,25.80177,39.67096,39.14081,32.66389,33.87938,35.11570,45.37238,45.04610,37.23333,37.99317,39.88660,40.92546,38.57500,39.61182,40.35732,41.40327,42.33158,41.30914,40.58113,40.75000,41.35180,42.06647,43.07094,41.52500,42.52665,42.56969,44.47500,45.23556,53.75805,53.61439,49.74425,50.62157,51.40740,52.18192,52.85823,60.41477,60.38556,55.15520,55.92978,57.21582,58.00666,64.44562,58.87829,59.67791,3.07297,12.92478,27.57065,16.04846
17.91651,17.15920,15.99578,30.25327,28.48827,14.28290,13.53701,15.93432,17.56248,10.73560,9.99065,8.72228,27.33807,25.61192,6.10661,11.20438,13.51094,11.29801,7.58502,3.93001,3.70473,3.07297,3.22044,7.23468,11.06585,10.93678,7.03567,2.74431,2.50662,0.00000,1.40757,2.29810,4.42549,26.58726,25.13337,11.72828,14.09433,28.53315,27.40147,12.80549,16.85091,18.65799,18.47228,16.46549,15.05500,19.76861,17.90770,16.62006,16.36723,18.18683,19.37060,21.10290,22.46838,20.84984,19.75490,21.32400,22.34217,23.85969,24.21241,37.17648,36.65967,30.49899,31.63061,33.28691,42.92764,42.62515,35.62697,36.40825,37.81564,38.77370,37.05135,37.87454,38.42460,39.32636,40.26442,39.38414,38.84767,39.22350,39.62125,40.14738,41.01128,39.99756,40.98028,40.95000,42.94430,43.46208,51.39815,51.28398,47.76280,48.56709,49.94287,50.71569,51.11275,58.11721,58.11870,53.68289,54.45600,55.28352,56.00728,62.18239,57.39927,58.19756,3.95000,10.70342,25.67533,17.91651
18.93126,18.16613,17.32632,31.51005,29.74697,15.24803,14.48898,17.33324,18.93464,11.61898,10.84807,10.11821,28.40698,26.66900,7.12009,12.41131,14.64686,12.40348,8.80972,5.33585,4.48177,3.73940,4.59837,8.37425,12.09806,11.90139,8.08753,4.05278,2.99051,1.40757,0.00000,0.89443,4.67507,27.24667,25.74728,11.91748,14.37380,28.83753,27.64128,11.63188,16.44356,18.38588,18.02474,15.76884,14.00904,19.25521,17.16182,15.56037,15.15528,17.11602,18.58390,20.53281,21.84927,20.02887,18.67492,20.23631,21.49212,23.19798,23.02500,36.92534,36.34556,29.67412,30.89244,32.21934,42.49866,42.14185,34.45232,35.22500,36.91004,37.93694,35.84426,36.76021,37.42053,38.42566,39.35607,38.37533,37.73172,38.01816,38.50407,39.13497,40.09715,38.79280,39.78304,39.78255,41.74154,42.36734,50.80390,50.64632,46.79237,47.64962,48.71746,49.49101,50.00516,57.43553,57.39992,52.46085,53.23460,54.28143,55.05001,61.45931,56.18016,56.97903,5.18327,9.93972,24.64399,18.93126
19.66602,18.89783,18.20388,32.26365,30.50250,15.96316,15.19903,18.20608,19.78132,12.30287,11.52218,11.01263,29.02992,27.28508,7.88515,13.14460,15.32940,13.07158,9.56406,6.22023,5.18327,4.41850,5.46123,9.07899,12.72097,12.48291,8.74232,4.88109,3.63361,2.29810,0.89443,0.00000,4.93926,27.60002,26.07302,12.01692,14.51572,28.96037,27.72437,10.85452,16.13972,18.16207,17.69043,15.28255,13.30613,18.87599,16.64056,14.84604,14.35000,16.39262,18.03389,20.11508,21.39838,19.45496,17.94415,19.49944,20.89812,22.71841,22.22860,36.68815,36.06938,29.08768,30.35792,31.48755,42.14732,41.75710,33.65951,34.42732,36.27136,37.33887,35.03357,36.00046,36.72378,37.78930,38.71486,37.67553,36.97083,37.20807,37.74233,38.43288,39.45227,37.98291,38.97705,38.99271,40.93234,41.61744,50.34775,50.16383,46.11276,47.00070,47.89562,48.66950,49.24688,56.92469,56.86678,51.64049,52.41453,53.58221,54.37649,60.92279,55.36109,56.16022,6.04038,9.43706,23.93713,19.66602
21.23420,20.51062,17.90000,28.39521,26.65823,17.79442,17.09527,15.93589,16.98656,14.50468,13.82699,10.22500,24.54231,22.78109,9.81927,9.46127,11.24536,8.98109,6.33818,5.67539,7.92086,7.40376,4.72930,5.51345,8.41936,8.01783,4.87833,3.97067,6.92067,4.42549,4.67507,4.93926,0.00000,22.66412,21.13377,7.31249,9.72137,24.18363,23.01561,11.23468,12.79846,14.41885,14.46271,12.98778,12.75385,15.85373,14.52078,14.31193,14.81743,15.87335,16.06191,17.27636,18.72340,17.60904,17.43721,19.00291,19.16070,20.18960,22.31363,32.87329,32.41213,27.16414,28.07371,30.72500,38.79784,38.56742,33.52971,34.34935,34.66486,35.42549,35.11570,35.47666,35.58968,36.15401,37.11052,36.56095,36.45094,37.26353,37.22540,37.33313,37.87149,38.02959,38.96557,38.78173,40.94866,40.95000,47.49826,47.46084,44.77432,45.41093,48.04298,48.80857,48.62500,54.36776,54.44443,51.75003,52.51691,52.37987,52.95407,58.51175,55.43808,56.23079,7.33161,7.67500,23.05000,21.23420
36.53726,36.10437,29.37197,17.92500,17.19727,34.59749,34.22504,22.28105,20.37745,32.93586,32.62347,25.19073,10.25000,9.58035,29.40243,17.88094,15.51888,16.77774,20.49244,24.86147,29.04157,28.88335,24.60805,20.21400,16.43649,16.19500,20.01813,24.44742,28.74105,26.58726,27.24667,27.60002,22.66412,0.00000,1.75535,16.35008,13.87525,7.67500,8.59553,28.46091,19.11474,17.13595,19.52031,22.79232,27.30624,20.51081,23.64615,28.02287,30.56078,28.80787,24.57138,21.57093,22.69093,25.56024,29.65580,30.56142,26.60564,23.86237,34.37416,23.02500,23.87700,30.24737,29.14293,37.53036,30.70000,31.53935,42.08950,42.94232,36.96465,36.10904,44.15365,42.16424,39.76019,37.97927,38.87085,40.61269,42.96907,45.84237,43.61377,41.29419,39.58235,46.45387,47.02596,46.10640,48.82402,46.09821,40.95000,41.75472,46.40121,45.76735,55.55856,56.21086,52.91742,48.62500,49.42510,58.74258,59.40885,53.66287,53.14462,53.15000,61.96811,62.66806,27.33807,23.67041,31.75035,36.53726
35.71001,35.24994,28.69549,18.76621,17.90000,33.63406,33.23275,21.73583,19.97506,31.83175,31.48874,24.15358,11.13693,10.22500,28.16897,16.84735,14.58297,15.66385,19.27074,23.56228,27.69397,27.50619,23.26397,18.93451,15.24830,14.94626,18.69213,23.06713,27.33406,25.13337,25.74728,26.07302,21.13377,1.75535,0.00000,14.68269,12.18611,7.07747,7.67500,26.71714,17.37047,15.41827,17.80032,21.04415,25.55099,18.81650,21.91040,26.26904,28.80556,27.05981,22.85249,19.90556,21.05619,23.86144,27.91711,28.83502,24.92912,22.25885,32.65633,22.30567,23.05000,28.76579,27.74168,35.97052,29.96642,30.72500,40.49605,41.35197,35.59573,34.81747,42.55416,40.63887,38.32520,36.64446,37.54761,39.18964,41.45510,44.26582,42.10871,39.88040,38.26802,44.88542,45.47319,44.57725,47.28585,44.66034,40.20586,40.95000,45.14262,44.57753,54.05993,54.71912,51.55442,47.87591,48.62500,57.27653,57.94929,52.46514,52.00924,52.39868,60.53249,61.23873,26.04412,21.94005,30.08872,35.71001
27.10537,26.44434,22.22189,26.07773,24.48543,23.99951,23.37500,17.90000,17.90749,21.08941,20.49886,15.05093,20.60734,18.87937,16.56474,10.22500,10.34423,8.87032,9.46282,11.86307,15.07191,14.63030,11.13693,8.55793,7.89782,7.10040,7.82803,10.58637,14.20442,11.72828,11.91748,12.01692,7.31249,16.35008,14.68269,0.00000,2.55783,16.94368,15.72389,12.77891,7.67500,8.27757,9.26944,9.83794,12.54544,10.84162,11.33151,13.74795,15.60196,15.01951,12.84455,12.41451,13.98787,14.37091,16.34400,17.70955,15.90676,15.56157,21.53603,26.07773,25.78868,23.02500,23.36457,28.13611,32.45374,32.41193,31.75526,32.61964,30.70000,31.00504,33.59360,33.05186,32.27433,32.10561,33.08044,33.24422,33.99958,35.62886,34.75397,34.01536,33.85532,36.35798,37.18055,36.71001,39.14946,38.15770,41.65792,41.79846,40.95000,41.22893,46.27646,47.01560,45.73921,48.82344,49.06478,49.86304,50.60723,48.62500,48.89154,53.11480,53.44793,54.22030,14.07782,7.80741,20.74464,27.10537
28.66716,28.03744,23.28100,24.74703,23.22964,25.72618,25.13843,18.27874,17.92500,23.00289,22.45558,16.48190,18.81382,17.13011,18.59787,10.73234,10.22500,9.25770,10.80336,13.82407,17.30506,16.91266,13.18659,10.00078,8.30711,7.53181,9.36673,12.71244,16.53596,14.09433,14.37380,14.51572,9.72137,13.87525,12.18611,2.55783,0.00000,14.46429,13.30754,14.87248,7.89798,7.67500,9.25770,10.80336,14.26370,10.80246,12.15321,15.31147,17.43506,16.44356,13.55175,12.35486,13.91234,14.98535,17.64373,18.89902,16.44483,15.47336,22.78532,24.41384,24.26430,22.96700,23.02500,28.64233,31.08315,31.16349,32.51394,33.38459,30.60641,30.70000,34.42052,33.56025,32.44102,31.95954,32.93278,33.40023,34.48835,36.39764,35.22787,34.16332,33.70645,37.10748,37.88328,37.31411,39.83168,38.47938,40.54874,40.78788,40.82971,40.95000,46.92484,47.65067,45.97454,47.84847,48.17492,50.45050,51.18311,48.49209,48.62500,52.20268,53.98260,54.74451,16.15124,9.94576,21.49773,28.66716
41.36711,40.83989,34.76583,25.60000,24.84996,38.93187,38.44686,28.12424,26.59102,36.69191,36.24274,29.37197,17.92500,17.19727,32.59335,22.28105,20.35884,20.90701,23.99064,27.81552,31.60733,31.27239,27.31667,23.43608,20.26826,19.76468,23.00196,26.94514,30.94321,28.53315,28.83753,28.96037,24.18363,7.67500,7.07747,16.94368,14.46429,0.00000,1.75535,26.84774,16.35008,13.87525,16.08783,19.93152,24.96810,16.56178,20.31600,25.27609,28.11815,25.67715,20.81287,17.16765,17.89204,21.41431,26.16702,26.74082,22.11178,18.72119,30.28814,15.35000,16.22662,24.10876,22.64001,31.75035,23.02500,23.87700,36.49576,37.31704,30.24737,29.14293,38.58566,36.12272,33.28514,31.13604,31.98445,34.08009,36.85652,40.09295,37.44765,34.71852,32.66387,40.64466,41.11102,40.05591,42.80804,39.59354,33.27500,34.08641,39.29699,38.50663,49.29078,49.90584,46.09821,40.95000,41.75472,52.30637,52.94129,46.40121,45.76735,45.47500,55.39073,56.06330,30.25327,22.66412,26.93424,41.36711
40.78441,40.23462,34.36973,26.42198,25.57500,38.23416,37.72426,27.90825,26.50927,35.87036,35.39326,28.69549,18.76621,17.90000,31.67349,21.73583,19.95511,20.31903,23.21353,26.88286,30.56899,30.20267,26.33919,22.60655,19.62272,19.06964,22.12818,25.92977,29.84093,27.40147,27.64128,27.72437,23.01561,8.59553,7.67500,15.72389,13.30754,1.75535,0.00000,25.22856,14.68269,12.18611,14.37091,18.23535,23.29217,14.81743,18.58928,23.57028,26.42585,23.94896,19.06713,15.41268,16.14021,19.65989,24.42352,24.98850,20.35751,16.98302,28.53279,14.65985,15.37500,22.48769,21.08924,30.08872,22.30567,23.05000,34.81725,35.64267,28.76579,27.74168,36.90611,34.50279,31.74501,29.69412,30.55783,32.55436,35.24887,38.43542,35.84976,33.20404,31.24905,38.99517,39.47635,38.44090,41.18969,38.06633,32.53814,33.27500,37.95962,37.24464,47.72002,48.34264,44.66034,40.20586,40.95000,50.77167,51.41387,45.14262,44.57753,44.72774,53.89031,54.57001,29.29306,21.13377,25.19118,40.78441
30.50948,29.73928,28.64853,38.43542,36.76875,26.79161,26.02307,27.16414,28.10447,23.10157,22.31059,21.08249,33.36032,31.62040,18.73846,20.32354,21.60663,19.50393,17.53078,16.18110,16.02757,15.25652,15.22541,16.64861,18.71500,18.08124,15.93287,14.43929,14.46103,12.80549,11.63188,10.85452,11.23468,28.46091,26.71714,12.77891,14.87248,26.84774,25.22856,0.00000,10.64055,13.19777,11.42905,7.58605,3.04056,11.82693,8.17320,4.30094,3.61464,5.71948,9.00087,12.41332,13.16306,10.00956,7.20334,8.71923,11.15025,14.05002,11.40702,29.92977,28.91316,19.14409,20.82297,20.69037,34.05882,33.35360,22.82500,23.60339,25.88147,27.20332,24.25120,25.15080,26.03700,27.40439,28.29666,26.97455,26.12017,26.42198,26.89098,27.72162,29.00971,27.19565,28.17557,28.15250,30.14118,30.77768,41.18969,40.79026,35.47835,36.51004,37.15589,37.92770,38.39722,47.28585,47.06488,40.89159,41.66396,42.86276,43.75564,51.07985,44.60477,45.40248,16.75420,4.97154,13.25804,30.50948
33.91328,33.20868,29.64634,32.45374,30.99118,30.55852,29.87208,25.57500,25.52768,27.30259,26.61938,22.22189,26.07773,24.48543,22.61319,17.90000,17.88274,16.53589,16.86114,18.31627,20.54058,19.92241,17.43038,15.90676,15.56157,14.76220,15.12564,16.72059,19.29618,16.85091,16.44356,16.13972,12.79846,19.11474,17.37047,7.67500,7.89798,16.35008,14.68269,10.64055,0.00000,2.55783,1.68542,3.70177,8.62011,3.20663,4.59837,9.04147,11.79971,9.70316,5.79207,4.76294,6.32851,7.13530,10.56010,11.56898,8.55793,7.89782,15.45093,20.60734,19.93466,15.35000,15.75770,20.74464,26.07773,25.78868,24.65671,25.52844,23.02500,23.36457,26.58911,25.66313,24.65366,24.43237,25.40709,25.61996,26.59277,28.53910,27.33398,26.38850,26.18188,29.24159,30.00352,29.41841,31.94629,30.62280,34.71092,34.70851,33.27500,33.57198,39.03180,39.75601,38.15770,41.65792,41.79846,42.55269,43.28514,40.95000,41.22893,45.86260,46.08590,46.84859,20.13003,7.31249,13.66933,33.91328
35.21769,34.53522,30.49866,31.44332,30.05999,31.98051,31.32030,25.90083,25.60000,28.85951,28.20835,23.28100,24.74703,23.22964,24.20571,18.27874,17.90000,16.83829,17.73515,19.72126,22.29996,21.72476,18.88764,16.81881,15.87026,15.07664,16.07210,18.22589,21.14438,18.65799,18.38588,18.16207,14.41885,17.13595,15.41827,8.27757,7.67500,13.87525,12.18611,13.19777,2.55783,0.00000,2.38603,6.05810,11.11041,3.53624,6.59640,11.41285,14.24300,11.91748,7.43543,4.92728,6.40410,8.48646,12.60002,13.43340,9.68068,7.91885,17.23866,18.53969,18.00446,15.36311,15.35000,21.49773,24.41384,24.26430,25.68624,26.55676,22.96700,23.02500,27.68200,26.37293,24.93312,24.30336,25.27533,25.88146,27.27124,29.54526,27.98895,26.63664,26.04809,30.21925,30.91976,30.21971,32.82557,31.07214,33.41759,33.53044,33.17315,33.27500,39.83693,40.54295,38.47938,40.54874,40.78788,43.27506,43.99197,40.82971,40.95000,44.83732,46.73779,47.48664,21.70174,9.72137,14.89071,35.21769
35.59573,34.89012,31.31549,33.54666,32.12408,32.23377,31.54510,27.15663,27.04539,28.96361,28.27597,23.90378,26.98157,25.43350,24.27145,19.48424,19.37339,18.10000,18.52600,19.99650,22.16867,21.54056,19.10736,17.57464,17.12500,16.32500,16.79607,18.39378,20.90253,18.47228,18.02474,17.69043,14.46271,19.52031,17.80032,9.26944,9.25770,16.08783,14.37091,11.42905,1.68542,2.38603,0.00000,3.95000,9.07500,1.57500,4.25243,9.21066,12.10336,9.60615,5.05223,3.15000,4.72500,6.15858,10.23139,11.04743,7.43589,6.30000,14.85608,19.17819,18.43641,13.78806,14.11039,19.46601,24.47473,24.15348,23.52565,24.39760,21.45839,21.73764,25.49593,24.37105,23.18890,22.85000,23.82500,24.15022,25.28747,27.39873,26.01895,24.91511,24.60000,28.08630,28.81633,28.17308,30.74154,29.22555,33.03824,33.02736,31.70568,31.95954,37.79435,38.51014,36.71799,39.97353,40.11310,41.27773,42.00335,39.37957,39.62301,44.17720,44.78053,45.53742,21.79295,8.64093,12.63378,35.59573
34.16894,33.43323,30.66223,35.55033,34.02883,30.64443,29.91919,27.35590,27.61269,27.18374,26.44987,23.04134,29.43557,27.80051,22.50662,19.76103,20.15777,18.52600,18.10000,18.66313,20.14777,19.45451,17.71274,17.12500,17.57464,16.79607,16.32500,16.94052,18.74562,16.46549,15.76884,15.28255,12.98778,22.79232,21.04415,9.83794,10.80336,19.93152,18.23535,7.58605,3.70177,6.05810,3.95000,0.00000,5.12500,4.25243,1.57500,5.36155,8.19123,6.01566,3.15000,5.05223,6.15858,4.72500,6.97074,8.12131,6.30000,7.43589,12.01949,22.50001,21.58486,14.17650,15.16940,18.39669,27.15621,26.63448,21.91760,22.78175,21.71002,22.43953,23.75973,23.29374,22.85000,23.18890,24.15022,23.82500,24.25090,25.79095,25.01271,24.60000,24.91511,26.52023,27.34640,26.90000,29.31766,28.52446,35.07096,34.88282,31.87652,32.44102,36.44829,37.19000,36.16245,41.66930,41.65412,40.04892,40.79640,39.51725,40.01238,45.71731,43.65044,44.42658,20.12014,5.84621,10.91444,34.16894
32.93745,32.17359,30.56388,38.60008,36.98592,29.25625,28.49570,28.44201,29.14106,25.60864,24.82826,22.91029,33.05440,31.35068,21.11741,21.23914,22.20532,20.24761,18.81158,18.10913,18.47933,17.72093,17.13551,17.87544,19.38095,18.67783,17.11056,16.33602,16.93964,15.05500,14.00904,13.30613,12.75385,27.30624,25.55099,12.54544,14.26370,24.96810,23.29217,3.04056,8.62011,11.11041,9.07500,5.12500,0.00000,9.21066,5.36155,1.57500,3.25471,3.15000,6.01566,9.60615,10.23139,6.97074,4.72500,6.30000,8.12131,11.04743,9.59505,27.06273,25.99814,16.17332,17.80032,18.23229,31.04192,30.32149,20.78649,21.60104,23.06357,24.29554,22.36243,22.85788,23.41769,24.58614,25.49483,24.36999,23.83255,24.50972,24.60732,25.12818,26.22052,25.27599,26.21493,26.06052,28.19713,28.41871,38.15905,37.77311,32.81335,33.75145,35.28916,36.05472,36.07910,44.29979,44.10286,38.99696,39.76422,40.27675,41.08201,48.12705,42.68733,43.48066,18.98317,5.30625,10.63500,32.93745
37.03827,36.32707,32.85142,34.94986,33.54923,33.64492,32.94869,28.73127,28.61652,30.33350,29.63514,25.41201,28.28327,26.76343,25.63711,21.05855,20.94099,19.67500,20.06759,21.43258,23.47223,22.82652,20.53085,19.11263,18.70000,17.90000,18.33064,19.80494,22.16867,19.76861,19.25521,18.87599,15.85373,20.51081,18.81650,10.84162,10.80246,16.56178,14.81743,11.82693,3.20663,3.53624,1.57500,4.25243,9.21066,0.00000,3.95000,9.07500,12.02666,9.21066,4.25243,1.57500,3.15000,5.05223,9.60615,10.23139,6.15858,4.72500,13.93005,18.30096,17.45002,12.21475,12.55239,18.00868,23.27999,22.88703,22.15425,23.02512,19.88405,20.16948,24.14675,22.90090,21.63858,21.27500,22.25000,22.59790,23.80941,26.01658,24.53520,23.36136,23.02500,26.69402,27.40367,26.72645,29.31690,27.70037,31.65728,31.60733,30.13097,30.38763,36.34716,37.05797,35.17403,38.52746,38.64067,39.80881,40.53061,37.80476,38.05000,42.70659,43.29495,44.04876,23.17214,9.62601,11.36555,37.03827
35.66922,34.93016,32.22931,36.87736,35.37733,32.12547,31.39556,28.91968,29.15326,28.63889,27.89814,24.60249,30.63316,29.02217,23.97303,21.31490,21.66870,20.06759,19.67500,20.19426,21.57378,20.86942,19.23969,18.70000,19.11263,18.33064,17.90000,18.46309,20.14777,17.90770,17.16182,16.64056,14.52078,23.64615,21.91040,11.33151,12.15321,20.31600,18.58928,8.17320,4.59837,6.59640,4.25243,1.57500,5.36155,3.95000,0.00000,5.12500,8.07748,5.36155,1.57500,4.25243,5.05223,3.15000,6.01566,6.97074,4.72500,6.15858,10.85409,21.75713,20.74869,12.65158,13.73208,16.84711,26.08459,25.49159,20.43858,21.30543,20.15535,20.92404,22.30579,21.75089,21.27500,21.63858,22.59790,22.25000,22.70546,24.31759,23.46543,23.02500,23.36136,25.04103,25.85355,25.38091,27.82019,26.95966,33.77322,33.54144,30.31069,30.89362,34.94540,35.68414,34.59371,40.28415,40.23812,38.53318,39.27844,37.94816,38.45530,44.29786,42.12503,42.89940,21.60638,7.22305,9.41744,35.66922
34.49134,33.72648,32.13575,39.82563,38.23026,30.80410,30.04211,29.94914,30.60479,27.14835,26.36576,24.47980,34.12523,32.43891,22.67384,22.69203,23.58544,21.66705,20.33153,19.68340,20.02452,19.26358,18.70962,19.38958,20.78571,20.06902,18.61923,17.91005,18.47933,16.62006,15.56037,14.84604,14.31193,28.02287,26.26904,13.74795,15.31147,25.27609,23.57028,4.30094,9.04147,11.41285,9.21066,5.36155,1.57500,9.07500,5.12500,0.00000,2.95677,1.57500,5.36155,9.21066,9.60615,6.01566,3.15000,4.72500,6.97074,10.23139,8.08753,26.44831,25.30820,14.85482,16.59249,16.66743,30.10891,29.32266,19.22063,20.03792,21.60651,22.90319,20.81108,21.28346,21.88358,23.12966,24.02953,22.83261,22.25809,22.95426,23.03282,23.58848,24.74886,23.71932,24.65366,24.48941,26.63675,26.84774,36.96987,36.53799,31.29443,32.26695,33.73467,34.49935,34.50657,42.99945,42.76802,37.43866,38.20527,38.73843,39.56704,46.78078,41.12621,41.91903,20.55179,6.79343,9.09210,34.49134
33.94591,33.17315,32.25324,41.56430,39.92606,30.21208,29.44003,30.72794,31.60733,26.50284,25.70682,24.69606,36.18164,34.46579,22.22860,23.77505,24.93438,22.88834,21.08272,19.79144,19.49041,18.71605,18.83753,20.18553,22.06469,21.39838,19.45496,18.05249,17.91677,16.36723,15.15528,14.35000,14.81743,30.56078,28.80556,15.60196,17.43506,28.11815,26.42585,3.61464,11.79971,14.24300,12.10336,8.19123,3.25471,12.02666,8.07748,2.95677,0.00000,3.44284,8.26778,12.15530,12.48291,8.74232,4.46374,5.74092,9.45840,12.99447,7.88515,29.28145,28.09666,16.86092,18.81650,17.45904,32.67271,31.80889,19.31657,20.07898,23.09840,24.62471,20.68952,21.76644,22.94300,24.61252,25.46769,23.85808,22.72895,22.86314,23.49475,24.58874,26.15342,23.63771,24.62825,24.65302,26.58630,27.42091,39.13862,38.61480,32.40581,33.57196,33.57582,34.34854,34.99826,44.91195,44.58980,37.31569,38.08884,39.68036,40.67604,48.56317,41.03246,41.83088,20.30902,7.99660,10.32527,33.94591
36.04706,35.28133,33.70791,41.07501,39.49820,32.35457,31.59134,31.46292,32.07906,28.69190,27.90744,26.04998,35.23394,33.56579,24.23267,24.16022,24.98862,23.10667,21.85928,21.25778,21.57402,20.81108,20.28388,20.91271,22.21331,21.48561,20.13805,19.48424,20.02452,18.18683,17.11602,16.39262,15.87335,28.80787,27.05981,15.01951,16.44356,25.67715,23.94896,5.71948,9.70316,11.91748,9.60615,6.01566,3.15000,9.21066,5.36155,1.57500,3.44284,0.00000,5.12500,9.07500,9.21066,5.36155,1.57500,3.15000,6.01566,9.60615,6.61154,25.91517,24.69956,13.59104,15.45093,15.10468,29.23103,28.37613,17.65639,18.47681,20.16719,21.53603,19.26358,19.70913,20.35573,21.68976,22.57900,21.30073,20.68370,21.40166,21.45839,22.05376,23.29073,22.16525,23.09426,22.91884,25.07819,25.27727,35.81048,35.32992,29.78134,30.79145,32.18218,32.94584,32.93427,41.71806,41.45003,35.88182,36.64769,37.20318,38.05695,45.44921,39.56619,40.35843,22.12133,8.31302,7.56245,36.04706
37.17568,36.43368,33.79712,38.22323,36.74386,33.61504,32.88108,30.48463,30.69732,30.10611,29.35946,26.16530,31.86362,30.27649,25.45242,22.87167,23.18816,21.61400,21.25000,21.73166,23.01923,22.30579,20.77381,20.27500,20.65619,19.87154,19.47500,19.99378,21.57378,19.37060,18.58390,18.03389,16.06191,24.57138,22.85249,12.84455,13.55175,20.81287,19.06713,9.00087,5.79207,7.43543,5.05223,3.15000,6.01566,4.25243,1.57500,5.36155,8.26778,5.12500,0.00000,3.95000,4.25243,1.57500,5.36155,6.01566,3.15000,5.05223,9.80386,21.10582,20.00178,11.14061,12.32845,15.30272,25.06616,24.39689,18.97502,19.84428,18.60410,19.41803,20.86942,20.21301,19.70000,20.09210,21.04895,20.67500,21.16439,22.85778,21.92209,21.45000,21.81066,23.57424,24.37105,23.86907,26.33178,25.39611,32.50000,32.22121,28.74587,29.34915,33.44915,34.18452,33.02557,38.91344,38.83437,37.02240,37.76515,36.37957,36.89974,42.88928,40.60340,41.37579,23.10438,8.66765,7.95063,37.17568
38.49118,37.77503,34.39088,36.36713,34.98723,35.07002,34.36714,30.30594,30.18805,31.72244,31.01472,26.92788,29.61153,28.11869,27.02556,22.63295,22.50962,21.25000,21.61400,22.88695,24.80731,24.14675,21.97501,20.65619,20.27500,19.47500,19.87154,21.23914,23.47223,21.10290,20.53281,20.11508,17.27636,21.57093,19.90556,12.41451,12.35486,17.16765,15.41268,12.41332,4.76294,4.92728,3.15000,5.05223,9.60615,1.57500,4.25243,9.21066,12.15530,9.07500,3.95000,0.00000,1.57500,4.25243,9.21066,9.60615,5.05223,3.15000,13.12824,17.52165,16.55495,10.64193,10.99923,16.57289,22.13289,21.66110,20.81169,21.68019,18.30983,18.60249,22.82652,21.44564,20.09210,19.70000,20.67500,21.04895,22.34460,24.65757,23.06357,21.81066,21.45000,25.32316,26.00967,25.29516,27.90842,26.18110,30.29526,30.20267,28.55630,28.81605,34.91104,35.61624,33.63295,37.09189,37.17665,38.34831,39.06586,36.22997,36.47716,41.24370,41.81592,42.56632,24.57489,10.75247,10.18332,38.49118
39.95336,39.23278,35.93342,37.79689,36.43656,36.50744,35.79869,31.88065,31.75992,33.12803,32.41213,28.45018,30.96293,29.49578,28.43345,24.20744,24.07909,22.82500,23.16426,24.35633,26.16908,25.49593,23.43604,22.20417,21.85000,21.05000,21.41740,22.69203,24.80731,22.46838,21.84927,21.39838,18.72340,22.69093,21.05619,13.98787,13.91234,17.89204,16.14021,13.16306,6.32851,6.40410,4.72500,6.15858,10.23139,3.15000,5.05223,9.60615,12.48291,9.21066,4.25243,1.57500,0.00000,3.95000,9.07500,9.21066,4.25243,1.57500,12.47462,16.85386,15.76676,9.06987,9.45331,15.16476,21.04122,20.48295,19.50393,20.36827,16.73576,17.03696,21.54056,20.00853,18.55042,18.12500,19.10000,19.50417,20.89583,23.32574,21.60651,20.26371,19.87500,23.97740,24.63750,23.88196,26.51868,24.66882,28.95485,28.81563,26.98167,27.24487,33.48740,34.18626,32.09517,35.66809,35.72207,36.89724,37.61001,34.65519,34.90451,39.78936,40.34415,41.09076,25.99737,11.98050,9.12062,39.95336
38.68760,37.94300,35.36556,39.58601,38.12648,35.11208,34.37457,32.05056,32.24438,31.58372,30.83198,27.72950,33.12326,31.55957,26.94265,24.43077,24.71457,23.16426,22.82500,23.27409,24.48067,23.75973,22.31363,21.85000,22.20417,21.41740,21.05000,21.53086,23.01923,20.84984,20.02887,19.45496,17.60904,25.56024,23.86144,14.37091,14.98535,21.41431,19.65989,10.00956,7.13530,8.48646,6.15858,4.72500,6.97074,5.05223,3.15000,6.01566,8.74232,5.36155,1.57500,4.25243,3.95000,0.00000,5.12500,5.36155,1.57500,4.25243,8.90962,20.55480,19.35447,9.65013,10.97144,13.76526,24.10769,23.35715,17.53078,18.40194,17.05720,17.92388,19.45451,18.68131,18.12500,18.55042,19.50417,19.10000,19.62869,21.41431,20.38360,19.87500,20.26371,22.12234,22.90090,22.36595,24.85404,23.83407,31.25429,30.92484,27.18222,27.80810,31.96046,32.69198,31.45811,37.55875,37.44424,35.51720,36.25711,34.81156,35.34590,41.49266,39.08600,39.85619,24.61200,10.15111,6.53438,38.68760
37.60439,36.83790,35.28032,42.34611,40.78756,33.90730,33.14300,32.98244,33.56249,30.23869,29.45264,27.62070,36.37707,34.72756,25.79347,25.64109,26.41118,24.56290,23.39329,22.83224,23.12696,22.36243,21.85824,22.44300,23.65963,22.92287,21.66491,21.05855,21.57402,19.75490,18.67492,17.94415,17.43721,29.65580,27.91711,16.34400,17.64373,26.16702,24.42352,7.20334,10.56010,12.60002,10.23139,6.97074,4.72500,9.60615,6.01566,3.15000,4.46374,1.57500,5.36155,9.21066,9.07500,5.12500,0.00000,1.57500,5.36155,9.21066,5.19405,25.46842,24.17835,12.39871,14.39143,13.54476,28.41340,27.48733,16.09425,16.91828,18.74970,20.19916,17.72093,18.13493,18.83564,20.26996,21.14629,19.77563,19.10942,19.85260,19.88405,20.52514,21.84883,20.61435,21.53713,21.34892,23.52182,23.70741,34.68388,34.15176,28.27501,29.32629,30.63198,31.39447,31.36225,40.45739,40.15057,34.32664,35.09167,35.67139,36.55233,44.13367,38.00740,38.79900,23.69159,9.85003,6.05609,37.60439
39.16313,38.39596,36.85296,43.63704,42.09636,35.46200,34.69676,34.50693,35.05390,31.78824,31.00085,29.19189,37.55147,35.92082,27.35590,27.13257,27.85016,26.03297,24.93242,24.40677,24.68270,23.91686,23.43268,23.97908,25.12143,24.37717,23.19819,22.63295,23.12696,21.32400,20.23631,19.49944,19.00291,30.56142,28.83502,17.70955,18.89902,26.74082,24.98850,8.71923,11.56898,13.43340,11.04743,8.12131,6.30000,10.23139,6.97074,4.72500,5.74092,3.15000,6.01566,9.60615,9.21066,5.36155,1.57500,0.00000,5.12500,9.07500,3.89936,25.11267,23.75033,11.30050,13.43340,11.98880,27.66136,26.66200,14.53489,15.36311,17.35938,18.89902,16.18450,16.56087,17.32536,18.87480,19.73528,18.25900,17.53527,18.30796,18.30983,19.00409,20.42659,19.06740,19.98281,19.77980,21.96812,22.13827,33.59335,33.00671,26.77659,27.87312,29.08445,29.84557,29.79054,39.21946,38.87149,32.77335,33.53741,34.14354,35.05390,42.83565,36.45001,37.24088,25.26244,11.39742,4.59599,39.16313
40.20437,39.45745,36.93457,40.96402,39.52349,36.61566,35.87503,33.61733,33.79402,33.07031,32.31417,29.29485,34.40890,32.86804,28.44201,25.99179,26.24673,24.71766,24.40000,24.82061,25.95539,25.22822,23.85804,23.42500,23.75570,22.96722,22.62500,23.07306,24.48067,22.34217,21.49212,20.89812,19.16070,26.60564,24.92912,15.90676,16.44483,22.11178,20.35751,11.15025,8.55793,9.68068,7.43589,6.30000,8.12131,6.15858,4.72500,6.97074,9.45840,6.01566,3.15000,5.05223,4.25243,1.57500,5.36155,5.12500,0.00000,3.95000,8.22242,20.11233,18.81705,8.19134,9.68068,12.23737,23.21659,22.38003,16.11106,16.98317,15.51596,16.44483,18.06613,17.15745,16.55000,17.01485,17.96464,17.52500,18.09976,19.99070,18.85114,18.30000,18.72144,20.68846,21.44564,20.87343,23.38899,22.27386,30.03952,29.65546,25.61996,26.27109,30.48045,31.20755,29.89144,36.22189,36.06932,34.01831,34.75502,33.24422,33.79402,40.10926,37.57334,38.34105,26.12757,11.65861,5.21009,40.20437
41.42380,40.69927,37.47866,39.23778,37.89593,37.95578,37.24182,33.45538,33.33209,34.54824,33.82515,29.97792,32.33458,30.89180,29.85805,25.78198,25.64923,24.40000,24.71766,25.83815,27.55358,26.86970,24.91097,23.75570,23.42500,22.62500,22.96722,24.16022,26.16908,23.85969,23.19798,22.71841,20.18960,23.86237,22.25885,15.56157,15.47336,18.72119,16.98302,14.05002,7.89782,7.91885,6.30000,7.43589,11.04743,4.72500,6.15858,10.23139,12.99447,9.60615,5.05223,3.15000,1.57500,4.25243,9.21066,9.07500,3.95000,0.00000,11.99346,16.31129,15.10219,7.49904,7.91885,13.79277,20.01406,19.36132,18.23846,19.09615,15.16188,15.47336,20.29538,18.59377,17.01485,16.55000,17.52500,17.96464,19.46667,22.02602,20.16719,18.72144,18.30000,22.66120,23.29100,22.49028,25.15080,23.16490,27.63919,27.44888,25.40709,25.67416,32.07792,32.76959,30.56118,34.25753,34.27814,35.45674,36.16416,33.08044,33.33209,38.34456,38.88047,39.62286,27.43652,13.28197,8.22390,41.42380
41.82915,41.05612,40.00673,47.51348,45.96401,38.09331,37.32077,38.03302,38.68503,34.38114,33.58426,32.39261,41.45082,39.81972,30.11063,30.76810,31.59045,29.71806,28.40648,27.52795,27.37523,26.60096,26.56244,27.46901,28.82328,28.09308,26.70180,25.76826,25.80177,24.21241,23.02500,22.22860,22.31363,34.37416,32.65633,21.53603,22.78532,30.28814,28.53279,11.40702,15.45093,17.23866,14.85608,12.01949,9.59505,13.93005,10.85409,8.08753,7.88515,6.61154,9.80386,13.12824,12.47462,8.90962,5.19405,3.89936,8.22242,11.99346,0.00000,27.24667,25.74996,11.91748,14.37380,9.96199,28.83753,27.65072,11.43200,12.20000,16.44356,18.38588,12.85382,13.96003,15.61620,17.89136,18.64326,16.47229,14.91151,15.02103,15.66988,17.16182,19.25521,15.79377,16.76909,16.76792,18.73688,19.62869,33.68220,32.90616,25.01106,26.40650,25.77518,26.54507,27.15467,38.71513,38.19794,29.50292,30.27401,32.07906,33.22478,42.05818,33.21078,34.00758,28.16067,14.87973,4.68141,41.82915
53.07736,52.44112,47.47629,40.95000,40.18088,50.06529,49.44908,41.63488,40.54874,47.14638,46.53452,40.89529,33.27500,32.51317,42.56062,34.68880,33.39476,33.19274,35.21655,37.92569,40.78821,40.23462,37.16077,34.40890,32.33458,31.63550,33.75281,36.55411,39.67096,37.17648,36.92534,36.68815,32.87329,23.02500,22.30567,26.07773,24.41384,15.35000,14.65985,29.92977,20.60734,18.53969,19.17819,22.50001,27.06273,18.30096,21.75713,26.44831,29.28145,25.91517,21.10582,17.52165,16.85386,20.55480,25.46842,25.11267,20.11233,16.31129,27.24667,0.00000,1.76653,16.35008,13.87525,23.67768,7.67500,8.62011,28.39372,29.03500,19.11474,17.13595,30.34639,26.68972,22.70222,19.41502,20.01406,23.21659,27.12859,31.18850,27.49711,23.64615,20.51081,31.51941,31.63702,30.25327,32.91577,28.39521,17.92500,18.76621,26.07773,24.74703,38.32325,38.80581,33.58664,25.60000,26.42198,40.74213,41.26685,32.45374,31.44332,30.12500,43.33290,43.91060,40.05591,27.81807,22.66325,53.07736
52.87109,52.22048,47.46084,41.77970,40.95000,49.78476,49.15242,41.79846,40.81177,46.78473,46.15420,40.72687,34.11138,33.27500,42.16308,34.70851,33.53044,33.20868,35.05455,37.58512,40.30405,39.72812,36.79300,34.22029,32.32682,31.60733,33.54144,36.16248,39.14081,36.65967,36.34556,36.06938,32.41213,23.87700,23.05000,25.78868,24.26430,16.22662,15.37500,28.91316,19.93466,18.00446,18.43641,21.58486,25.99814,17.45002,20.74869,25.30820,28.09666,24.69956,20.00178,16.55495,15.76676,19.35447,24.17835,23.75033,18.81705,15.10219,25.74996,1.76653,0.00000,14.67968,12.18208,21.94005,7.05310,7.67500,26.64324,27.27986,17.35688,15.40264,28.59023,24.92355,20.94006,17.67714,18.29045,21.46033,25.36223,29.42347,25.73195,21.89603,18.79977,29.75317,29.87073,28.48827,31.15295,26.65823,17.19727,17.90000,24.48543,23.22964,36.59154,37.07991,31.93988,24.84996,25.57500,39.04088,39.57250,30.99118,30.05999,29.36726,41.66593,42.25127,39.65648,27.04548,21.13377,52.87109
48.31525,47.57390,44.74959,46.40121,45.11896,44.75434,44.01904,40.92500,40.82971,41.23350,40.48211,37.17271,39.29699,37.93654,36.58854,33.25000,33.14823,31.88065,32.05056,32.83939,34.12998,33.40733,31.88770,31.08106,30.90582,30.10598,30.28585,31.11311,32.66389,30.49899,29.67412,29.08768,27.16414,30.24737,28.76579,23.02500,22.96700,24.10876,22.48769,19.14409,15.35000,15.36311,13.78806,14.17650,16.17332,12.21475,12.65158,14.85482,16.86092,13.59104,11.14061,10.64193,9.06987,9.65013,12.39871,11.30050,8.19134,7.49904,11.91748,16.35008,14.67968,0.00000,2.55783,7.82129,16.94368,15.73328,12.66888,13.43340,7.67500,8.27757,14.74163,12.01546,9.67358,9.09481,10.06789,10.59363,12.76786,16.06370,13.38642,11.33151,10.84162,16.57832,17.00827,15.95347,18.70216,15.95872,22.29828,21.75438,17.92500,18.30350,25.31514,25.96388,23.18000,28.14472,27.92958,28.51283,29.19008,25.60000,25.92571,31.95627,31.80885,32.52880,34.24497,19.79747,7.30107,48.31525
49.30191,48.57243,45.38643,45.76735,44.55346,45.80416,45.08255,41.20398,40.95000,42.35305,41.61804,37.89647,38.50663,37.22098,37.67521,33.54706,33.25000,32.13422,32.61312,33.73438,35.30394,34.60134,32.80077,31.65470,31.16107,30.36268,30.86908,32.04326,33.87938,31.63061,30.89244,30.35792,28.07371,29.14293,27.74168,23.36457,23.02500,22.64001,21.08924,20.82297,15.75770,15.35000,14.11039,15.16940,17.80032,12.55239,13.73208,16.59249,18.81650,15.45093,12.32845,10.99923,9.45331,10.97144,14.39143,13.43340,9.68068,7.91885,14.37380,13.87525,12.18208,2.55783,0.00000,9.95615,14.46429,13.31827,14.78075,15.49698,7.89798,7.67500,16.81571,13.69110,10.65719,9.08670,10.04117,11.48183,14.34235,17.96176,14.88527,12.15321,10.80246,18.41502,18.74143,17.56248,20.31903,16.98656,20.37745,19.97506,17.90749,17.92500,26.65514,27.26634,23.83495,26.59102,26.50927,29.68369,30.32970,25.52768,25.60000,30.56715,32.83981,33.53287,35.27897,20.95501,9.71227,49.30191
51.14915,50.38260,48.62500,52.94001,51.55442,47.45048,46.68545,45.73921,45.99905,43.77661,42.98873,40.95000,46.11999,44.66034,39.33708,38.15770,38.47938,36.91423,36.36170,36.25204,36.67071,35.90533,35.27681,35.39046,35.95793,35.17403,34.59371,34.47743,35.11570,33.28691,32.21934,31.48755,30.72500,37.53036,35.97052,28.13611,28.64233,31.75035,30.08872,20.69037,20.74464,21.49773,19.46601,18.39669,18.23229,18.00868,16.84711,16.66743,17.45904,15.10468,15.30272,16.57289,15.16476,13.76526,13.54476,11.98880,12.23737,13.79277,9.96199,23.67768,21.94005,7.82129,9.95615,0.00000,22.66325,21.13377,4.84955,5.61527,7.30107,9.71227,6.92067,4.92100,5.67874,8.52852,9.10494,6.51249,5.86350,8.34865,6.61938,7.20056,9.60914,8.93060,9.50638,8.72228,11.35872,10.22500,25.19073,24.15358,15.05093,16.48190,18.33988,19.04929,17.90000,29.37197,28.69549,21.81401,22.54303,22.22189,23.28100,32.44107,25.34296,26.10796,37.21442,23.05000,7.67500,51.14915
59.55591,58.88867,54.34503,48.62500,47.85093,56.37971,55.72659,48.79985,47.84847,53.27045,52.61312,47.47629,40.95000,40.18088,48.60723,41.63488,40.52519,40.13480,41.82404,44.12938,46.61247,45.99971,43.30128,40.96402,39.23778,38.50459,40.26227,42.63803,45.37238,42.92764,42.49866,42.14732,38.79784,30.70000,29.96642,32.45374,31.08315,23.02500,22.30567,34.05882,26.07773,24.41384,24.47473,27.15621,31.04192,23.27999,26.08459,30.10891,32.67271,29.23103,25.06616,22.13289,21.04122,24.10769,28.41340,27.66136,23.21659,20.01406,28.83753,7.67500,7.05310,16.94368,14.46429,22.66325,0.00000,1.76653,26.83377,27.29438,16.35008,13.87525,28.52446,24.34755,19.89604,16.04385,16.31129,20.11233,24.52460,28.84576,24.69191,20.31600,16.56178,28.99884,28.86192,27.33807,29.75945,24.54231,10.25000,11.13693,20.60734,18.81382,34.13112,34.50009,28.39521,17.92500,18.76621,36.03638,36.46582,26.07773,24.74703,22.45000,38.20028,38.69601,46.10640,32.87329,24.17488,59.55591
59.47548,58.79679,54.44443,49.45009,48.62500,56.24003,55.57412,49.06478,48.19913,53.06647,52.39437,47.46084,41.77970,40.95000,48.38659,41.79846,40.78788,40.30063,41.83474,43.97688,46.32214,45.69192,43.12868,40.95591,39.38758,38.64067,40.23812,42.44765,45.04610,42.62515,42.14185,41.75710,38.56742,31.53935,30.72500,32.41193,31.16349,23.87700,23.05000,33.35360,25.78868,24.26430,24.15348,26.63448,30.32149,22.88703,25.49159,29.32266,31.80889,28.37613,24.39689,21.66110,20.48295,23.35715,27.48733,26.66200,22.38003,19.36132,27.65072,8.62011,7.67500,15.73328,13.31827,21.13377,1.76653,0.00000,25.21885,25.65974,14.67968,12.18208,26.87793,22.66991,18.19967,14.32561,14.57108,18.39351,22.82582,27.15467,22.97852,18.58267,14.80914,27.29452,27.14130,25.61192,28.01719,22.78109,9.58035,10.22500,18.87937,17.13011,32.36483,32.73478,26.65823,17.19727,17.90000,34.28075,34.71406,24.48543,23.22964,21.70721,36.46712,36.96878,45.89380,32.41213,23.01561,59.47548
53.25547,52.48203,51.34098,57.07066,55.63452,49.51687,48.74372,48.99103,49.43787,45.80137,45.00362,43.69514,50.42149,48.91570,41.54234,41.53207,42.06641,40.36708,39.45157,38.87063,38.80697,38.03263,37.89990,38.49371,39.43147,38.66524,37.70843,37.10206,37.23333,35.62697,34.45232,33.65951,33.52971,42.08950,40.49605,31.75526,32.51394,36.49576,34.81725,22.82500,24.65671,25.68624,23.52565,21.91760,20.78649,22.15425,20.43858,19.22063,19.31657,17.65639,18.97502,20.81169,19.50393,17.53078,16.09425,14.53489,16.11106,18.23846,11.43200,28.39372,26.64324,12.66888,14.78075,4.84955,26.83377,25.21885,0.00000,0.87214,10.65323,13.21103,2.09075,3.50616,7.59317,11.43378,11.65861,7.92768,4.18151,3.88370,4.79251,8.26627,11.89144,4.60285,5.45854,5.33819,7.44354,8.71328,28.08427,26.84404,15.31147,17.30842,14.57706,15.33175,15.89459,31.26856,30.35615,18.24461,19.00658,21.50769,23.03889,33.82834,21.91535,22.70600,39.57678,25.93021,11.02571,53.25547
54.00563,53.23180,52.14670,57.94274,56.50664,50.26461,49.49101,49.83483,50.29176,46.54678,45.74847,44.50563,51.29065,49.78604,42.30756,42.38403,42.92792,41.22309,40.28782,39.67327,39.56745,38.79280,38.70340,39.33111,40.28860,39.52330,38.54681,37.90611,37.99317,36.40825,35.22500,34.42732,34.34935,42.94232,41.35197,32.61964,33.38459,37.31704,35.64267,23.60339,25.52844,26.55676,24.39760,22.78175,21.60104,23.02512,21.30543,20.03792,20.07898,18.47681,19.84428,21.68019,20.36827,18.40194,16.91828,15.36311,16.98317,19.09615,12.20000,29.03500,27.27986,13.43340,15.49698,5.61527,27.29438,25.65974,0.87214,0.00000,11.02500,13.57647,1.31933,3.44710,7.80164,11.70900,11.86513,8.03407,3.94501,3.01351,4.45477,8.29627,12.04422,3.73940,4.61979,4.61553,6.60535,8.25140,28.24483,26.96638,15.05367,17.13135,13.73172,14.48898,15.26127,31.22293,30.26851,17.41041,18.17431,21.04415,22.64500,33.68220,21.08947,21.88163,40.35744,26.76035,11.89435,54.00563
55.70643,54.95656,52.35506,53.66287,52.44112,52.09828,51.35232,48.60000,48.49209,48.52116,47.75587,44.74959,46.40121,45.11896,43.92176,40.92500,40.80476,39.55455,39.69162,40.33128,41.38892,40.64899,39.37063,38.72019,38.57967,37.77976,37.92325,38.58713,39.88660,37.81564,36.91004,36.27136,34.66486,36.96465,35.59573,30.70000,30.60641,30.24737,28.76579,25.88147,23.02500,22.96700,21.45839,21.71002,23.06357,19.88405,20.15535,21.60651,23.09840,20.16719,18.60410,18.30983,16.73576,17.05720,18.74970,17.35938,15.51596,15.16188,16.44356,19.11474,17.35688,7.67500,7.89798,7.30107,16.35008,14.67968,10.65323,11.02500,0.00000,2.55783,12.21475,7.99848,3.63077,1.52315,2.44962,4.10647,8.22534,12.51162,8.48163,4.59837,3.20663,12.70600,12.67017,11.21450,13.82353,9.47945,17.89169,16.85990,10.25000,10.75663,19.39744,19.94069,15.95872,22.29828,21.75438,22.15453,22.75975,17.92500,18.30350,25.62874,25.14888,25.81678,41.63154,27.16414,12.77693,55.70643
56.59144,55.85068,52.92943,53.14462,51.98491,53.03179,52.29618,48.86658,48.62500,49.50710,48.75401,45.38643,45.76735,44.55346,44.86525,41.20398,40.92500,39.79780,40.18548,41.10067,42.39841,41.67269,40.15198,39.22130,38.82400,38.02503,38.43059,39.37996,40.92546,38.77370,37.93694,37.33887,35.42549,36.10904,34.81747,31.00504,30.70000,29.14293,27.74168,27.20332,23.36457,23.02500,21.73764,22.43953,24.29554,20.16948,20.92404,22.90319,24.62471,21.53603,19.41803,18.60249,17.03696,17.92388,20.19916,18.89902,16.44483,15.47336,18.38588,17.13595,15.40264,8.27757,7.67500,9.71227,13.87525,12.18208,13.21103,13.57647,2.55783,0.00000,14.75542,10.49384,6.02080,2.28965,2.92115,6.28813,10.64947,14.97308,10.83435,6.59640,3.53624,15.12564,15.01876,13.51897,16.03909,11.26022,15.53094,14.59713,10.36846,10.25000,21.18893,21.68020,16.98656,20.37745,19.97506,23.70724,24.26739,17.90749,17.92500,23.93846,26.49880,27.12759,42.52226,28.07371,14.39939,56.59144
54.55388,53.77930,52.85823,59.02858,57.57909,50.80779,50.03330,50.69004,51.19583,47.08538,46.28599,45.23556,52.42645,50.90963,42.90164,43.28008,43.87845,42.14098,41.11381,40.37961,40.15000,39.37500,39.41302,40.16221,41.21311,40.45344,39.38227,38.61795,38.57500,37.05135,35.84426,35.03357,35.11570,44.15365,42.55416,33.59360,34.42052,38.58566,36.90611,24.25120,26.58911,27.68200,25.49593,23.75973,22.36243,24.14675,22.30579,20.81108,20.68952,19.26358,20.86942,22.82652,21.54056,19.45451,17.72093,16.18450,18.06613,20.29538,12.85382,30.34639,28.59023,14.74163,16.81571,6.92067,28.52446,26.87793,2.09075,1.31933,12.21475,14.75542,0.00000,4.39837,8.88608,12.82498,12.92249,9.02625,4.67507,2.17500,5.02077,9.21005,13.05153,2.95000,3.96776,4.40511,5.90000,8.49588,29.22555,27.90907,15.55514,17.73654,12.92945,13.69713,15.09273,31.96910,30.96293,16.65032,17.42086,21.18952,22.90607,34.29595,20.35697,21.15387,40.99640,27.57065,12.92478,54.55388
55.66027,54.89000,53.36772,57.80425,56.43273,51.94038,51.17091,50.61636,50.90394,48.24360,47.45024,45.69569,50.92358,49.48548,43.87816,43.05138,43.39581,41.81780,41.19925,40.95001,41.17776,40.40713,39.97500,40.23029,40.86351,40.08125,39.43547,39.17500,39.61182,37.87454,36.76021,36.00046,35.47666,42.16424,40.63887,33.05186,33.56025,36.12272,34.50279,25.15080,25.66313,26.37293,24.37105,23.29374,22.85788,22.90090,21.75089,21.28346,21.76644,19.70913,20.21301,21.44564,20.00853,18.68131,18.13493,16.56087,17.15745,18.59377,13.96003,26.68972,24.92355,12.01546,13.69110,4.92100,24.34755,22.66991,3.50616,3.44710,7.99848,10.49384,4.39837,0.00000,4.52500,8.47500,8.53090,4.62885,0.97500,4.53831,1.75000,4.85161,8.65379,4.82992,5.05223,3.94501,6.68697,5.66927,24.83728,23.53844,11.84644,13.80518,13.48416,14.17826,13.24656,27.79391,26.86196,16.90813,17.63230,18.30550,19.70803,30.32244,20.42298,21.18722,41.81750,27.80901,12.47600,55.66027
56.33601,55.57511,53.44291,56.07478,54.79011,52.66817,51.90949,50.11210,50.17311,49.02630,48.24581,45.78349,48.95161,47.60374,44.51422,42.45737,42.53617,41.14007,40.95000,41.20200,41.89541,41.13822,40.23029,39.97500,40.16968,39.37363,39.17500,39.43547,40.35732,38.42460,37.42053,36.72378,35.58968,39.76019,38.32520,32.27433,32.44102,33.28514,31.74501,26.03700,24.65366,24.93312,23.18890,22.85000,23.41769,21.63858,21.27500,21.88358,22.94300,20.35573,19.70000,20.09210,18.55042,18.12500,18.83564,17.32536,16.55000,17.01485,15.61620,22.70222,20.94006,9.67358,10.65719,5.67874,19.89604,18.19967,7.59317,7.80164,3.63077,6.02080,8.88608,4.52500,0.00000,3.95000,4.06855,0.97500,4.62885,8.95618,4.85161,1.75000,4.32030,9.10741,9.04147,7.58502,10.21433,6.33818,20.49244,19.27074,9.46282,10.80336,16.06100,16.64801,13.54633,23.99064,23.21353,19.02677,19.67311,16.86114,17.73515,26.87936,22.20881,22.91356,42.31634,27.95305,12.79385,56.33601
57.21264,56.46356,53.82037,54.82639,53.62790,53.60850,52.86332,50.00360,49.86314,50.03512,49.27061,46.22354,47.51644,46.26133,45.43204,42.32925,42.17011,40.95000,41.14007,41.82287,42.90388,42.16480,40.86351,40.16968,39.97500,39.17500,39.37363,40.08125,41.40327,39.32636,38.42566,37.78930,36.15401,37.97927,36.64446,32.10561,31.95954,31.13604,29.69412,27.40439,24.43237,24.30336,22.85000,23.18890,24.58614,21.27500,21.63858,23.12966,24.61252,21.68976,20.09210,19.70000,18.12500,18.55042,20.26996,18.87480,17.01485,16.55000,17.89136,19.41502,17.67714,9.09481,9.08670,8.52852,16.04385,14.32561,11.43378,11.70900,1.52315,2.28965,12.82498,8.47500,3.95000,0.00000,0.97500,4.06855,8.53090,12.87364,8.65379,4.32030,1.75000,12.97931,12.81808,11.29801,13.77861,8.98109,16.77774,15.66385,8.87032,9.25770,18.91800,19.41884,14.96632,20.90701,20.31903,21.49309,22.06731,16.53589,16.83829,24.16718,24.35500,24.99932,43.13682,28.66811,14.28881,57.21264
58.15600,57.40606,54.78700,55.76204,54.56980,54.54716,53.80094,50.97853,50.83741,50.96834,50.20250,47.18721,48.43881,47.19170,46.37064,43.30416,43.14409,41.92500,42.11067,42.77798,43.83544,43.09481,41.81780,41.14007,40.95000,40.15000,40.34383,41.03472,42.33158,40.26442,39.35607,38.71486,37.11052,38.87085,37.54761,33.08044,32.93278,31.98445,30.55783,28.29666,25.40709,25.27533,23.82500,24.15022,25.49483,22.25000,22.59790,24.02953,25.46769,22.57900,21.04895,20.67500,19.10000,19.50417,21.14629,19.73528,17.96464,17.52500,18.64326,20.01406,18.29045,10.06789,10.04117,9.10494,16.31129,14.57108,11.65861,11.86513,2.44962,2.92115,12.92249,8.53090,4.06855,0.97500,0.00000,3.95000,8.47500,12.80625,8.51036,4.02531,0.77500,12.85382,12.61393,11.06585,13.44826,8.41936,16.43649,15.24830,7.89782,8.30711,18.31506,18.79177,14.11559,20.26826,19.62272,20.78921,21.34697,15.56157,15.87026,23.42922,23.58263,24.21530,44.08115,29.61372,15.14268,58.15600
57.29381,56.53244,54.41625,56.98993,55.71237,53.62330,52.86404,51.08496,51.14147,49.97836,49.19712,46.75623,49.84742,48.50836,45.47176,43.42940,43.50195,42.11067,41.92500,42.17118,42.84890,42.09091,41.19925,40.95000,41.14007,40.34383,40.15000,40.40418,41.30914,39.38414,38.37533,37.67553,36.56095,40.61269,39.18964,33.24422,33.40023,34.08009,32.55436,26.97455,25.61996,25.88146,24.15022,23.82500,24.36999,22.59790,22.25000,22.83261,23.85808,21.30073,20.67500,21.04895,19.50417,19.10000,19.77563,18.25900,17.52500,17.96464,16.47229,23.21659,21.46033,10.59363,11.48183,6.51249,20.11233,18.39351,7.92768,8.03407,4.10647,6.28813,9.02625,4.62885,0.97500,4.06855,3.95000,0.00000,4.52500,8.85903,4.59089,0.77500,4.02531,8.92766,8.74964,7.23468,9.76412,5.51345,20.21400,18.93451,8.55793,10.00078,15.34621,15.91212,12.60010,23.43608,22.60655,18.22790,18.86155,15.90676,16.81881,26.21785,21.35897,22.05551,43.27858,28.92205,13.74093,57.29381
56.62950,55.85907,54.34240,58.69245,57.32857,52.90865,52.13898,51.57971,51.85866,49.21080,48.41718,46.67026,51.78529,50.35631,44.84928,44.01029,44.34288,42.77302,42.16849,41.92501,42.14749,41.37666,40.95000,41.19925,41.81780,41.03472,40.40418,40.15000,40.58113,38.84767,37.73172,36.97083,36.45094,42.96907,41.45510,33.99958,34.48835,36.85652,35.24887,26.12017,26.59277,27.27124,25.28747,24.25090,23.83255,23.80941,22.70546,22.25809,22.72895,20.68370,21.16439,22.34460,20.89583,19.62869,19.10942,17.53527,18.09976,19.46667,14.91151,27.12859,25.36223,12.76786,14.34235,5.86350,24.52460,22.82582,4.18151,3.94501,8.22534,10.64947,4.67507,0.97500,4.62885,8.53090,8.47500,4.52500,0.00000,4.34346,0.77500,4.59089,8.51036,4.48177,4.50923,3.22044,5.97673,4.72930,24.60805,23.26397,11.13693,13.18659,12.62431,13.30648,12.27724,27.31667,26.33919,16.00385,16.72199,17.43038,18.88764,29.73762,19.49545,20.25617,42.79096,28.78286,13.44549,56.62950
56.72778,55.95316,55.02105,60.94526,59.51322,52.98144,52.20691,52.80370,53.28229,49.25882,48.45938,47.39401,54.26876,52.77193,45.07656,45.37103,45.93270,44.21816,43.24035,42.54287,42.32500,41.55000,41.57557,42.28646,43.28582,42.52226,41.50452,40.78000,40.75000,39.22350,38.01816,37.20807,37.26353,45.84237,44.26582,35.62886,36.39764,40.09295,38.43542,26.42198,28.53910,29.54526,27.39873,25.79095,24.50972,26.01658,24.31759,22.95426,22.86314,21.40166,22.85778,24.65757,23.32574,21.41431,19.85260,18.30796,19.99070,22.02602,15.02103,31.18850,29.42347,16.06370,17.96176,8.34865,28.84576,27.15467,3.88370,3.01351,12.51162,14.97308,2.17500,4.53831,8.95618,12.87364,12.80625,8.85903,4.34346,0.00000,4.34123,8.85794,12.80549,0.77500,1.81418,2.63688,3.72500,7.03602,28.77461,27.37500,14.30789,16.62733,10.78060,11.54516,13.10458,31.02390,29.92977,14.49038,15.25953,19.45154,21.28814,33.12081,18.19177,18.98791,43.16906,29.70206,14.90774,56.72778
57.40005,56.62950,55.11715,59.40039,58.04247,53.67847,52.90865,52.34576,52.61807,49.97982,49.18600,47.44493,52.47307,51.05120,45.62132,44.77300,45.09652,43.53293,42.93909,42.70001,42.91848,42.14749,41.72500,41.96965,42.57700,41.79332,41.17440,40.92500,41.35180,39.62125,38.50407,37.74233,37.22540,43.61377,42.10871,34.75397,35.22787,37.44765,35.84976,26.89098,27.33398,27.98895,26.01895,25.01271,24.60732,24.53520,23.46543,23.03282,23.49475,21.45839,21.92209,23.06357,21.60651,20.38360,19.88405,18.30983,18.85114,20.16719,15.66988,27.49711,25.73195,13.38642,14.88527,6.61938,24.69191,22.97852,4.79251,4.45477,8.48163,10.83435,5.02077,1.75000,4.85161,8.65379,8.51036,4.59089,0.77500,4.34123,0.00000,4.52500,8.47500,4.34346,4.19076,2.75692,5.47066,3.99414,24.45206,23.07289,10.60310,12.72677,11.95345,12.62431,11.50744,26.95647,25.94229,15.29126,16.00385,16.74265,18.24640,29.28759,18.76161,19.51917,43.56479,29.55700,14.21665,57.40005
58.05554,57.29381,55.18997,57.71876,56.44671,54.38301,53.62330,51.85832,51.91137,50.73574,49.95394,47.52950,50.56157,49.22934,46.23341,44.20213,44.26992,42.88231,42.70000,42.94173,43.60748,42.84890,41.96965,41.72500,41.91155,41.11518,40.92500,41.17440,42.06647,40.14738,39.13497,38.43288,37.33313,41.29419,39.88040,34.01536,34.16332,34.71852,33.20404,27.72162,26.38850,26.63664,24.91511,24.60000,25.12818,23.36136,23.02500,23.58848,24.58874,22.05376,21.45000,21.81066,20.26371,19.87500,20.52514,19.00409,18.30000,18.72144,17.16182,23.64615,21.89603,11.33151,12.15321,7.20056,20.31600,18.58267,8.26627,8.29627,4.59837,6.59640,9.21005,4.85161,1.75000,4.32030,4.02531,0.77500,4.59089,8.85794,4.52500,0.00000,3.95000,8.85903,8.58986,7.04060,9.46282,4.89745,20.02380,18.69923,7.85064,9.38616,14.79926,15.34621,11.85129,23.01523,22.14285,17.60556,18.22790,15.15002,16.09536,25.70627,20.69133,21.38063,44.04384,29.69256,14.49638,58.05554
58.90659,58.15600,55.55556,56.50671,55.31931,55.29418,54.54716,51.75348,51.61185,51.71122,50.94439,47.95353,49.17342,47.93249,47.11776,44.07908,43.91831,42.70000,42.88231,43.53780,44.57724,43.83544,42.57700,41.91155,41.72500,40.92500,41.11518,41.79332,43.07094,41.01128,40.09715,39.45227,37.87149,39.58235,38.26802,33.85532,33.70645,32.66387,31.24905,29.00971,26.18188,26.04809,24.60000,24.91511,26.22052,23.02500,23.36136,24.74886,26.15342,23.29073,21.81066,21.45000,19.87500,20.26371,21.84883,20.42659,18.72144,18.30000,19.25521,20.51081,18.79977,10.84162,10.80246,9.60914,16.56178,14.80914,11.89144,12.04422,3.20663,3.53624,13.05153,8.65379,4.32030,1.75000,0.77500,4.02531,8.51036,12.80549,8.47500,3.95000,0.00000,12.80625,12.50362,10.93995,13.23112,8.02948,16.20201,14.95514,7.12531,7.55596,17.85926,18.31506,13.45142,19.78012,19.08666,20.24576,20.78921,14.78718,15.10143,22.85531,22.97969,23.60225,44.83272,30.36669,15.83138,58.90659
57.50240,56.72778,55.79193,61.63236,60.20636,53.75599,52.98144,53.55803,54.02743,50.03330,49.23384,48.16348,54.93109,53.44121,45.85153,46.11795,46.66731,44.96054,43.99923,43.31397,43.10000,42.32500,42.34644,43.04461,44.02676,43.26194,42.26202,41.55071,41.52500,39.99756,38.79280,37.98291,38.02959,46.45387,44.88542,36.35798,37.10748,40.64466,38.99517,27.19565,29.24159,30.21925,28.08630,26.52023,25.27599,26.69402,25.04103,23.71932,23.63771,22.16525,23.57424,25.32316,23.97740,22.12234,20.61435,19.06740,20.68846,22.66120,15.79377,31.51941,29.75317,16.57832,18.41502,8.93060,28.99884,27.29452,4.60285,3.73940,12.70600,15.12564,2.95000,4.82992,9.10741,12.97931,12.85382,8.92766,4.48177,0.77500,4.34346,8.85903,12.80625,0.00000,1.06800,2.19146,2.95000,6.61154,28.65214,27.22419,13.91869,16.28412,10.01764,10.78060,12.41131,30.71731,29.59156,13.72190,14.49038,18.85419,20.73628,32.72682,17.42086,18.21665,43.94329,30.46302,15.62666,57.50240
58.51451,57.74004,56.75038,62.35284,60.94026,54.76920,53.99484,54.44955,54.89072,51.04743,50.24818,49.11452,55.60039,54.12506,46.85000,46.98730,47.50228,45.81693,44.90697,44.27432,44.10159,43.32662,43.30552,43.94987,44.87924,44.11107,43.16516,42.50892,42.52665,40.98028,39.78304,38.97705,38.96557,47.02596,45.47319,37.18055,37.88328,41.11102,39.47635,28.17557,30.00352,30.91976,28.81633,27.34640,26.21493,27.40367,25.85355,24.65366,24.62825,23.09426,24.37105,26.00967,24.63750,22.90090,21.53713,19.98281,21.44564,23.29100,16.76909,31.63702,29.87073,17.00827,18.74143,9.50638,28.86192,27.14130,5.45854,4.61979,12.67017,15.01876,3.96776,5.05223,9.04147,12.81808,12.61393,8.74964,4.50923,1.81418,4.19076,8.58986,12.50362,1.06800,0.00000,1.57500,1.98573,5.82049,28.15179,26.69018,13.12710,15.53868,9.11935,9.87323,11.35149,29.99635,28.83609,12.79062,13.55473,17.85277,19.77173,31.90961,16.47257,17.26574,44.92762,31.38011,16.43649,58.51451
58.59353,57.82011,56.62431,61.66227,60.27467,54.85505,54.08191,54.12934,54.49946,51.13952,50.34174,48.96880,54.82483,53.37456,46.87647,46.61586,47.04961,45.41511,44.63653,44.16257,44.14309,43.36886,43.19035,43.67351,44.46896,43.69357,42.88375,42.39158,42.56969,40.95000,39.78255,38.99271,38.78173,46.10640,44.57725,36.71001,37.31411,40.05591,38.44090,28.15250,29.41841,30.21971,28.17308,26.90000,26.06052,26.72645,25.38091,24.48941,24.65302,22.91884,23.86907,25.29516,23.88196,22.36595,21.34892,19.77980,20.87343,22.49028,16.76792,30.25327,28.48827,15.95347,17.56248,8.72228,27.33807,25.61192,5.33819,4.61553,11.21450,13.51897,4.40511,3.94501,7.58502,11.29801,11.06585,7.23468,3.22044,2.63688,2.75692,7.04060,10.93995,2.19146,1.57500,0.00000,2.75772,4.42549,26.58726,25.13337,11.72828,14.09433,9.62149,10.33882,10.70342,28.53315,27.40147,13.15335,13.89753,16.85091,18.65799,30.53821,16.75578,17.53614,44.90000,31.15153,15.99578,58.59353
60.45106,59.67640,58.72727,64.26607,62.86228,56.70438,55.92978,56.43448,56.87107,52.98144,52.18192,51.09394,57.47802,56.01375,48.80144,48.96908,49.47487,47.79584,46.89270,46.25032,46.05000,45.27500,45.28202,45.93559,46.85718,46.08813,45.15084,44.48574,44.47500,42.94430,41.74154,40.93234,40.94866,48.82402,47.28585,39.14946,39.83168,42.80804,41.18969,30.14118,31.94629,32.82557,30.74154,29.31766,28.19713,29.31690,27.82019,26.63675,26.58630,25.07819,26.33178,27.90842,26.51868,24.85404,23.52182,21.96812,23.38899,25.15080,18.73688,32.91577,31.15295,18.70216,20.31903,11.35872,29.75945,28.01719,7.44354,6.60535,13.82353,16.03909,5.90000,6.68697,10.21433,13.77861,13.44826,9.76412,5.97673,3.72500,5.47066,9.46282,13.23112,2.95000,1.98573,2.75772,0.00000,5.71402,28.37539,26.84774,12.76333,15.26974,7.13727,7.88900,9.88411,29.70670,28.46091,10.80524,11.56984,16.71438,18.78039,31.35734,14.49038,15.28435,46.89056,33.36549,18.40489,60.45106
61.28259,60.51345,58.85000,62.33561,61.02935,57.56893,56.80067,55.87933,56.06031,53.87809,53.08604,51.17500,55.25561,53.89170,49.48733,48.26469,48.47724,46.98949,46.55669,46.47109,46.79842,46.02929,45.49578,45.58397,46.02592,45.23567,44.78591,44.69615,45.23556,43.46208,42.36734,41.61744,40.95000,46.09821,44.66034,38.15770,38.47938,39.59354,38.06633,30.77768,30.62280,31.07214,29.22555,28.52446,28.41871,27.70037,26.95966,26.84774,27.42091,25.27727,25.39611,26.18110,24.66882,23.83407,23.70741,22.13827,22.27386,23.16490,19.62869,28.39521,26.65823,15.95872,16.98656,10.22500,24.54231,22.78109,8.71328,8.25140,9.47945,11.26022,8.49588,5.66927,6.33818,8.98109,8.41936,5.51345,4.72930,7.03602,3.99414,4.89745,8.02948,6.61154,5.82049,4.42549,5.71402,0.00000,22.66412,21.13377,7.31249,9.72137,9.94362,10.46667,7.67500,24.18363,23.01561,12.71566,13.34827,12.79846,14.41885,26.11556,15.87218,16.58090,47.39858,33.27500,17.90000,61.28259
68.59414,67.89873,63.80552,58.87500,58.09635,65.26903,64.58282,58.57058,57.74925,61.98994,61.29236,56.69588,51.20000,50.42460,57.29398,51.23683,50.29852,49.74299,51.11568,53.01853,55.10250,54.43940,52.13997,50.21579,48.81781,48.06015,49.47955,51.43128,53.75805,51.39815,50.80390,50.34775,47.49826,40.95000,40.20586,41.65792,40.54874,33.27500,32.53814,41.18969,34.71092,33.41759,33.03824,35.07096,38.15905,31.65728,33.77322,36.96987,39.13862,35.81048,32.50000,30.29526,28.95485,31.25429,34.68388,33.59335,30.03952,27.63919,33.68220,17.92500,17.19727,22.29828,20.37745,25.19073,10.25000,9.58035,28.08427,28.24483,17.89169,15.53094,29.22555,24.83728,20.49244,16.77774,16.43649,20.21400,24.60805,28.77461,24.45206,20.02380,16.20201,28.65214,28.15179,26.58726,28.37539,22.66412,0.00000,1.75535,16.35008,13.87525,30.70864,30.86189,23.67041,7.67500,8.59553,31.62014,31.86034,19.11474,17.13595,12.20000,32.92584,33.25404,54.82483,40.91611,29.37197,68.59414
68.62115,67.91718,63.99481,59.67079,58.85000,65.25169,64.55599,58.90659,58.15678,61.92508,61.21663,56.80421,51.99886,51.17500,57.22815,51.50525,50.64820,50.01701,51.26116,53.02383,54.98455,54.30896,52.13161,50.34886,49.08160,48.31525,49.60210,51.41075,53.61439,51.28398,50.64632,50.16383,47.46084,41.75472,40.95000,41.79846,40.78788,34.08641,33.27500,40.79026,34.70851,33.53044,33.02736,34.88282,37.77311,31.60733,33.54144,36.53799,38.61480,35.32992,32.22121,30.20267,28.81563,30.92484,34.15176,33.00671,29.65546,27.44888,32.90616,18.76621,17.90000,21.75438,19.97506,24.15358,11.13693,10.22500,26.84404,26.96638,16.85990,14.59713,27.90907,23.53844,19.27074,15.66385,15.24830,18.93451,23.26397,27.37500,23.07289,18.69923,14.95514,27.22419,26.69018,25.13337,26.84774,21.13377,1.75535,0.00000,14.68269,12.18611,29.02095,29.16248,21.94005,7.07747,7.67500,29.88671,30.12080,17.37047,15.41827,11.53305,31.17242,31.49921,54.77373,40.72687,28.69549,68.62115
65.67900,64.92196,62.53871,63.51262,62.35240,62.03129,61.27661,58.85000,58.73039,58.40882,57.63255,54.91107,56.12384,54.91933,53.86402,51.17500,51.03874,49.80361,49.91255,50.42271,51.27260,50.52020,49.45600,48.93979,48.82869,48.02875,48.14170,48.66638,49.74425,47.76280,46.79237,46.11276,44.77432,46.40121,45.14262,40.95000,40.82971,39.29699,37.95962,35.47835,33.27500,33.17315,31.70568,31.87652,32.81335,30.13097,30.31069,31.29443,32.40581,29.78134,28.74587,28.55630,26.98167,27.18222,28.27501,26.77659,25.61996,25.40709,25.01106,26.07773,24.48543,17.92500,17.90749,15.05093,20.60734,18.87937,15.31147,15.05367,10.25000,10.36846,15.55514,11.84644,9.46282,8.87032,7.89782,8.55793,11.13693,14.30789,10.60310,7.85064,7.12531,13.91869,13.12710,11.72828,12.76333,7.31249,16.35008,14.68269,0.00000,2.55783,14.37439,14.56387,7.80741,16.94368,15.72389,15.63044,15.98769,7.67500,8.27757,18.81343,17.59521,18.08953,51.62773,37.19732,22.22189,65.67900
66.46214,65.71176,63.05285,63.10785,62.00227,62.84999,62.10276,59.10503,58.87500,59.26500,58.49736,55.46826,55.63778,54.49333,54.67361,51.43825,51.17500,50.03801,50.34690,51.08035,52.13025,51.38738,50.12117,49.37875,49.06377,48.26441,48.58457,49.33894,50.62157,48.56709,47.64962,47.00070,45.41093,45.76735,44.57753,41.22893,40.95000,38.50663,37.24464,36.51004,33.57198,33.27500,31.95954,32.44102,33.75145,30.38763,30.89362,32.26695,33.57196,30.79145,29.34915,28.81605,27.24487,27.80810,29.32629,27.87312,26.27109,25.67416,26.40650,24.74703,23.22964,18.30350,17.92500,16.48190,18.81382,17.13011,17.30842,17.13135,10.75663,10.25000,17.73654,13.80518,10.80336,9.25770,8.30711,10.00078,13.18659,16.62733,12.72677,9.38616,7.55596,16.28412,15.53868,14.09433,15.26974,9.72137,13.87525,12.18611,2.55783,0.00000,16.83547,16.98842,9.94576,14.46429,13.30754,17.87794,18.18258,7.89798,7.67500,16.56087,19.58089,20.01827,52.38778,37.92075,23.28100,66.46214
67.32502,66.55002,65.78182,71.27735,69.89428,63.57500,62.80000,63.56651,64.00829,59.85000,59.05000,58.16383,64.40606,62.96960,55.74343,56.10621,56.60606,54.93262,54.01535,53.30308,52.98144,52.20691,52.33759,53.05993,53.99344,53.22378,52.27654,51.54322,51.40740,49.94287,48.71746,47.89562,48.04298,55.55856,54.05993,46.27646,46.92484,49.29078,47.72002,37.15589,39.03180,39.83693,37.79435,36.44829,35.28916,36.34716,34.94540,33.73467,33.57582,32.18218,33.44915,34.91104,33.48740,31.96046,30.63198,29.08445,30.48045,32.07792,25.77518,38.32325,36.59154,25.31514,26.65514,18.33988,34.13112,32.36483,14.57706,13.73172,19.39744,21.18893,12.92945,13.48416,16.06100,18.91800,18.31506,15.34621,12.62431,10.78060,11.95345,14.79926,17.85926,10.01764,9.11935,9.62149,7.13727,9.94362,30.70864,29.02095,14.37439,16.83547,0.00000,0.77500,7.61618,30.23956,28.73191,3.75000,4.52500,14.73690,17.23532,30.86714,7.47500,8.27500,53.88240,40.48057,25.53401,67.32502
68.10002,67.32502,66.55179,71.98023,70.60214,64.35000,63.57500,64.32263,64.75717,60.62500,59.82500,58.93240,65.09175,63.66102,56.51783,56.85693,57.34754,55.68003,54.77528,54.07302,53.75599,52.98144,53.10730,53.81931,54.73987,53.96937,53.03544,52.31276,52.18192,50.71569,49.49101,48.66950,48.80857,56.21086,54.71912,47.01560,47.65067,49.90584,48.34264,37.92770,39.75601,40.54295,38.51014,37.19000,36.05472,37.05797,35.68414,34.49935,34.34854,32.94584,34.18452,35.61624,34.18626,32.69198,31.39447,29.84557,31.20755,32.76959,26.54507,38.80581,37.07991,25.96388,27.26634,19.04929,34.50009,32.73478,15.33175,14.48898,19.94069,21.68020,13.69713,14.17826,16.64801,19.41884,18.79177,15.91212,13.30648,11.54516,12.62431,15.34621,18.31506,10.78060,9.87323,10.33882,7.88900,10.46667,30.86189,29.16248,14.56387,16.98842,0.77500,0.00000,7.53562,30.19885,28.66811,2.97500,3.75000,14.51768,17.03916,30.71329,6.70000,7.50000,54.65552,41.24231,26.27558,68.10002
68.90664,68.13627,66.52500,69.54197,68.28366,65.18580,64.41604,63.50851,63.64670,61.48720,60.69330,58.85000,62.33561,61.02935,57.12374,55.87933,56.03564,54.58870,54.21659,54.14310,54.42431,53.65363,53.16778,53.24326,53.62213,52.82928,52.44469,52.36805,52.85823,51.11275,50.00516,49.24688,48.62500,52.91742,51.55442,45.73921,45.97454,46.09821,44.66034,38.39722,38.15770,38.47938,36.71799,36.16245,36.07910,35.17403,34.59371,34.50657,34.99826,32.93427,33.02557,33.63295,32.09517,31.45811,31.36225,29.79054,29.89144,30.56118,27.15467,33.58664,31.93988,23.18000,23.83495,17.90000,28.39521,26.65823,15.89459,15.26127,15.95872,16.98656,15.09273,13.24656,13.54633,14.96632,14.11559,12.60010,12.27724,13.10458,11.50744,11.85129,13.45142,12.41131,11.35149,10.70342,9.88411,7.67500,23.67041,21.94005,7.80741,9.94576,7.61618,7.53562,0.00000,22.66412,21.13377,7.95338,8.23700,7.31249,9.72137,23.26753,9.81405,10.34580,55.05287,40.95000,25.57500,68.90664
75.56458,74.85447,71.03294,66.55000,65.76886,72.16185,71.45860,65.98199,65.23343,68.79579,68.07776,63.80552,58.87500,58.09635,64.10153,58.57058,57.72495,57.08378,58.28384,59.95964,61.81002,61.12238,59.05763,57.36595,56.14628,55.37802,56.61424,58.32772,60.41477,58.11721,57.43553,56.92469,54.36776,48.62500,47.87591,48.82344,47.84847,40.95000,40.20586,47.28585,41.65792,40.54874,39.97353,41.66930,44.29979,38.52746,40.28415,42.99945,44.91195,41.71806,38.91344,37.09189,35.66809,37.55875,40.45739,39.21946,36.22189,34.25753,38.71513,25.60000,24.84996,28.14472,26.59102,29.37197,17.92500,17.19727,31.26856,31.22293,22.29828,20.37745,31.96910,27.79391,23.99064,20.90701,20.26826,23.43608,27.31667,31.02390,26.95647,23.01523,19.78012,30.71731,29.99635,28.53315,29.70670,24.18363,7.67500,7.07747,16.94368,14.46429,30.23956,30.19885,22.66412,0.00000,1.75535,30.22716,30.28255,16.35008,13.87525,4.52500,30.67215,30.82565,61.66227,47.49826,34.76583,75.56458
75.66775,74.95060,71.28650,67.34342,66.52500,72.22857,71.51757,66.37012,65.68509,68.82383,68.09699,63.99481,59.67079,58.85000,64.13550,58.90659,58.13232,57.42639,58.51321,60.06343,61.80122,61.10365,59.15089,57.58586,56.48120,55.70643,56.82615,58.41154,60.38556,58.11870,57.39992,56.86678,54.44443,49.42510,48.62500,49.06478,48.17492,41.75472,40.95000,47.06488,41.79846,40.78788,40.11310,41.65412,44.10286,38.64067,40.23812,42.76802,44.58980,41.45003,38.83437,37.17665,35.72207,37.44424,40.15057,38.87149,36.06932,34.27814,38.19794,26.42198,25.57500,27.92958,26.50927,28.69549,18.76621,17.90000,30.35615,30.26851,21.75438,19.97506,30.96293,26.86196,23.21353,20.31903,19.62272,22.60655,26.33919,29.92977,25.94229,22.14285,19.08666,29.59156,28.83609,27.40147,28.46091,23.01561,8.59553,7.67500,15.72389,13.30754,28.73191,28.66811,21.13377,1.75535,0.00000,28.61748,28.65503,14.68269,12.18611,4.06732,28.98768,29.12878,61.71329,47.46084,34.36973,75.66775
71.07502,70.30002,69.50853,74.69161,73.33202,67.32500,66.55000,67.22918,67.63735,63.60000,62.80000,61.88422,67.74181,66.33236,59.49069,59.74451,60.20171,58.55579,57.69615,57.02987,56.72936,55.95477,56.06334,56.73827,57.61221,56.83877,55.95276,55.26824,55.15520,53.68289,52.46085,51.64049,51.75003,58.74258,57.27653,49.86304,50.45050,52.30637,50.77167,40.89159,42.55269,43.27506,41.27773,40.04892,38.99696,39.80881,38.53318,37.43866,37.31569,35.88182,37.02240,38.34831,36.89724,35.51720,34.32664,32.77335,34.01831,35.45674,29.50292,40.74213,39.04088,28.51283,29.68369,21.81401,36.03638,34.28075,18.24461,17.41041,22.15453,23.70724,16.65032,16.90813,19.02677,21.49309,20.78921,18.22790,16.00385,14.49038,15.29126,17.60556,20.24576,13.72190,12.79062,13.15335,10.80524,12.71566,31.62014,29.88671,15.63044,17.87794,3.75000,2.97500,7.95338,30.22716,28.61748,0.00000,0.77500,14.04640,16.60365,30.30005,3.72500,4.52500,57.62379,44.17071,29.13843,71.07502
71.85002,71.07502,70.27902,75.40120,74.04627,68.10000,67.32500,67.98732,68.38898,64.37500,63.57500,62.65354,68.43655,67.03246,60.26517,60.49812,60.94713,59.30654,58.45794,57.80044,57.50397,56.72936,56.83373,57.49961,58.36215,57.58803,56.71372,56.03849,55.92978,54.45600,53.23460,52.41453,52.51691,59.40885,57.94929,50.60723,51.18311,52.94129,51.41387,41.66396,43.28514,43.99197,42.00335,40.79640,39.76422,40.53061,39.27844,38.20527,38.08884,36.64769,37.76515,39.06586,37.61001,36.25711,35.09167,33.53741,34.75502,36.16416,30.27401,41.26685,39.57250,29.19008,30.32970,22.54303,36.46582,34.71406,19.00658,18.17431,22.75975,24.26739,17.42086,17.63230,19.67311,22.06731,21.34697,18.86155,16.72199,15.25953,16.00385,18.22790,20.78921,14.49038,13.55473,13.89753,11.56984,13.34827,31.86034,30.12080,15.98769,18.18258,4.52500,3.75000,8.23700,30.28255,28.65503,0.77500,0.00000,14.02500,16.57621,30.23956,2.95000,3.75000,58.39714,44.93457,29.88781,71.85002
73.19647,72.43588,70.17667,70.96219,69.83782,69.52921,68.77032,66.52500,66.39898,65.88506,65.10362,62.53871,63.51262,62.35240,61.37492,58.85000,58.70541,57.47813,57.57255,58.01539,58.75556,57.99767,57.04617,56.59923,56.50319,55.70323,55.80065,56.25394,57.21582,55.28352,54.28143,53.58221,52.37987,53.66287,52.46514,48.62500,48.49209,46.40121,45.14262,42.86276,40.95000,40.82971,39.37957,39.51725,40.27675,37.80476,37.94816,38.73843,39.68036,37.20318,36.37957,36.22997,34.65519,34.81156,35.67139,34.14354,33.24422,33.08044,32.07906,32.45374,30.99118,25.60000,25.52768,22.22189,26.07773,24.48543,21.50769,21.04415,17.92500,17.90749,21.18952,18.30550,16.86114,16.53589,15.56157,15.90676,17.43038,19.45154,16.74265,15.15002,14.78718,18.85419,17.85277,16.85091,16.71438,12.79846,19.11474,17.37047,7.67500,7.89798,14.73690,14.51768,7.31249,16.35008,14.68269,14.04640,14.02500,0.00000,2.55783,16.27031,14.33189,14.51768,59.16957,44.77432,29.64634,73.19647
73.92076,73.16557,70.65698,70.62188,69.54747,70.28243,69.52954,66.77371,66.55000,66.66829,65.89371,63.05285,63.10785,62.00227,62.11136,59.10503,58.85000,57.70796,57.97599,58.61406,59.53124,58.78072,57.65042,57.00614,56.73352,55.93400,56.21050,56.86379,58.00666,56.00728,55.05001,54.37649,52.95407,53.14462,52.00924,48.89154,48.62500,45.76735,44.57753,43.75564,41.22893,40.95000,39.62301,40.01238,41.08201,38.05000,38.45530,39.56704,40.67604,38.05695,36.89974,36.47716,34.90451,35.34590,36.55233,35.05390,33.79402,33.33209,33.22478,31.44332,30.05999,25.92571,25.60000,23.28100,24.74703,23.22964,23.03889,22.64500,18.30350,17.92500,22.90607,19.70803,17.73515,16.83829,15.87026,16.81881,18.88764,21.28814,18.24640,16.09536,15.10143,20.73628,19.77173,18.65799,18.78039,14.41885,17.13595,15.41827,8.27757,7.67500,17.23532,17.03916,9.72137,13.87525,12.18611,16.60365,16.57621,2.55783,0.00000,13.71534,16.80158,16.95090,59.85955,45.41093,30.49866,73.92076
79.73485,79.01783,75.33555,71.07500,70.29265,76.29572,75.58453,70.37807,69.66538,72.88932,72.16185,68.05478,63.40000,62.61981,68.20147,62.93253,62.13172,61.45002,62.56638,64.13038,65.86368,65.16501,63.21808,61.64070,60.50726,59.73448,60.88231,62.47885,64.44562,62.18239,61.45931,60.92279,58.51175,53.15000,52.39868,53.11480,52.20268,45.47500,44.72774,51.07985,45.86260,44.83732,44.17720,45.71731,48.12705,42.70659,44.29786,46.78078,48.56317,45.44921,42.88928,41.24370,39.78936,41.49266,44.13367,42.83565,40.10926,38.34456,42.05818,30.12500,29.36726,31.95627,30.56715,32.44107,22.45000,21.70721,33.82834,33.68220,25.62874,23.93846,34.29595,30.32244,26.87936,24.16718,23.42922,26.21785,29.73762,33.12081,29.28759,25.70627,22.85531,32.72682,31.90961,30.53821,31.35734,26.11556,12.20000,11.53305,18.81343,16.56087,30.86714,30.71329,23.26753,4.52500,4.06732,30.30005,30.23956,16.27031,13.71534,0.00000,30.19075,30.22716,65.78011,51.52085,38.31230,79.73485
74.80002,74.02502,73.21275,78.11359,76.77579,71.05000,70.27500,70.87649,71.25462,67.32500,66.52500,65.58314,71.09621,69.71184,63.21329,63.37145,63.79099,62.16970,61.36071,60.73464,60.45255,59.67791,59.76726,60.40081,61.22249,60.44595,59.61357,58.97156,58.87829,57.39927,56.18016,55.36109,55.43808,61.96811,60.53249,53.44793,53.98260,55.39073,53.89031,44.60477,46.08590,46.73779,44.78053,43.65044,42.68733,43.29495,42.12503,41.12621,41.03246,39.56619,40.60340,41.81592,40.34415,39.08600,38.00740,36.45001,37.57334,38.88047,33.21078,43.33290,41.66593,31.80885,32.83981,25.34296,38.20028,36.46712,21.91535,21.08947,25.14888,26.49880,20.35697,20.42298,22.20881,24.35500,23.58263,21.35897,19.49545,18.19177,18.76161,20.69133,22.97969,17.42086,16.47257,16.75578,14.49038,15.87218,32.92584,31.17242,17.59521,19.58089,7.47500,6.70000,9.81405,30.67215,28.98768,3.72500,2.95000,14.33189,16.80158,30.19075,0.00000,0.80000,61.34127,47.84546,32.75120,74.80002
75.60002,74.82502,74.00856,78.85210,77.51879,71.85000,71.07500,71.66084,72.03291,68.12500,67.32500,66.37792,71.82138,70.44218,64.01282,64.15186,64.56385,62.94753,62.14866,61.53061,61.25219,60.47754,60.56307,61.18838,61.99962,61.22249,60.40081,59.76726,59.67791,58.19756,56.97903,56.16022,56.23079,62.66806,61.23873,54.22030,54.74451,56.06330,54.57001,45.40248,46.84859,47.48664,45.53742,44.42658,43.48066,44.04876,42.89940,41.91903,41.83088,40.35843,41.37579,42.56632,41.09076,39.85619,38.79900,37.24088,38.34105,39.62286,34.00758,43.91060,42.25127,32.52880,33.53287,26.10796,38.69601,36.96878,22.70600,21.88163,25.81678,27.12759,21.15387,21.18722,22.91356,24.99932,24.21530,22.05551,20.25617,18.98791,19.51917,21.38063,23.60225,18.21665,17.26574,17.53614,15.28435,16.58090,33.25404,31.49921,18.08953,20.01827,8.27500,7.50000,10.34580,30.82565,29.12878,4.52500,3.75000,14.51768,16.95090,30.22716,0.80000,0.00000,62.13977,48.63567,33.53030,75.60002
14.07680,13.33100,12.19108,28.53315,26.77277,10.52527,9.80577,13.15770,15.13425,7.17361,6.50697,5.42846,26.58726,24.93598,2.50662,10.26612,12.80549,10.87945,6.94622,2.48244,2.10772,2.50662,2.96500,7.12465,10.99423,11.15137,7.36482,3.50303,3.07297,3.95000,5.18327,6.04038,7.33161,27.33807,26.04412,14.07782,16.15124,30.25327,29.29306,16.75420,20.13003,21.70174,21.79295,20.12014,18.98317,23.17214,21.60638,20.55179,20.30902,22.12133,23.10438,24.57489,25.99737,24.61200,23.69159,25.26244,26.12757,27.43652,28.16067,40.05591,39.65648,34.24497,35.27897,37.21442,46.10640,45.89380,39.57678,40.35744,41.63154,42.52226,40.99640,41.81750,42.31634,43.13682,44.08115,43.27858,42.79096,43.16906,43.56479,44.04384,44.83272,43.94329,44.92762,44.90000,46.89056,47.39858,54.82483,54.77373,51.62773,52.38778,53.88240,54.65552,55.05287,61.66227,61.71329,57.62379,58.39714,59.16957,59.85955,65.78011,61.34127,62.13977,0.00000,14.46939,29.58860,14.07680
28.54607,27.79885,25.57500,33.58664,31.93988,24.96128,24.22346,23.15601,23.83495,21.43901,20.69182,17.90000,28.39521,26.65823,16.79170,15.93589,16.96541,14.96632,13.54633,13.24917,14.35516,13.64734,12.27724,12.60010,14.11559,13.43019,11.82719,11.48262,12.92478,10.70342,9.93972,9.43706,7.67500,23.67041,21.94005,7.80741,9.94576,22.66412,21.13377,4.97154,7.31249,9.72137,8.64093,5.84621,5.30625,9.62601,7.22305,6.79343,7.99660,8.31302,8.66765,10.75247,11.98050,10.15111,9.85003,11.39742,11.65861,13.28197,14.87973,27.81807,27.04548,19.79747,20.95501,23.05000,32.87329,32.41213,25.93021,26.76035,27.16414,28.07371,27.57065,27.80901,27.95305,28.66811,29.61372,28.92205,28.78286,29.70206,29.55700,29.69256,30.36669,30.46302,31.38011,31.15153,33.36549,33.27500,40.91611,40.72687,37.19732,37.92075,40.48057,41.24231,40.95000,47.49826,47.46084,44.17071,44.93457,44.77432,45.41093,51.52085,47.84546,48.63567,14.46939,0.00000,15.37500,28.54607
43.57099,42.80769,40.95000,46.11999,44.66034,39.89118,39.13037,38.15770,38.50368,36.23987,35.45769,33.27500,39.61404,38.06633,31.74973,30.62280,31.07214,29.41959,28.72325,28.58431,29.11344,28.35385,27.60926,27.75434,28.47439,27.70037,26.95966,26.81028,27.57065,25.67533,24.64399,23.93713,23.05000,31.75035,30.08872,20.74464,21.49773,26.93424,25.19118,13.25804,13.66933,14.89071,12.63378,10.91444,10.63500,11.36555,9.41744,9.09210,10.32527,7.56245,7.95063,10.18332,9.12062,6.53438,6.05609,4.59599,5.21009,8.22390,4.68141,22.66325,21.13377,7.30107,9.71227,7.67500,24.17488,23.01561,11.02571,11.89435,12.77693,14.39939,12.92478,12.47600,12.79385,14.28881,15.14268,13.74093,13.44549,14.90774,14.21665,14.49638,15.83138,15.62666,16.43649,15.99578,18.40489,17.90000,29.37197,28.69549,22.22189,23.28100,25.53401,26.27558,25.57500,34.76583,34.36973,29.13843,29.88781,29.64634,30.49866,38.31230,32.75120,33.53030,29.58860,15.37500,0.00000,43.57099
0,0,0,0,0,0,0,0,0,0,0,0,0,0,0,0,0,0,0,0,0,0,0,0,0,0,0,0,0,0,0,0,0,0,0,0,0,0,0,0,0,0,0,0,0,0,0,0,0,0,0,0,0,0,0,0,0,0,0,0,0,0,0,0,0,0,0,0,0,0,0,0,0,0,0,0,0,0,0,0,0,0,0,0,0,0,0,0,0,0,0,0,0,0,0,0,0,0,0,0,0,0,0,0,0,0